{
	"model_params": {
		"input_dim": 10,
		"units_per_layer": [
			20,
			20,
			2
		],
		"acts": [
			"tanh",
			"tanh",
			"identity"
		],
		"init_type": "uniform",
		"batch_size": 100,
		"decay_rate": 0.95,
		"decay_steps": 500,
		"epochs": 150,
		"lambd": 0,
		"limit_step": 500,
		"limits": [
			-0.001,
			0.001
		],
		"loss": "squared",
		"lr": 0.01,
		"lr_decay": null,
		"metr": "euclidean",
		"momentum": 0.6,
		"reg_type": "l2",
		"staircase": false
	},
	"train_params": [],
	"weights": [
		[
			[
				0.0001481767873478682,
				0.0007049792872264307,
				0.0005984025142986755,
				-0.000769190443385182,
				0.0007639051278314044,
				-0.0006857116333425177,
				-0.0006429509598476749,
				0.0006839778471985126,
				8.741032317455461e-05,
				-0.0009769387597893082,
				0.0002581909806530058,
				0.000992470556630321,
				-0.0006137226742342803,
				-0.0008456413016445001,
				-0.0009415041969241269,
				-0.0005037698114647842,
				-6.467457121554234e-05,
				0.00037520758558466064,
				-0.0006739740717618594,
				-0.0001254280381444324
			],
			[
				0.0009201303799362532,
				-0.0001968942672535938,
				-6.744323430459259e-05,
				0.0002798405132359977,
				0.0004953168061454449,
				0.0009165929098181003,
				0.00025972267438944055,
				-0.00014955719852818784,
				-1.6556031464070968e-07,
				-0.00032470356852740535,
				0.0007313456988971773,
				0.000998020214375596,
				0.0006371302988085145,
				0.00013197691783725586,
				0.0006021750543490105,
				0.0002152433993564424,
				0.0008728342789535279,
				-0.0005527138221872972,
				-0.0001878221596691565,
				-0.0003389615797161656
			],
			[
				0.00011579277412083989,
				0.0005696548516638828,
				-0.0008405394023523096,
				0.0008568719864363813,
				-0.0009698779550428023,
				0.0008616140678417449,
				0.00031405043230794787,
				0.0009580986706413616,
				-0.0008527512230477208,
				-0.0007843972623044644,
				-0.0003445983638226251,
				0.0002359721420903372,
				0.0003019947708928711,
				-0.0006430130372003344,
				-0.000980430634650194,
				8.963140431695314e-05,
				0.00036611679084204733,
				-0.0008679732914715115,
				0.00044521249453440557,
				-0.0007194326827504396
			],
			[
				7.23185850367966e-05,
				-0.0003341954700014847,
				0.0006924988276842394,
				0.0005492969785115566,
				-0.0002106602427232769,
				-0.0009535557467498192,
				-0.00042601260837920197,
				0.0005934678620295201,
				-0.00017169848365373227,
				-0.000582598015283325,
				0.0009716770515460094,
				-0.00016683346491267478,
				0.0003268442170828421,
				-0.0009613834652103144,
				-0.0008537113162002201,
				-6.714404625589277e-05,
				0.0006009331847876124,
				0.0003645751632095793,
				-0.000418283781237778,
				0.0006549997365647088
			],
			[
				-0.00025117880789403847,
				0.0007385037047934627,
				-0.000934553222762498,
				-0.0009701292278445333,
				0.00096832656467266,
				0.00031716171566237967,
				-0.0009024356187179623,
				0.0008663461408564717,
				0.0006651219968776413,
				-0.0008873420539816346,
				-0.0006162619830077234,
				0.0003510291964082342,
				-0.00028856525339472313,
				-0.00014952464660454167,
				-0.00084041879596831,
				0.000792182078188343,
				-0.0001638522790428145,
				-0.0007575242081258078,
				0.0005834089218272639,
				0.0006377864407739054
			],
			[
				0.00016916209836755698,
				0.0007667063057525472,
				0.0008256843605305743,
				9.896631686879924e-05,
				0.000530200862979547,
				0.0006598522935070007,
				-0.00020522914334328464,
				-0.00036201026198540555,
				-0.0009002049806099775,
				-9.744323149188697e-05,
				0.0003897769583258027,
				0.0009261146423846247,
				-0.0006602736465187037,
				0.0005090345237286525,
				0.0007973669545282905,
				-0.0006031599116054725,
				-0.000709421488506332,
				0.0009884207528489141,
				-0.000389508075012124,
				0.0001063205514112201
			],
			[
				-8.806607694442905e-05,
				0.00011257380433765717,
				-0.000918816099817691,
				0.0009637663724746193,
				0.000977966816198072,
				0.00041819071461413515,
				0.0008021632516891817,
				-0.0002090339006310327,
				0.0008704234551284134,
				-7.871760128184957e-05,
				-0.0007791561423669002,
				0.000634606821120833,
				9.119804899229526e-05,
				-0.00034616361791258354,
				0.0001932085523090861,
				-4.979994540063278e-05,
				-0.0003192235995428263,
				-6.529908941653418e-05,
				0.0005784271012144577,
				0.00022076074127993627
			],
			[
				0.0005107817547835411,
				0.0006444251765130601,
				-7.336039379219272e-05,
				0.00012655579046645334,
				0.0005745852908394498,
				0.0001563160105168891,
				3.5171538889170774e-05,
				-0.000533028053194065,
				-0.0009253311127149469,
				-0.0002805512245630384,
				0.0004030226035311056,
				0.0006870571887194689,
				-0.0005243259546244232,
				0.00010021731672987247,
				0.00040776949160265864,
				0.00019382367381512054,
				0.00022480404950256925,
				-0.0005594324725836648,
				-0.00043313561469871106,
				-4.516399957028481e-05
			],
			[
				-0.0009893465348157799,
				-0.0002888762664950004,
				0.0007950137520602062,
				0.0009689302454439887,
				-0.00042446358616256914,
				0.0009351147946174399,
				-0.00010682696668320665,
				0.0009295055788198045,
				0.00048462983332446205,
				0.0007461272172415798,
				-0.0009197184418130684,
				0.0006359330083983324,
				-0.0003223507538739572,
				-0.0008785518229853635,
				0.0003842403490598883,
				-0.0002625881271037933,
				-0.00015671457128563855,
				-0.0008831409106960985,
				0.00025442101366228605,
				0.0009746495480176579
			],
			[
				0.0008097297785362194,
				0.0008924531481898899,
				-0.000669622560743179,
				-0.0003302796397462749,
				0.0005839385288398118,
				0.00055211413537485,
				0.0004815526068132241,
				0.0004530117397184841,
				-0.0007964224459375136,
				-0.0001070142909776621,
				0.0006385475088492131,
				0.00019356036368247862,
				0.0007974828700305966,
				-0.0009670570886432833,
				-0.0005509446116845878,
				0.000726383349064478,
				0.0009477123672394642,
				0.0006879089542269768,
				0.0009787736162433294,
				-0.0002612310812907646
			]
		],
		[
			[
				-0.0009218655830494542,
				-0.0001274291185431629,
				-0.0005935155569166775,
				0.0009632157748176566,
				-0.0005154770618008484,
				0.0008717539576494138,
				0.00012066979103090864,
				2.981408254360495e-05,
				0.0003753690733717572,
				-0.00046781541591006475,
				0.0003005031510488292,
				-0.0004905820094201932,
				-0.0003105849501878479,
				9.805395535246344e-05,
				0.000576346353284231,
				0.00023553446502734597,
				-0.00030565899541825357,
				-0.0003378806589399816,
				0.00020754337814497077,
				-0.00031835482399720117
			],
			[
				0.0002558403228480966,
				0.0001480652891558661,
				0.0006461672401097346,
				0.0006622251826862496,
				0.0004957154880435408,
				0.0009054808135287322,
				0.00026731404224843744,
				-3.7859124181459825e-05,
				0.0006799650620967607,
				-0.00014114215539993058,
				0.0007069728836819195,
				-0.00047757979649686337,
				-0.000990722672903739,
				-2.743852209999482e-05,
				-8.569159631854157e-05,
				-0.0002434762634001673,
				-0.00045427766712642767,
				-0.0007048608616550564,
				-0.00039773262402627556,
				0.0004951621094160378
			],
			[
				-0.0004846577532567018,
				-0.0007112424213053142,
				-0.00028864703839246646,
				-0.0003233251794936376,
				0.0006315385373691278,
				0.0004726846941567602,
				0.0001139152132897843,
				0.0004672030094812656,
				0.0007509129584867412,
				0.00048607258969451755,
				0.00018586027789313205,
				0.0002412796813822302,
				-0.00038534784134783707,
				-0.0005156895799258614,
				0.0004175392001123056,
				-2.0203885954442726e-05,
				0.000460755886817731,
				5.7007577129353617e-05,
				0.0006723394642037769,
				0.000809019946010946
			],
			[
				-0.0009277058344586676,
				-0.0006563871926439759,
				0.00023253193325605361,
				-0.00042213328271110083,
				-0.00023527818437633896,
				-0.000713196485639565,
