{
	"model_params": {
		"input_dim": 10,
		"units_per_layer": [
			20,
			20,
			2
		],
		"acts": [
			"tanh",
			"tanh",
			"identity"
		],
		"init_type": "uniform",
		"batch_size": 100,
		"decay_rate": 0.95,
		"decay_steps": 500,
		"epochs": 150,
		"lambd": 0,
		"limit_step": 500,
		"limits": [
			-0.001,
			0.001
		],
		"loss": "squared",
		"lr": 0.01,
		"lr_decay": null,
		"metr": "euclidean",
		"momentum": 0.6,
		"reg_type": "l2",
		"staircase": false
	},
	"train_params": [],
	"weights": [
		[
			[
				0.0001461172712871855,
				0.0005569552462540758,
				-0.0008715145088070205,
				6.14276742832104e-05,
				-0.00023778067902252228,
				0.0007852823379580411,
				-0.000992083931538727,
				0.000951406026652345,
				1.682657081516245e-05,
				-0.0006670007578340693,
				-0.0002868228891021882,
				-0.0008827771303907787,
				-0.00018869817763477,
				-0.0007094517343218336,
				0.0003661345426650361,
				-0.0009576652900151286,
				9.093364848039923e-05,
				0.0007163899459274356,
				-0.0002052013127106818,
				0.00047845176960679796
			],
			[
				-0.00027584249490896905,
				0.00018140466896839373,
				-0.0007733301271560797,
				0.0007484915258523166,
				-0.0002777714797071631,
				7.11772937091377e-05,
				0.0008157033431328117,
				0.0003091475659135121,
				0.0003633307397593764,
				0.0005336776045332776,
				0.0005595405344405195,
				-0.0009820763074133642,
				0.0006697891183746587,
				-0.0003903570666750418,
				-0.0006209789172182867,
				-0.0007919217039350599,
				-0.00026325938076204,
				0.0009676875687319435,
				0.0005466550078069804,
				0.0006744012014457551
			],
			[
				0.0004487294951410121,
				-0.0009329791730841681,
				0.0008431105932126676,
				-0.0007701528232260274,
				-0.0005283376717715334,
				-0.00026716086415340715,
				0.0004389359038625188,
				-0.0009762012144407395,
				-0.0006596113323974733,
				-0.0007952250571370294,
				-0.0007032863152680834,
				-0.00038695840714955394,
				0.00017377931370821478,
				-0.0004123951921587828,
				0.0002762166370944535,
				0.00031574864215034464,
				0.000620714354986015,
				0.000507775150886782,
				-0.00016740448092626313,
				0.00043253061677099927
			],
			[
				-0.0002190034097645379,
				0.0007795706994811133,
				-0.0007293798315782889,
				-1.1063420510868923e-05,
				-0.0004815778258229937,
				-0.0003551825718891257,
				0.0005229850788597834,
				0.0006849725784675647,
				-0.0007820520170099899,
				0.000824529219158505,
				-0.0004817672705234868,
				0.0002684904136172979,
				0.0009888626732722844,
				0.0006941286027517697,
				0.0005522199474563274,
				0.0008527255998632898,
				-0.0005873981199600631,
				-0.00047874761992232557,
				-0.0008919161371648599,
				-0.0008880591949297769
			],
			[
				-0.0009122505396626088,
				0.00021507830378377293,
				0.0005698302403324789,
				-0.0003904445840232771,
				0.0008599530842068955,
				-0.000894696084428692,
				0.0008081420542709493,
				0.0004675703857077208,
				-0.0006807928573433537,
				4.007878988089141e-05,
				0.0004295377583866742,
				-0.000946580822179423,
				-0.0007640649771608113,
				-0.00013905825729827552,
				-0.000993175161978125,
				0.0009043742949611197,
				0.0007879321586185407,
				-0.0006864015473632531,
				-0.0008000418506078086,
				-0.000578758476405348
			],
			[
				-0.0009863458286112424,
				0.00047148940568427617,
				0.00011508244306620793,
				0.000595176208885551,
				0.0009552368912767203,
				-0.000766475896687939,
				-2.671360075738008e-05,
				0.0005158405377321147,
				-0.0006392099207397828,
				9.47552927112016e-05,
				-0.0009472742538026276,
				-0.00047911698382687004,
				-0.0004907981848911311,
				7.387694320691108e-05,
				0.0006548407491731856,
				-0.0006180514278952489,
				0.0001431037729152933,
				-0.0009391414744820895,
				0.0007865489558327356,
				-0.0009730154480125701
			],
			[
				0.0001486753086670288,
				4.4969079796731894e-05,
				0.0008678089813946453,
				0.0006906375243169094,
				-0.00037336580855873707,
				0.0009927074181159045,
				-0.00046479754324032683,
				-0.0005697443546502401,
				0.000198151954516046,
				0.0006975771484042468,
				0.00033579041530677864,
				6.153495872634465e-06,
				9.191763774303021e-05,
				-0.0005527118716461285,
				0.00039863817512012585,
				-0.0008270952579354409,
				0.0009535978454371114,
				0.0009662694636892091,
				-0.00028180082269571225,
				0.00010036075417985818
			],
			[
				0.0003193036267777631,
				0.0002823573767035208,
				-0.00022610554016292133,
				0.0007617461780038306,
				0.000298794632854596,
				-0.00048286199198545646,
				0.0005122180548187171,
				0.0006188474764548283,
				0.0004610656222384436,
				0.00020095960944625292,
				0.0002598964820815085,
				-1.0143890887834642e-05,
				0.0005323170901621948,
				0.0009677032127726449,
				0.0001049788733794414,
				-0.00038623395293246193,
				0.00013112258023599294,
				-0.0008648771284705721,
				0.0008870162588942292,
				-0.0008569295327967097
			],
			[
				-0.0005252900245939459,
				-0.0006408665415211304,
				0.0008553907449947921,
				0.0002675526678991892,
				-0.0005044489776595513,
				-0.0002499975316653778,
				0.0005316435042244311,
				0.0009281882500084906,
				-0.0006640164052954605,
				-0.0008661901768643026,
				-0.0008116014234903276,
				-0.0003024196666329078,
				-0.0007224100351485144,
				-0.0009939762914251533,
				-0.00037958527508970773,
				-0.00020809552912213667,
				0.00046243642169250545,
				0.00015761264734279277,
				0.0005007876612096412,
				0.0009197222940565812
			],
			[
				-0.0006437896192953443,
				0.0006450113399195554,
				-0.000784336910788693,
				-0.0009236917828113369,
				0.0009255864417721121,
				-0.0008117037451576039,
				0.0007428808879787517,
				-0.0002119455111619775,
				0.0009884089567264486,
				-0.0009861989768396376,
				-0.0009983419615407277,
				4.8537935663858e-05,
				0.0008090689145191273,
				0.0007698800474260576,
				-0.00021194773342093703,
				0.00024239348712201767,
				-0.0003095646875244944,
				0.0008989862696680596,
				0.0005140797440387505,
				0.0006926157607728578
			]
		],
		[
			[
				0.00021671714090479256,
				-0.0003522291504833861,
				-0.0007256193429408906,
				0.000811315245135281,
				0.0005371339969116305,
				-0.0005199952929487939,
				-0.0008696630236083381,
				4.664580263671046e-05,
				0.0003296143235615909,
				0.0001549703944952838,
				-0.0005407262430421278,
				0.0009845213186258426,
				0.0003469468383699391,
				0.0005183969408374847,
				0.0005394688210181903,
				-0.00020045511080085546,
				2.2555623487023786e-06,
				0.0006897883510121386,
				0.0006358924582954566,
				-8.113734490698991e-05
			],
			[
				-0.0003658949515810717,
				-0.00020269815948218371,
				-0.0009544232891396796,
				0.0008513155190626829,
				5.606013963258081e-05,
				-7.255614054090789e-05,
				0.0004941820213355591,
				-0.00048306739836986097,
				-0.0005896733449010164,
				0.0003305850001191766,
				-2.743806287430078e-05,
				0.0003422857696067274,
				0.00034530048883975035,
				-0.0008380250344118949,
				-0.00044228321813478066,
				-0.0009685775088019975,
				0.0007297170809420438,
				-0.00020617386314097572,
				0.0002204544780559602,
				6.608653749614582e-05
			],
			[
				-0.00037464935914191446,
				-3.9678028781805303e-05,
				0.0008045213201968676,
				0.0006432572625628932,
				-0.0008973512238461541,
				-0.0001640765267968689,
				0.0009325635262181326,
				0.0002627423707029402,
				-0.0006228357742873,
				-0.0004948889114875992,
				-0.00020746158442573343,
				-0.00034251701624220395,
				0.0005299325632936148,
				0.00016930633930610983,
				7.282699864997653e-05,
				-0.000727315619142404,
				0.00024178818232296353,
				0.0007271929070371476,
				0.0004737586680638561,
				-0.0003753267731364876
			],
			[
				-0.0003941369647352406,
				0.0005295854908775955,
				-0.0005720633113164144,
				-0.0009672937592342097,
				0.0003659801860000857,
				-0.00041197682235753535,
