{
	"model_params": {
		"input_dim": 10,
		"units_per_layer": [
			20,
			20,
			2
		],
		"acts": [
			"tanh",
			"tanh",
			"identity"
		],
		"init_type": "uniform",
		"batch_size": 100,
		"decay_rate": 0.95,
		"decay_steps": 500,
		"epochs": 150,
		"lambd": 0,
		"limit_step": 500,
		"limits": [
			-0.001,
			0.001
		],
		"loss": "squared",
		"lr": 0.01,
		"lr_decay": null,
		"metr": "euclidean",
		"momentum": 0.6,
		"reg_type": "l2",
		"staircase": false
	},
	"train_params": [],
	"weights": [
		[
			[
				9.206551557616044e-05,
				-0.000525969493921847,
				-0.0005326869367581986,
				0.0005500190524833164,
				0.00021099162406990122,
				0.0003921490299631028,
				0.0005384933618403313,
				0.00017092846382790912,
				-0.00014011889142504018,
				7.200344569084573e-05,
				-0.00011229066052354853,
				0.0009350272220838582,
				0.0005127359654203756,
				0.0008547264440281464,
				0.0003208006023707891,
				0.0003589410600539518,
				-0.0008558284569657932,
				0.0007691769273193872,
				-0.0002529516291567409,
				0.0001006658817815061
			],
			[
				-0.0007225985581982646,
				-0.0003553807207795803,
				-0.0007298778029552147,
				-0.000808490064593731,
				-0.00029230203702488406,
				-0.0007822449684990822,
				-0.00011107289874577521,
				0.0005348565690633594,
				-0.0004274918382221484,
				0.0002118272206225256,
				0.0008574961190248916,
				-0.0005479706507148199,
				5.565990279723346e-05,
				-0.0008085844862912757,
				-0.0009405656696460709,
				0.0007729805393101846,
				-0.0005938855972909103,
				5.2876823967371424e-05,
				0.00035106339555092793,
				0.0009205930349242583
			],
			[
				0.0006577887093893477,
				-0.0006042047329458411,
				-0.0003064030823605164,
				5.0113190460920973e-05,
				-0.000933611691227952,
				0.00020744139000744284,
				-0.000609000231739596,
				0.0009174130791171596,
				-0.0005807049452556938,
				0.0007661398914037411,
				-0.0008692104373588506,
				-0.0008958578695375888,
				-0.0006000661534401724,
				8.388726940454939e-05,
				0.0005232299464541443,
				-2.726825964715501e-05,
				-0.0009233573063649885,
				-0.000341949358094229,
				0.00040033648015192803,
				5.097642975817793e-05
			],
			[
				-0.0005482668971776271,
				-0.0009916198502548236,
				-0.0006369380782232919,
				-0.0007909608544283544,
				0.00019259438126463784,
				-0.0006972186184809074,
				0.0007726250152923317,
				-0.000106424178376801,
				-2.4772873655886513e-05,
				-0.0002014688934325533,
				-0.0005647686543965554,
				-5.382304787798352e-05,
				-6.62044109064182e-05,
				0.0005595765476458551,
				-0.0003779450295720104,
				0.0005502304000332414,
				0.00022927796076637136,
				0.0007835587474494213,
				0.0006436102632696227,
				-0.00010622992765804478
			],
			[
				-0.0007185290253695284,
				0.0006898351771578977,
				-0.0009102233651178798,
				-0.0005155688207708362,
				-0.00036231686926838764,
				-0.00048667357117011627,
				-3.8526917337455445e-05,
				-0.00013504187983191395,
				0.0005368849209660797,
				0.0007377682237276165,
				-0.0006125371533371387,
				0.0006003081100200555,
				7.808570515793929e-05,
				-0.000310509320813928,
				0.0006064314938808778,
				-0.0009561273547205356,
				0.00022875953601863967,
				0.0001151532323165525,
				-0.0008309387940904065,
				-8.80478668937244e-05
			],
			[
				0.00022774666717497827,
				0.0005116141335706598,
				0.00036214339691389183,
				-0.000940880430372141,
				2.020067967965604e-06,
				0.0001676663433088667,
				8.466349201810466e-05,
				0.0006427239119446313,
				-0.0004571537678247046,
				-0.0004062375962785909,
				-0.0003921967172002066,
				0.0002575566535651106,
				2.9511551758972356e-05,
				-0.0009034386483798647,
				-3.448442841789913e-05,
				-0.0004990956870180068,
				0.0007139455016605103,
				0.0009829450793552132,
				0.0004861067670478283,
				0.00011985337712581653
			],
			[
				-0.000554763716842404,
				0.000629246044726054,
				-0.0002958375579695363,
				0.0004158032060628718,
				0.00023978452285655953,
				0.0007052580471037864,
				0.0006138135379203139,
				-0.0004035732888848049,
				0.0007235191422805881,
				0.00040560454209152895,
				-0.000606955352745664,
				-0.00014652755922648167,
				-0.0006910399573274988,
				-0.00035928949515213256,
				-1.61515239823066e-05,
				0.00012724974288675305,
				-0.00025886332295609656,
				0.00016837108230708222,
				0.000858973681972206,
				-0.0004800511559767258
			],
			[
				-0.0003179228858800876,
				0.00044551852256840825,
				-0.0005094226165455174,
				-0.00023629133576672694,
				-0.000534442186526217,
				-0.00019850492404138232,
				-0.00023623552174545967,
				-8.177143070607954e-05,
				0.0007904788818627584,
				-0.00023466194168176235,
				-0.0004116225358136798,
				0.0006256685387799246,
				-0.000208986398441855,
				0.0007322538968553981,
				0.000265901578552835,
				-0.0007197657064780765,
				0.0009796656819741883,
				-0.0009790175476575866,
				0.0005997529698678083,
				-0.0001625248778564756
			],
			[
				-0.0005875976688652388,
				-0.000866572569178603,
				-7.677202360146596e-05,
				0.0001702204691142635,
				0.00096665300186362,
				0.0009592267310640206,
				-0.0007949714108502788,
				-0.0005056559993367195,
				-0.0006501017985611132,
				0.00014424134201687232,
				0.0008003768076618979,
				-0.0006747912073469151,
				0.0002635838769862082,
				0.0004686624834043436,
				-0.0005078357110251344,
				-0.0002618257667676995,
				0.0007512030706568773,
				-0.000333980422467012,
				-0.00025942247959154143,
				0.0003398957754660941
			],
			[
				-0.00019839351098127156,
				0.0002868989105730881,
				-0.00023642894582338175,
				0.0006566553153951609,
				0.0009399875381876351,
				-0.0009034091011378571,
				0.0006897686626577161,
				-1.0913430558378429e-05,
				0.00011034678338089866,
				-0.0006216353349111294,
				0.0003207387367353972,
				-0.0008423660679403938,
				9.675034779795802e-05,
				0.0002497040436982168,
				-0.0006702706966294065,
				0.0006552580185970908,
				0.00045301843645856343,
				-0.00044069007371239067,
				-0.0004561381322357197,
				-0.0006169872573558424
			]
		],
		[
			[
				-0.0003382449790096622,
				0.00017879849887314741,
				-0.0002502191861601575,
				-0.0009511229641455259,
				-0.0002459078208659908,
				-2.3544437094187793e-05,
				-0.00040650565512648945,
				-0.0007992614642735199,
				0.0004413243438041172,
				0.0005428859756497302,
				-0.0005465866995851445,
				-0.0002551592132683069,
				0.0007890985799215229,
				0.0006349077588616429,
				-0.0004485820295378948,
				0.000350235255769071,
				0.0006068689117191743,
				0.0005604971697821316,
				-0.0004955402071249442,
				1.7459181379902685e-05
			],
			[
				0.0004173808486995995,
				-0.0005161242725814569,
				-0.0005323559914287699,
				0.00031300375163778116,
				0.0005736030664615283,
				0.0006511051774222604,
				-0.00040698823109931335,
				-0.0009358501237313612,
				0.0005398252752613865,
				-8.483517659539251e-05,
				0.0003651496192262605,
				0.00044693435817532595,
				0.0007738266911856925,
				0.0006376115843619748,
				0.0007213589106264847,
				-0.0008557509608162539,
				0.0008284889173158887,
				-0.00043034963587087365,
				-0.0004075175561532472,
				-0.0006253262328114247
			],
			[
				-0.00026780022308416605,
				-0.00010408799310483263,
				0.0002742694934621498,
				0.00039319313960487954,
				0.00024338127481098666,
				-0.0001477011972031326,
				-0.0006054040993591585,
				-0.000698797179420643,
				-0.0008886194969733316,
				0.00036910700039927266,
				8.917825960184445e-05,
				-4.8933547351085274e-05,
				-0.0009930587524312274,
				0.0007450680991958143,
				-4.056905462708341e-05,
				-0.0007930285426246124,
				0.0007186525756663167,
				0.00047446039303505037,
				0.0009216921930424525,
				-0.0009268960552036918
			],
			[
				-0.0006102066604825604,
				-0.0009333861455973902,
				0.00033565588638713494,
				0.00025867370054952774,
				-0.000633007755229091,
