{
	"model_params": {
		"input_dim": 10,
		"units_per_layer": [
			20,
			20,
			2
		],
		"acts": [
			"tanh",
			"tanh",
			"identity"
		],
		"init_type": "uniform",
		"batch_size": 91,
		"decay_rate": 0.95,
		"decay_steps": 500,
		"epochs": 150,
		"lambd": 0,
		"limit_step": 500,
		"limits": [
			-0.001,
			0.001
		],
		"loss": "squared",
		"lr": 0.007185958238678252,
		"lr_decay": null,
		"metr": "euclidean",
		"momentum": 0.7977428112252327,
		"reg_type": "l2",
		"staircase": false
	},
	"train_params": [],
	"weights": [
		[
			[
				0.0006776939041784876,
				-0.0006829511316599731,
				-0.0003485478315306068,
				-0.0006337871064112626,
				0.00021010783757058446,
				0.0006228037445119125,
				0.0004036073276740457,
				-0.0009749373025732204,
				-0.0003426577158821329,
				-0.0002784969240845847,
				-0.0002002843404836749,
				-0.0003260183449357672,
				0.0007681923260925286,
				-0.00016840567161043832,
				0.0007601512346849066,
				0.000799975486049394,
				0.0007143192041941329,
				-0.0005346213714719219,
				-0.0005127759877902869,
				0.0005272295159892736
			],
			[
				0.0006544447430325228,
				0.0002649048858321913,
				0.0007123377880888216,
				2.0086461260030494e-05,
				0.00022962022806524425,
				0.0008906997208418894,
				0.0006386515785001699,
				0.0009646490024349842,
				0.0009804510654311495,
				-0.0004685652251931454,
				-0.00018468174892373782,
				-0.0006726697526492536,
				0.00034045116499124774,
				0.0002508413246165642,
				0.0006297253045913121,
				0.00027342932977359596,
				-0.00012744525676433474,
				-0.00019934116535857017,
				-0.00021844442799083747,
				-2.3806214355673425e-05
			],
			[
				-0.000643178522132239,
				-0.0007670013676167862,
				-0.0005483002679429383,
				-0.0002828038107361941,
				1.5931368308440014e-05,
				0.0005396860662619711,
				0.00030232045103011497,
				0.0008333559752136132,
				-0.00026111175691759757,
				0.0009485749436483463,
				0.0004397776255581666,
				-0.0005390190919055733,
				0.0007425387519549357,
				0.0007429090368962657,
				-0.0003866670028030663,
				0.0006814611437869172,
				0.0007153482458657795,
				0.0007385286290700521,
				-0.0008126658004602959,
				-0.0006435028833270724
			],
			[
				-0.0008223053382875445,
				3.2253580974186393e-05,
				0.0007735781067891934,
				-0.0002911141797116519,
				0.00028104224979483066,
				0.0003577211084439449,
				-0.00021073596370609147,
				-0.0008258504228966965,
				0.0002764367861448462,
				-0.0009720938635635506,
				-0.0009242926267393726,
				-0.000688698680690446,
				0.0005924498444887199,
				-0.0009859743594570344,
				-0.000692851719575875,
				7.035132457997701e-05,
				0.0009649857600629494,
				-0.0009841203412606393,
				0.0009360286511160257,
				0.00011442193647563507
			],
			[
				-0.000518814838804525,
				-0.0005512035295826942,
				-0.00036550502767024654,
				-0.0005182773453564645,
				-0.0005657415937274056,
				0.0007339129063942678,
				-0.0004776268191903465,
				-0.0007194417289792576,
				-0.0003008675944049737,
				-0.00041296428379588733,
				-0.00015416409504459745,
				-0.0003565683839727576,
				-0.00096381318410578,
				-0.00010833474413236214,
				3.608610859573273e-05,
				-0.0009501576633426228,
				0.0008954041732471116,
				-7.020033644303595e-05,
				-2.0391609774417403e-05,
				-0.00022100057864759572
			],
			[
				-0.0005463278931147617,
				-0.00047272250137798055,
				0.00017016348246474467,
				-0.0004573169081329747,
				-0.0005150401629987098,
				0.00021860939064149792,
				0.00040992658069092256,
				0.0008619891220275999,
				0.00058313057115306,
				-0.0006112951866236662,
				-0.0006452682260802392,
				-0.00041768587686071945,
				-0.0008870982818795743,
				-0.0008356871349533326,
				-0.0008189559886164721,
				0.0009045959605970171,
				-0.00011919745171491952,
				-0.0003527436152824002,
				-0.00018121327008407322,
				-0.0008187616825623102
			],
			[
				0.0005423073933571759,
				0.0004584795022032186,
				0.00019627821003881016,
				-4.682069300377908e-05,
				-0.0003602531950680348,
				0.00022475794508836056,
				-0.0005092644580490435,
				-0.0008299634454098435,
				-2.551082746936231e-05,
				0.0008931898353197857,
				-0.00040041918888625804,
				-0.0006961882563115424,
				0.00013221251677849027,
				0.0005342701318815683,
				0.0009364446178709836,
				0.0008708328635047909,
				0.00016044941620293562,
				0.0004210005843991787,
				1.8541404326123754e-05,
				0.0003652279498156906
			],
			[
				0.0009233907470143985,
				0.00044328726334863077,
				-0.000758707243119922,
				-0.0003483535880756379,
				-0.00031874514578041687,
				0.0004703303389022573,
				-0.00015384936631241428,
				0.0002344087304754813,
				-8.93388348387319e-05,
				-0.0009009896818454099,
				0.00010786022452532085,
				-0.0007632259055846788,
				0.00044655940154748343,
				-0.0004391290431027965,
				-0.00022074137989893153,
				7.43159059593745e-05,
				0.00040952422864820484,
				0.00033909591281111443,
				0.00015735996831675743,
				0.000567454032248981
			],
			[
				0.0009611477277429916,
				-0.0006029377741790427,
				-0.00018080516855908924,
				-0.00034568546167083804,
				0.0004361120014013109,
				0.0007427680401213153,
				0.0008410527449247908,
				-0.0002007114534620831,
				0.0008110364138569431,
				-0.00030354326445101716,
				0.0005988334373763719,
				0.0009701802025914729,
				-0.000499300924586038,
				0.00021617314198476992,
				0.0008595708715485736,
				7.04445379326236e-05,
				-0.0008474243682162049,
				-0.00027431193029624223,
				-0.0005690478521023241,
				0.0006132329560029322
			],
			[
				-0.00015079032760327267,
				-0.0008824178070575269,
				-0.0002772955897532461,
				0.00019125712677308076,
				0.0008203105590657894,
				7.130933922931421e-05,
				-0.00037389543959154596,
				0.000669265176359768,
				-0.0008823369260488596,
				0.00029339338597928486,
				-0.0006169750396282979,
				0.0001568223226555874,
				0.0007767455620116715,
				0.00016687012688008148,
				-0.00021938955384526724,
				0.0007752131061974092,
				-0.00030581229530847497,
				-0.0005679071997797964,
				-2.5187836366027624e-05,
				0.000931554840460008
			]
		],
		[
			[
				0.0006310001255889139,
				-0.000608722969757097,
				-0.00014614666784665362,
				-0.00013648745973987044,
				-0.000950394293021146,
				-0.000660510567130372,
				0.00099427045158294,
				0.0004758212664158258,
				-0.00019176626723197733,
				-0.00016082879861929668,
				-0.0006709048532305355,
				0.0008292471909494051,
				-0.000846097359632382,
				-0.0006545526651298122,
				-0.0007760629603638844,
				0.00032731581201668404,
				0.0004479577083951339,
				0.000168889630693948,
				0.0006608307273464264,
				-9.654842466427359e-05
			],
			[
				-0.000895235232341455,
				9.912141238495797e-05,
				0.00047132034693346124,
				0.0008131633508272722,
				-0.0007015126112230054,
				-0.000401089599768623,
				0.0009325074657554884,
				0.00052821214262603,
				-0.0001714497595254683,
				-0.0007971695003997494,
				0.0006879456036504681,
				0.0007221661612230328,
				-0.0005683021313227293,
				-0.0001794860336621904,
				-0.000190564918902488,
				-0.0003434838083570137,
				-0.0006177236539122579,
				-0.00015219806676276446,
				0.00019982142081218434,
				0.0003692096096696714
			],
			[
				-9.666544367655145e-05,
				-0.00014583958959142086,
				0.00046317140516836854,
				-0.0009670023240082952,
				-0.0005478455280566954,
				0.0005999876952949693,
				0.00028243687776472186,
				-0.0008788809812469958,
				0.00024386822075470852,
				0.0002765467703478579,
				-0.0002226589482115036,
				-0.0008698296384544791,
				6.079394354998246e-05,
				-3.463429281039688e-05,
				-0.00019221616985547782,
				-0.000804012592989424,
				-0.00017713006253675936,
				-0.0003139042992516696,
				-0.0003273483515738127,
				-0.0006900807399105775
			],
			[
				-6.3792456499836e-05,
				0.0007256803627739129,
				9.863155259836167e-05,
				-0.0001453170323097088,
