{
	"model_params": {
		"input_dim": 10,
		"units_per_layer": [
			20,
			20,
			2
		],
		"acts": [
			"tanh",
			"tanh",
			"identity"
		],
		"init_type": "uniform",
		"batch_size": 100,
		"decay_rate": 0.95,
		"decay_steps": 500,
		"epochs": 150,
		"lambd": 0,
		"limit_step": 500,
		"limits": [
			-0.001,
			0.001
		],
		"loss": "squared",
		"lr": 0.01,
		"lr_decay": null,
		"metr": "euclidean",
		"momentum": 0.6,
		"reg_type": "l2",
		"staircase": false
	},
	"train_params": [],
	"weights": [
		[
			[
				-0.0005369296468318322,
				-0.00028747469584472366,
				-7.852343978551675e-05,
				0.00021414355422693233,
				-0.0002113514486473953,
				-0.0006201576416963615,
				-0.0006350626592534654,
				9.422320080043839e-05,
				0.0007330337273636087,
				-0.00047275995847513477,
				8.52185141440023e-05,
				-0.000879857357959061,
				-0.0007211795141216885,
				0.0004657319269885576,
				-0.0008775431870620926,
				-0.0007401278786148939,
				0.0002585244397847585,
				0.0009493373627122424,
				-0.000801747508594445,
				-0.0007508446853741011
			],
			[
				0.0005176404025913008,
				-0.0005789032840915969,
				-0.00032035639058705363,
				-7.034034615730584e-06,
				0.0002700644511724919,
				-4.33047107391369e-05,
				0.0009878540671814143,
				-0.000880720747042066,
				-0.0004228513574269175,
				0.0005390602722581568,
				0.0006495109690821833,
				-0.0007358209624142046,
				-4.855287002478387e-05,
				-0.000464647707230119,
				0.0007720501556888412,
				-0.000594990222757059,
				-0.0008230046489456915,
				-0.0007469562720536789,
				0.0008678382201934428,
				-0.000897804501596504
			],
			[
				-0.0008799449461741502,
				6.130114164358005e-05,
				0.0009190516195752192,
				0.00011667140208130255,
				0.0008064106142427788,
				4.9333772688380656e-05,
				0.000559718352108122,
				-0.000607184935715342,
				0.0006121725097104163,
				-0.0006631793311095116,
				0.000845384639674783,
				-0.00048397574790241696,
				-0.0001621792961170219,
				0.0008569469067390984,
				-0.000287522834664504,
				-1.8645594296248574e-05,
				0.000273348213242009,
				0.0009149352822985124,
				0.0004730267779559684,
				-0.0002120789619880195
			],
			[
				9.594817567702284e-05,
				0.0008212580570478702,
				0.0008503222057806628,
				0.00025000894380387655,
				0.00020135844164180842,
				-0.00035204766377180214,
				0.0005174403196601034,
				0.0006271728688116165,
				0.0007605839285653709,
				0.00011294858084417167,
				-0.0005464077445336095,
				-0.0001228576943838398,
				0.0007885593121429218,
				0.00034717464093656923,
				-0.00041601806544535583,
				-0.0005814011561225659,
				8.370862078903502e-05,
				1.4871706177700802e-05,
				-0.0008817454872508886,
				0.0008211499235753659
			],
			[
				-0.0008314912948421975,
				7.110069746958376e-05,
				0.000559207708862417,
				0.0007426378484877367,
				9.640861667795596e-05,
				0.0005426393948921512,
				0.0005440950831174377,
				0.0009195279843985673,
				-0.0006427561600468922,
				-0.00027631700307530855,
				-0.0006342293145711591,
				0.00040760866262960207,
				-0.0002064830232328136,
				1.769807368692095e-05,
				1.0662960851682331e-05,
				0.000641790218779267,
				0.0005436926891858348,
				-0.0004041215962168671,
				-0.000806427143534812,
				0.0007455089118255092
			],
			[
				-0.0008340928445929836,
				-0.00022826375544799272,
				-0.0008662498498783806,
				-0.0007497366353379606,
				-0.0009634436653381486,
				0.0007447832600757048,
				0.0009996730157104585,
				0.0007253832965861281,
				0.0007649040631174972,
				-0.0008394575501948225,
				-0.00024156655766684816,
				-0.0005471184862964023,
				0.000636163814397561,
				0.0005640676864097104,
				0.0004365858078399581,
				-0.0005369949686896767,
				0.0003462357931424073,
				-4.834724350042459e-05,
				-2.667309261631149e-05,
				0.0008676317576324347
			],
			[
				-0.0004687063527546001,
				6.415333498114911e-05,
				-0.0005222331824485049,
				-0.0005001440748734826,
				-0.0005000867291710889,
				0.0004182564360123307,
				0.0007843176788937833,
				7.319699204193513e-05,
				-0.0007987572084424391,
				0.0008090146931270914,
				-0.0006266054730524856,
				7.873581649985592e-05,
				-0.0002856729895104771,
				0.000928708829447341,
				-8.457686705629205e-05,
				-0.0005423472264068543,
				-0.00034651766463785047,
				-0.0009406888336888462,
				-0.0007117062809331802,
				0.000741571765151171
			],
			[
				0.0007372244891406744,
				-0.0008704841428254262,
				9.216475167459501e-05,
				-0.00034615561264627324,
				0.0004590172449702439,
				0.0004762392838761245,
				-0.00017794734317440471,
				-0.00039205151679441946,
				0.0003412577318904319,
				-0.00042357094515888894,
				-8.478473085060982e-05,
				0.0006823098135242966,
				0.00041586467619314656,
				8.159786845675235e-05,
				0.0007151070905342422,
				-0.0004273388061821091,
				-0.00023832437446944942,
				0.00021101726348768737,
				-0.00021298982578426867,
				0.00035596912396534475
			],
			[
				-0.0003688974372719402,
				0.0003421972298195313,
				-0.0006721235829404695,
				0.0009009895039835058,
				-0.00021920404412309274,
				0.0009390594969201132,
				-0.0009949647851354986,
				6.522586614057411e-05,
				-0.00036239876483647215,
				7.853827391682516e-05,
				-0.0007272497697860315,
				-0.0006048180407383788,
				-0.00053995367158519,
				0.00036504061276569025,
				0.0006704216346960733,
				-0.000286645572974108,
				0.0008112605516209246,
				-0.0006805537179959602,
				-0.0005447809188850008,
				-0.00020778734973207476
			],
			[
				-0.0008415636182065188,
				0.0008945691149976856,
				0.0008333235224910818,
				0.0001421704243922922,
				-0.0006869135804923987,
				0.0009489374332150684,
				-0.0008826994659058664,
				3.067849966810975e-05,
				0.0008296481507644837,
				-0.0005062918764739537,
				-0.0008341362443265554,
				-0.0002116554933267676,
				0.0008282793411652433,
				0.0007674087754138831,
				0.0007445362728280655,
				0.0006346007563979492,
				-0.0005465138639773362,
				0.0009240983417941112,
				-0.0005971686299955196,
				-0.0008298905512718027
			]
		],
		[
			[
				0.00021306575960436673,
				0.0005892374710043441,
				-0.0005214941201635952,
				0.0005080255416785363,
				0.0008422102924488478,
				0.0004108666203265069,
				0.0009643632845894221,
				-0.0005422420922886297,
				-0.0007242647006413211,
				0.00044592185176408976,
				0.00014418018822836783,
				-0.00039631789285618903,
				1.1126733136548406e-05,
				0.0005123159260598655,
				0.0002593476377383264,
				0.00043850280177577567,
				0.0006225180953152764,
				-0.0009732205826437586,
				-1.6100931079509944e-05,
				-0.00030327828766639334
			],
			[
				0.0009486728758022686,
				0.0007659204703350808,
				-0.00023178975436352698,
				-0.000372157547973744,
				-0.0008198987741603022,
				0.0002785582037230952,
				0.0007105574729033806,
				-0.00023371205873226413,
				0.0005992095115932971,
				0.0007429621158871772,
				0.0007822034210039754,
				0.00047127042051154137,
				0.0009653983910518841,
				0.0007920200562484742,
				-0.0008113413541048989,
				0.00025017090279188235,
				-0.0008805089508703883,
				0.0009441231008685176,
				-0.0005167608262092034,
				0.00047447756613252677
			],
			[
				0.0005146408227597187,
				0.000545566866219102,
				6.268148824883045e-05,
				-0.0004565631086400322,
				-0.0008621576031871616,
				-0.0003158055141114593,
				0.00092433239545316,
				0.00020723933502206447,
				0.0004918896234513193,
				0.0008023767480077383,
				0.0005978067312440358,
				-0.0006779074192037309,
				-0.000757148979987129,
				-0.0005870346064947203,
				-0.0006352374249955164,
				-0.0007544107953022902,
				0.0007047183174225028,
				0.0008078132804509863,
				0.0004272794236139983,
				0.0008471839473340023
			],
			[
				0.00076084927942533,
				-0.0006056952235379358,
				-0.0004885423910073806,
				-0.0006103738623979331,
				-0.00048442948858681834,
				0.0001693429509443678,
