{
	"model_params": {
		"input_dim": 10,
		"units_per_layer": [
			20,
			2
		],
		"acts": [
			"tanh",
			"identity"
		],
		"init_type": "uniform",
		"batch_size": 16,
		"decay_rate": 0.95,
		"decay_steps": 500,
		"epochs": 700,
		"lambd": 0,
		"limit_step": 500,
		"limits": [
			-0.001,
			0.001
		],
		"loss": "squared",
		"lr": 0.0021435193860245855,
		"lr_decay": null,
		"metr": "euclidean",
		"momentum": 0.6,
		"reg_type": "l2",
		"staircase": false
	},
	"train_params": [],
	"weights": [
		[
			[
				-0.0009852372254065384,
				-0.00037838390608466437,
				7.47855463801982e-05,
				-4.094496992286165e-05,
				0.0006241887823124782,
				0.0005086096913436511,
				0.0007558389674119745,
				0.0004814590161131946,
				0.00041033464476356377,
				-0.0005033053341112746,
				0.000426063373352254,
				-0.0007043773269192627,
				-0.00042626494989625387,
				0.0005555868926567043,
				-0.0008154797008787162,
				-0.00040705547083719294,
				0.0009648965833248856,
				-0.0006946264397513838,
				-0.000831335975051895,
				0.0008900598345636744
			],
			[
				0.000648323447154405,
				-0.00027120953459778543,
				-0.0005316942455920737,
				0.0009232012471870491,
				0.000869822528063374,
				0.0006835637781667037,
				0.0007359735047857555,
				-0.0005802589017413476,
				0.0009775195680459697,
				0.0006210829863148818,
				-0.0008474428256204587,
				-0.00043986299654839823,
				0.00041775259648344333,
				-0.0007350174574991789,
				-0.00043358627456612365,
				0.00038849285623183136,
				0.0001208432927886278,
				-0.0006485472755116217,
				-0.0007114225958480837,
				0.0005771758076326804
			],
			[
				0.0006810487083300548,
				0.0005789791651796454,
				0.0007668944153524856,
				-0.0004956021207535634,
				0.0008758371938491032,
				8.13352780101432e-05,
				-0.00015461005854183556,
				-0.0007812274285817552,
				0.0006660933820246185,
				0.00035318487495929413,
				-5.6799363864251835e-05,
				0.00042434907926229126,
				-0.0003424572750579054,
				7.048311155847284e-05,
				-0.0006568556655433327,
				-0.0008945911454130115,
				-0.00015254516214829113,
				0.0008822131666495741,
				6.90936908809114e-05,
				3.2366540625201976e-05
			],
			[
				0.0002665948447711213,
				-0.00026069470000903317,
				-0.000327751238309733,
				-0.0005513346876959235,
				-0.00031720486397350187,
				0.0002186702242556631,
				0.0008984811940284867,
				0.00044983230429822686,
				0.0005615636646201236,
				9.07608495301273e-05,
				-0.0009565355399341384,
				0.00036698347442777634,
				0.0005520681449524435,
				0.000968433897676813,
				-0.00047312222833668493,
				-0.00046727445719771724,
				0.0004896307361443287,
				0.0007467644879373481,
				0.0005476292534341298,
				0.0006378209643858241
			],
			[
				-4.297710654045054e-06,
				-0.0004882560509795144,
				8.373627879773278e-05,
				0.00038108031286888445,
				0.0009873706444257922,
				0.0001125749986970472,
				-0.0003385187329152028,
				0.0008622846910912915,
				-0.0009194890758379959,
				-0.0008221014182451039,
				9.358289731589914e-05,
				0.0005134705926551646,
				-0.0008829791571143076,
				-0.000254873711224157,
				0.0003216780936241238,
				0.0002009833699128567,
				-0.0008796835730838423,
				-0.0007891931394375282,
				2.4783219515541388e-05,
				-0.0003560271129682851
			],
			[
				-0.000778329620538833,
				-0.0008645668708041046,
				0.00022590673965654944,
				-0.00011001813815272009,
				0.0004806674658157043,
				-0.0006033121814075637,
				0.0006054886316241932,
				-0.0006383390852663289,
				0.0009022464353695774,
				0.0003600883078760293,
				0.0005664901177251168,
				0.0009498922228758434,
				-0.00012354751070024858,
				0.00048802151468886005,
				-0.0009403511354472738,
				0.0008761067669671998,
				0.0003913260741143839,
				0.00032826313348438834,
				0.0007858281394242256,
				0.0005515805358836457
			],
			[
				0.0003174227401842712,
				0.0009931988019407792,
				0.0005982767631877008,
				0.0007471556782052866,
				-0.0005034916789244497,
				-0.0007883758987937722,
				0.0006553307720157894,
				-0.00040803491117841564,
				0.00034307025643857915,
				-0.00014206119787705607,
				0.0008884943913897772,
				-0.00021086558654786656,
				-9.630127714574496e-05,
				0.00041672972792855165,
				0.00023103596030022333,
				0.0002885494841742926,
				-0.00036179959031797495,
				-0.00024220923935318545,
				-1.2327222326602352e-05,
				0.0007762734513785965
			],
			[
				-0.0006931075711328223,
				-0.0006107436181401102,
				0.00018593314057363227,
				0.0007456223686391119,
				0.0008218817419259265,
				-0.0003312498440592107,
				0.0004737941813657393,
				4.020972533810667e-05,
				-0.0009028065609268667,
				0.0009978192986247816,
				0.0009738164784366741,
				-0.00019209274681013212,
				0.0005649447506329093,
				0.0005456850378088448,
				-0.0006345248053301171,
				-0.0006809579219206885,
				-0.0003243862668879607,
				0.0003985628156748856,
				0.0006048637818177913,
				-0.00026703213002684145
			],
			[
				-3.7032147347827726e-06,
				0.0008862195535573221,
				0.000941887538532072,
				-0.0009414004173486887,
				-0.0003120292838860654,
				-0.0001370937349395809,
				0.00034451210427560394,
				-0.0006986946738871347,
				0.0008847125338186576,
				-0.0006107457293648549,
				0.0002779047494790041,
				-8.124019300068206e-05,
				-0.0004077546736894539,
				-2.9546297841432484e-05,
				-0.0003243020703227248,
				0.0007505523308751919,
				0.0006173559683180308,
				-0.0005552278446162959,
				0.00035895334792364147,
				-6.314166375813164e-05
			],
			[
				0.0009702448805234986,
				0.0005585391442881706,
				-0.000447347981072147,
				-3.08125562709249e-05,
				-0.000462045234317491,
				-0.0005095690367641918,
				-0.0007461219739633785,
				-0.0007024817304214304,
				0.0006718427150189776,
				-0.00020308013149174947,
				-0.0009031879098192646,
				5.8839101681179085e-05,
				0.0008232442823111221,
				0.0009760087006917694,
				0.0006951125214760619,
				0.00025709229149144795,
				0.00036677679424128545,
				-0.0007102199767326554,
				-3.819062089599858e-05,
				0.0005123901399101834
			]
		],
		[
			[
				-0.0008279798971718553,
				0.0007844009848020628
			],
			[
				0.00029523515570015766,
				0.0006387293573456858
			],
			[
				0.0008800935834344336,
				-1.1792272117044662e-05
			],
			[
				4.0723367774433625e-05,
				5.444313693893734e-05
			],
			[
				0.0009136566946072809,
				-0.0009980802392088608
			],
			[
				-8.27510823762569e-05,
				-0.00044786164183775387
			],
			[
				0.00023466318633623613,
				0.000570376369003661
			],
			[
				-0.0006414163168094356,
				-0.0002851449490123383
			],
			[
				0.0009662236321509132,
				3.0564600213668766e-05
			],
			[
				5.252077019649373e-05,
				0.00018061623935232917
			],
			[
				-0.000490756613968164,
				-0.00039141079696596416
			],
			[
				0.00019550740853717125,
				0.0009481071490398119
			],
			[
				-0.0003269670897477371,
				-0.0008559299831724539
			],
			[
				-0.0009271557487104547,
				-0.00038685281638402725
			],
			[
				-0.0005315056363118086,
				0.00018958675642822415
			],
			[
				3.0975423545873213e-06,
				0.0006948690705232791
			],
			[
				0.00011735334855047142,
				-0.0007075843682999936
			],
			[
				-0.00026563526329365626,
				0.0009513016568123431
			],
			[
				0.00015556706242246423,
				0.0007215610815723649
			],
			[
				-0.0009942277315860002,
				-0.00026131000529346787
			]
		]
	]
}