{
	"model_params": {
		"input_dim": 17,
		"units_per_layer": [
			4,
			1
		],
		"acts": [
			"leaky_relu",
			"tanh"
		],
		"init_type": "uniform",
		"limits": [
			-0.2,
			0.2
		]
	},
	"train_params": {
		"loss": "squared",
		"metr": "bin_class_acc",
		"lr": 0.5,
		"lr_decay": null,
		"limit_step": null,
		"decay_rate": null,
		"decay_steps": null,
		"staircase": true,
		"momentum": 0.9,
		"reg_type": "l2",
		"lambd": 0,
		"epochs": 100,
		"batch_size": 124
	},
	"weights": [
		[
			[
				-1.1100986931208812,
				-1.1111298485695333,
				-1.1096776167362037,
				1.668176141274409
			],
			[
				1.4095379907757035,
				0.4370176079356483,
				0.985694816095173,
				-2.161672590679872
			],
			[
				-0.158352582254788,
				0.8757333867898789,
				0.40080092676366424,
				0.4398856410906701
			],
			[
				0.7247021365066753,
				-1.2053407149683317,
				-0.41347982316858917,
				-1.7652265530941804
			],
			[
				-1.0875048245901198,
				1.0972114684226897,
				-0.14269751633986316,
				1.99208830032293
			],
			[
				0.3412782457397962,
				0.6648150006221263,
				0.5746670519440323,
				-0.44087009918593756
			],
			[
				-0.1297717627713326,
				0.1277405070929498,
				0.17385830933503746,
				0.045573560602848916
			],
			[
				-0.16178620296772625,
				0.2032175098005315,
				0.2569544416694899,
				0.04097203599795476
			],
			[
				0.0958064094485845,
				0.05986154557583311,
				-0.30455767854932164,
				0.08765760358505381
			],
			[
				0.2233136068222594,
				0.39699540533926053,
				0.45566450252547375,
				0.052891401630231705
			],
			[
				-0.04659933963933123,
				0.25294240961734826,
				0.24899273730176152,
				-0.05617133412887686
			],
			[
				0.12659639238519127,
				3.0303733082439237,
				-0.8751472160724864,
				-0.13012927851669776
			],
			[
				0.1173365690100337,
				-0.8554408466045978,
				0.7973956376344813,
				0.008316626785855258
			],
			[
				-0.13565605233760558,
				-1.1380155205056148,
				0.2265555873557372,
				0.2151073910697146
			],
			[
				-0.12786986562569655,
				-0.8841133304272767,
				0.7306091306762605,
				0.17344482702854447
			],
			[
				-0.08071408368967324,
				-0.013680183638247061,
				-0.32796950407015457,
				-0.043994802634786806
			],
			[
				0.10554783547215585,
				0.41097063030562686,
				0.5284909370917551,
				-0.06719295821070807
			]
		],
		[
			[
				-2.0405460055388374
			],
			[
				2.8640118899008744
			],
			[
				-1.531078779710299
			],
			[
				-3.346697889096894
			]
		]
	]
}