{
	"model_params": {
		"input_dim": 10,
		"units_per_layer": [
			20,
			2
		],
		"acts": [
			"tanh",
			"identity"
		],
		"init_type": "uniform",
		"batch_size": 16,
		"decay_rate": 0.95,
		"decay_steps": 500,
		"epochs": 700,
		"lambd": 0,
		"limit_step": 500,
		"limits": [
			-0.001,
			0.001
		],
		"loss": "squared",
		"lr": 0.001,
		"lr_decay": null,
		"metr": "euclidean",
		"momentum": 0.4199289601348085,
		"reg_type": "l2",
		"staircase": false
	},
	"train_params": [],
	"weights": [
		[
			[
				0.0005623859834243358,
				-0.0006174118816425678,
				-0.00047966989305531986,
				7.223152754205525e-05,
				-0.00025554126620119203,
				0.0009152419585285565,
				-0.00013552755276714508,
				-0.000498522695718322,
				0.000323584438424401,
				-0.0007152136434596941,
				-4.7497747927612824e-05,
				-3.7750632040595557e-05,
				5.7581770851260336e-05,
				-0.0009639409392999731,
				-7.916582102263092e-05,
				-0.0002054899798368694,
				0.00041695972602243526,
				0.0007080996877676523,
				-0.0006901031191804653,
				-0.00029388313139080415
			],
			[
				0.000826859662850937,
				-0.0005909962165012905,
				-0.0005337506812452826,
				-0.0002823960759329085,
				0.0003514388746979828,
				4.2301716040107646e-05,
				-0.0001637464257809413,
				-0.0008844237718227977,
				-0.0005148831424341782,
				-9.314243073461426e-05,
				-0.0005056642718636277,
				8.770350330720468e-05,
				0.0007918448303909009,
				-0.0006158639593941849,
				-0.00037452650068877324,
				-0.00024637596834879477,
				0.0003396598761001991,
				-0.000723516659396054,
				-0.0009483563203601746,
				-0.00023585967751004724
			],
			[
				-0.0005683688291008147,
				-0.00017727347070127845,
				0.0006745743699042841,
				0.00017112241804296798,
				-0.00022326859572431373,
				0.0009812518149003389,
				-0.0008102818230805555,
				0.0007583012263291931,
				-2.2669524463677683e-05,
				0.0006021844936730204,
				0.0005893364275848093,
				-0.0005549998171281076,
				0.000956389368979738,
				0.0008037111246320067,
				-0.00013920134605578324,
				0.0007382077034256695,
				0.0005171173201535732,
				0.00014626149255508826,
				-0.0002465949488095427,
				0.00016737055990242024
			],
			[
				0.0008219853719998633,
				0.00043804094100399803,
				0.000687118603318261,
				-0.00013115229775672568,
				-0.0006710080575424871,
				0.0009331263835523239,
				-0.000874912251594663,
				0.0007161623658022253,
				-0.0007004429879850871,
				-0.00031510791245334554,
				0.00035709900410579713,
				-0.0008345804847558304,
				-0.000138110242911958,
				0.0005970542104845138,
				0.0004336762853926839,
				-0.00011000199847308761,
				0.0005830480319463987,
				-0.0005386842465520956,
				-0.00022346722399731948,
				0.0002677701752081159
			],
			[
				-0.00013030854498697806,
				0.00042987427433370876,
				0.0005871448086623508,
				-0.0006540497608837046,
				0.0009690745670558523,
				0.0003674409971133989,
				-0.0005520643581656734,
				0.0003965020962776178,
				0.00045663412625444205,
				6.1514240503335055e-06,
				8.38937895450767e-05,
				0.0006888576020850482,
				-0.0007008517160568993,
				-0.0009302572836470411,
				4.7808820616225024e-05,
				-0.0009332717821885606,
				0.0005639407254255586,
				-0.0003546179882546221,
				-0.0006379728418551213,
				-0.0005077611601056837
			],
			[
				0.0004052707942945352,
				-0.0007756699866475234,
				-0.000701880514541326,
				2.7909722801844426e-05,
				0.00045751864223806294,
				-0.000683570014027346,
				-0.0009962496337925808,
				0.0009616681983267428,
				0.0003330435094345155,
				-0.000950743438372883,
				-0.00045396001682142836,
				0.00018667280476630712,
				0.00020488017348501949,
				-0.0006978430127820245,
				-0.0003485319916732483,
				0.0007073330428947117,
				0.0001540740756795771,
				0.0005282961433025601,
				-0.00034371456486349914,
				0.000683606091780769
			],
			[
				0.0007762684068948773,
				0.0009814594198635962,
				-0.0009734062873484169,
				-0.00045020887409721216,
				-0.00034836465339634765,
				-0.0002911822537484878,
				-0.0004957670036696011,
				0.0006398410766989453,
				4.843469754617466e-05,
				-0.0002914194542739081,
				-0.0006897479195034971,
				0.0007169031120589653,
				-0.0005392692120115836,
				0.0004397107366739762,
				0.0006490238261848238,
				0.0003175863608738687,
				-0.0007852311153665141,
				0.00014289384595798514,
				0.0004700898451333096,
				-0.0008192895913442719
			],
			[
				0.0007482175559467715,
				-0.0004427049312906581,
				-0.00038323620320233887,
				0.0009442612444909471,
				-0.0008262371761463727,
				-0.0007234506398666376,
				0.0009536141418987308,
				0.0007941297434911636,
				0.00018789686646839714,
				-0.0008319271359669556,
				-0.0009577019115688405,
				0.0009029492786490369,
				-0.0008190569739155012,
				-0.0008207883292133465,
				0.00044144052904272106,
				0.0008344052320770417,
				0.0005228645486288395,
				-0.0005501034579064572,
				-0.000844963356396401,
				-0.00047865068685133943
			],
			[
				0.00018631581758331251,
				-0.000725623717395911,
				-0.0004479817428200264,
				0.0003129439581659411,
				-0.0005471108750017297,
				0.0006257297940710992,
				-0.000887869289663202,
				0.00018643056865929588,
				0.0005028315823277976,
				-0.0006014598242073143,
				-0.00015450465766286392,
				-0.00039918498128164775,
				-0.0005035149567702562,
				-0.0005412862448540819,
				-4.919123453893089e-05,
				0.00021044069556319157,
				-0.0007025302535010379,
				-0.0006803519122545152,
				-0.0002955582498376135,
				-0.0007038157065044225
			],
			[
				0.0009074344268572385,
				0.0006524920102462643,
				0.0002830645824069007,
				-0.00024991145345858645,
				-0.0007417578814580777,
				-0.000980516089832123,
				0.0009753606990293463,
				0.0006296768954796173,
				-0.0007060654073538675,
				-0.00016710405314898842,
				0.0009582544080554518,
				0.00028127967947287895,
				0.0006834075378596724,
				-0.0008872525367565616,
				-0.0001060729171091199,
				-0.0005611743402878157,
				0.0004875877033782112,
				-3.179552705068179e-05,
				0.00018706957776829457,
				-0.0008167441856220943
			]
		],
		[
			[
				-2.3183075776351094e-05,
				0.0007500243172771713
			],
			[
				0.0006797050836353175,
				-8.541382089014829e-05
			],
			[
				-0.0007049473656992153,
				0.0006725761709004061
			],
			[
				-0.0005751165547510373,
				0.0008377326417694164
			],
			[
				-1.354523029816466e-05,
				0.0008732958118130634
			],
			[
				-0.0003670660324937607,
				0.0008913778365390252
			],
			[
				-0.0006401640294645379,
				0.0005794617780743698
			],
			[
				-0.0002772682755380558,
				-0.0005917355597011916
			],
			[
				-0.0007533549103454179,
				-0.00011330030264477186
			],
			[
				0.00012364514355389373,
				0.0002136994278414022
			],
			[
				0.0009374660835158185,
				-0.00018457144656620255
			],
			[
				-0.0007588625630131127,
				0.0006806868455301663
			],
			[
				-0.00034179200096600803,
				-0.0003332335270222282
			],
			[
				0.00040891986073947686,
				-0.00037005967997745385
			],
			[
				0.0006614333584991593,
				-0.0006228164836447972
			],
			[
				-0.0009763808282377777,
				-0.000828207419511173
			],
			[
				-0.0009467465304935554,
				0.0009976349537930839
			],
			[
				0.00029281636075789924,
				9.831716505923202e-05
			],
			[
				0.0008201620176151252,
				-5.135946130356214e-05
			],
			[
				0.0006033962718691602,
				0.00046703558857066115
			]
		]
	]
}