{
	"model_params": {
		"input_dim": 10,
		"units_per_layer": [
			20,
			20,
			2
		],
		"acts": [
			"leaky_relu",
			"leaky_relu",
			"identity"
		],
		"init_type": "uniform",
		"batch_size": 200,
		"decay_rate": 0.95,
		"decay_steps": 500,
		"epochs": 800,
		"lambd": 1e-05,
		"limit_step": null,
		"limits": [
			-0.001,
			0.001
		],
		"loss": "squared",
		"lr": 0.005,
		"lr_decay": "exponential",
		"metr": "euclidean",
		"momentum": 0.6,
		"reg_type": "l2",
		"staircase": true
	},
	"train_params": [],
	"weights": [
		[
			[
				-0.0005545407294005496,
				-0.0005850591941977723,
				0.0002539122610177257,
				-0.0004377154027817824,
				-0.0001472060879869903,
				-9.266389223788708e-05,
				-0.00032443705634283915,
				-0.0007841048827317414,
				0.0006543594093356825,
				0.0009162385793369827,
				0.0007059219844730172,
				0.0005339792551178949,
				-0.0009438194268387852,
				-0.0006451842860676221,
				-0.0003194755585680935,
				0.00026982098238769315,
				-0.0005922365371591223,
				0.00020304264813121977,
				7.967504611899488e-05,
				0.0007917918105585725
			],
			[
				0.0008689242812082762,
				0.00016374190214117797,
				-4.84023867014145e-05,
				0.00011027875811663425,
				0.00018664195422735206,
				0.0001115197556134798,
				0.0005420001491397792,
				-0.00028986730674373986,
				-0.0008099985145584245,
				0.000757326115113269,
				0.00034706805513061456,
				0.0003309212776953941,
				0.0007560308412959745,
				-0.00044755438696541746,
				0.0005207447467022444,
				0.00031811462514839874,
				0.00031481577195512284,
				-0.0004590891688134069,
				0.00015555318824531854,
				-0.0008769801495440362
			],
			[
				0.0006961317722481166,
				-0.0007189413039232365,
				-0.00047867083385526614,
				-0.00022460457809138454,
				0.00016102511518235473,
				0.0005501505616789882,
				-0.00019000836701094266,
				-0.00025019812213825294,
				0.00021541884111476225,
				-0.0005045154078800365,
				-0.0002687958865170095,
				-0.00032141257121064723,
				2.7558773359666246e-05,
				0.00023609800447489497,
				-0.000991325670990944,
				0.00010180926845112094,
				8.02707180887251e-06,
				-0.0002183850850950253,
				-0.000612058047188988,
				-0.00037100433679078913
			],
			[
				-0.0001741218714299943,
				-0.0007804490147042798,
				0.0006250868475477318,
				-7.316638590636334e-05,
				0.0001932202062636776,
				-0.0006322968937031517,
				-0.00039087118295967366,
				-0.0009252491127073887,
				0.0008464124332721397,
				-0.0006688544059170612,
				-0.00018705577571857335,
				-0.0006542278497387788,
				-0.00010043320093299694,
				3.4183138517675325e-06,
				1.1080090947532609e-05,
				-0.0006985048239493163,
				0.0009048199153487146,
				0.0006309044657510649,
				-0.0005651382167694108,
				-0.0007637975900982193
			],
			[
				-0.00021267517938485133,
				-0.0005378219952032928,
				0.00046543995921128137,
				0.000879627133793866,
				-8.455765327328299e-06,
				0.0002440146507934511,
				0.0007939724053453593,
				0.00030979553166263175,
				0.0008932841006114856,
				-2.3030253577752385e-05,
				-0.00018913080995935894,
				0.0002853380254469694,
				0.000521086144290377,
				-0.0008596693091139413,
				0.0007655984798076859,
				0.0003223468390620885,
				0.0003381079528913787,
				0.0005712888003350999,
				-0.00078294169915038,
				-0.0005458467489583441
			],
			[
				0.0005996490860324139,
				-0.0008222587694774943,
				0.0005207833250519722,
				-0.00023436892875865016,
				-0.0001332540976660961,
				-0.00028883823927812794,
				-5.824037031723671e-05,
				0.000690931835627273,
				-0.0007916394937116211,
				0.0009216858938370035,
				-0.0006026353646098992,
				-0.0008040708465128827,
				0.0009790869160841969,
				-0.0003577180945068077,
				0.00027489818501083606,
				-0.00015674922328634056,
				-0.0007333621563650945,
				0.0007485406347362549,
				0.0008260327157922416,
				-0.0001237821670843893
			],
			[
				0.0003422135824910318,
				0.00029085359606796754,
				0.0008848580868463642,
				-0.0006587955029517276,
				0.0005344463034407695,
				0.0005032292558082049,
				-0.0004722862377712822,
				0.00011260333724706574,
				-0.0004416961705208416,
				-0.0009021721187177263,
				-0.0007729241798424737,
				0.0009301772734431127,
				-0.0006940881432760615,
				0.0007010822781409697,
				-0.0005880082501017378,
				-0.00012761015907979708,
				0.0005540733945482647,
				0.0007582381616895091,
				-0.0007195890573038486,
				-0.0009930914731991734
			],
			[
				6.874035718441884e-05,
				0.00017157383220213962,
				0.0008345658953094091,
				-0.00072135783156594,
				-0.0004384932475983245,
				-6.979148583627576e-05,
				-0.0008688114404777671,
				0.0007059194718156512,
				-0.00019785673186853653,
				-0.0008047306434101745,
				0.0006223962796290997,
				0.00017566042135566955,
				0.0005806797163811321,
				0.00011250323209403422,
				0.0004027347207249364,
				-0.0008009555817837402,
				-0.000490960492170778,
				-0.000930025609671024,
				-0.00034860365858423094,
				-0.00013283095400168452
			],
			[
				-0.00013901618691392124,
				-0.0001126144720141511,
				0.0006395949074128851,
				0.0005749308456864612,
				0.00018398599109244597,
				0.0008892663002439125,
				0.0007762835233243964,
				-0.0004587758747651294,
				-0.0007163152302419105,
				0.00025094345202681724,
				-0.0007761883481609754,
				-0.0009545636075010294,
				0.0003566585063554408,
				0.000620455551048438,
				-0.0004122690290209865,
				0.00030112771559095324,
				-0.00017974428690532048,
				0.00024042036329030244,
				-0.0005677592064096462,
				-0.0005380256040136168
			],
			[
				0.0007776577777713629,
				0.0009876913058527166,
				-0.00038154798776879925,
				-0.0006974477180170069,
				-0.0005164420941225737,
				5.431624706503293e-06,
				-0.0009009887354898869,
				-0.00033397234056197747,
				0.0009712698251556676,
				-0.0002613133136305548,
				0.0008653513456308565,
				-0.00041362773712646183,
				-4.534758899418876e-05,
				0.00025293360135178445,
				-0.0007144300097220147,
				-0.0007192347113293178,
				-0.00040629913077252946,
				0.00038811891608844947,
				0.0009207663836645345,
				-0.0002583020466043085
			]
		],
		[
			[
				-0.0004333922162341906,
				0.000615189413347634,
				0.0005487262608244478,
				-0.00047894717113954835,
				-0.00012674826008075705,
				2.4178047475667194e-05,
				0.000650068896640865,
				0.0006210770600027415,
				-1.1171260743249398e-05,
				-0.000917257503659818,
				-0.000678438237042337,
				0.0007653963442975733,
				-3.331060566048416e-05,
				-0.0008237114575107296,
				-0.0004341537470992625,
				-0.0006164201574983463,
				-0.0007313020206410864,
				-0.0009378146678102224,
				-0.0003934554989763146,
				0.00048314750733668955
			],
			[
				0.00024405965581054544,
				-0.0009954883789398546,
				-8.888417429348048e-05,
				-0.0009058190631975611,
				0.00041823907771938403,
				0.000513073279568719,
				0.00034676667795452334,
				0.0007026873839199085,
				-0.00040264178778266226,
				-0.0005649472279161867,
				-0.0006759624909500275,
				-0.0006894134443355886,
				2.731074994807045e-05,
				0.00031232977916722604,
				-0.00016960113579410558,
				0.0007368914627457377,
				-0.0005523129090132013,
				8.22913136488536e-05,
				-0.0003994793480166565,
				0.0007060694251915163
			],
			[
				0.0004547377191224382,
				-0.00023555809830577278,
				0.00016677477351904,
				-5.552657407114747e-05,
				-0.000137339691448223,
				-0.0008537988041651303,
				0.0007211350678252601,
				-0.0009750812235702495,
				0.0006961879218987171,
				5.46818876658332e-05,
				0.0008905505800565325,
				0.0006966436327484678,
				-0.000683292449756622,
				0.0006327390702303179,
				-0.00047398130544111397,
				-0.0006054991433044991,
				-1.0244853567509173e-05,
				0.00023356193284026507,
				-0.0009668043429822981,
				0.0005771568213381211
			],
			[
				-0.000842057576304659,
				-0.0005203285627381582,
				-0.0008633945067777891,
				-0.0003061256230072022,
