{
	"model_params": {
		"input_dim": 10,
		"units_per_layer": [
			20,
			20,
			2
		],
		"acts": [
			"tanh",
			"tanh",
			"identity"
		],
		"init_type": "uniform",
		"batch_size": 91,
		"decay_rate": 0.95,
		"decay_steps": 500,
		"epochs": 150,
		"lambd": 0,
		"limit_step": 500,
		"limits": [
			-0.001,
			0.001
		],
		"loss": "squared",
		"lr": 0.007185958238678252,
		"lr_decay": null,
		"metr": "euclidean",
		"momentum": 0.7977428112252327,
		"reg_type": "l2",
		"staircase": false
	},
	"train_params": [],
	"weights": [
		[
			[
				0.0007836594737569815,
				0.0005373534520451903,
				0.00042277444870772213,
				-0.0008527674190255325,
				-0.00025906815975884406,
				-0.0009821335746117443,
				0.0009020277561649598,
				-0.00041171507237134947,
				0.0005078697254117988,
				-0.00017266211352681118,
				0.0009442799486100583,
				-0.0006866733516231985,
				0.0005890705445556015,
				-0.0009226753687464231,
				0.0001793940130166041,
				0.0008342750730503329,
				0.0009761341650478365,
				0.0005631461583189864,
				0.0007700216575813126,
				-0.00020821665794793214
			],
			[
				-3.681518554728353e-05,
				0.0003985417397733655,
				-0.0006590313603353571,
				0.0009901368616905873,
				0.0006856214288595503,
				-0.0003302005716949661,
				0.00030577523580191477,
				0.00012174575675600826,
				0.0007842934873220889,
				0.0007916337782047191,
				0.0008519983418045496,
				0.000902467387144153,
				3.3925931120308214e-05,
				0.0002836514206743636,
				4.449903177742372e-05,
				-0.0003892618112422148,
				-0.0004934704098132125,
				-0.0008783739588240815,
				0.00024039800862036805,
				-0.0005532270769679673
			],
			[
				0.00036095010154360194,
				-0.0007025140695897452,
				-0.0009110791417614193,
				-0.00036497365516547124,
				0.0002613939701066215,
				0.0007826825177749636,
				0.0006043385089815479,
				-3.4273706700448624e-06,
				0.0008977804498635285,
				-0.0006202534255935642,
				0.0003629227239369153,
				0.00040057791287084537,
				-0.0009293891974733986,
				-0.00039999494298672915,
				-0.00041499127732538767,
				4.1863075488250906e-05,
				0.0009241319700593964,
				-0.0009748969776598832,
				-0.00024931930416176404,
				-0.00025296562378109195
			],
			[
				-0.0006906634074404687,
				-0.00022671633910266854,
				0.0006880703198518666,
				0.0006103854623967884,
				-0.0005713205989606112,
				0.00018212342411319136,
				0.0004063854057444285,
				-7.645281831412509e-06,
				0.00039683930206981725,
				-0.0004594424371651655,
				-0.00022330280727860072,
				-5.944489632774669e-05,
				-0.000998725607919869,
				0.0005843680505303415,
				0.00011697675865737995,
				-0.00017860330584569507,
				-0.00034232965542022866,
				0.0007314112148525194,
				2.3000527049674103e-05,
				-5.193649927500311e-05
			],
			[
				-0.0008989847680575906,
				0.0007875073307255531,
				0.0002062454653894378,
				-0.0004954411118701758,
				-0.0006146622559396651,
				-8.942290548638729e-05,
				0.0005629392219124322,
				0.0006399901623270691,
				-0.0004282520567219348,
				-0.00033665108545175796,
				-0.0007322243612371663,
				0.0004807152203691195,
				8.006767688659242e-06,
				0.0007011118754500097,
				-0.0009423707273523978,
				-0.0004635314311105146,
				0.00038073532420008485,
				-0.0005357132953062737,
				-0.00023809551953971584,
				-8.716169034448632e-05
			],
			[
				0.0006190345868444308,
				-0.0005932229432209211,
				0.0002633063398134977,
				0.00022482120545880605,
				0.0009738503657812287,
				0.00032016396258721723,
				-3.353295927002709e-05,
				3.2469715126685764e-05,
				-0.0009144830112384816,
				-0.0001943239430317518,
				0.0005325659239669258,
				-0.0007319962209290586,
				-0.0006790525404800408,
				0.0006932371151092812,
				0.0005931652023680985,
				-0.00015200254388668052,
				-0.0005043748855826786,
				0.0002535336486796573,
				-0.00035373621422830827,
				-0.0003685954751297924
			],
			[
				-0.00022949003414455334,
				-0.00018656365361960185,
				0.0003718660789946086,
				-0.00046837761185533893,
				-0.00020088049857719013,
				0.0006710436115086593,
				0.0005022861182105219,
				-0.00029100218318873594,
				0.0008234029093802113,
				0.00014749753797674054,
				0.0004872626861204461,
				0.00028550304406586933,
				0.00038188808904950143,
				0.0009529644118997684,
				-0.0005896785245577427,
				-0.0008994314129992452,
				-0.00023074177326055543,
				0.0009965067338595338,
				0.0007387318997444372,
				-0.00063682414223775
			],
			[
				0.00011366622032381703,
				-0.0003400272878347916,
				0.0005443851276468142,
				-0.000454574175644757,
				0.0004019489706440476,
				0.0007240446544130063,
				-0.0008578358229921044,
				0.0009898750927106203,
				-0.00040413612924133685,
				-0.00020602674861233217,
				0.0007649621204968815,
				0.0007379149868265995,
				-0.000735177175451089,
				0.0004885272376044202,
				0.0003438577050265965,
				-0.00022221009701341241,
				-0.0007636322231509302,
				0.00045317173492624837,
				-0.000796133662668697,
				-0.000164824249052326
			],
			[
				0.00043721174463802557,
				-0.0006465974658671856,
				0.0008881776387730709,
				0.0005025655324985996,
				-0.0006125663204142192,
				0.0008462610223800321,
				0.00037852304946423736,
				-0.0005795324221243466,
				-0.0001810355183764316,
				-4.243636933813893e-05,
				-0.00012714654058269218,
				5.149423818095393e-05,
				-0.0003541239777635634,
				-0.0005032729988648588,
				0.00029618080593342747,
				1.1692695763044396e-05,
				-0.0008128176053459468,
				-0.0002810952289474105,
				-0.00045188004709269096,
				-0.0004538146036045747
			],
			[
				0.000683483353917839,
				0.00023635497294672582,
				0.0007265575820837469,
				0.000562218315733105,
				-0.0003086947365913862,
				-0.0009376904780475195,
				0.00030418703985271383,
				0.0009243521819601943,
				-3.325550040872362e-05,
				1.7955111524339947e-05,
				0.00026812599530441085,
				0.0005875173909615189,
				0.0006301356117276824,
				-0.0006796902959243425,
				-0.000588515353545715,
				-0.0005308018172921741,
				-0.0003611526140504109,
				-0.0008303169765759981,
				0.00011710512944125475,
				-0.0006483342747008223
			]
		],
		[
			[
				0.00016510202771734934,
				0.00041330724269005286,
				-0.00014743782819528302,
				-0.0009057171351367988,
				-0.0006089665713408237,
				-0.0005447726919717204,
				-0.00019620743330708715,
				0.0009443382516210823,
				0.0007151771378727083,
				-0.0007806311569517928,
				-0.00040689046580375313,
				0.000508709707627286,
				0.0008140553362371357,
				-0.0001125480811193445,
				4.873947987515167e-06,
				0.0002553004025230615,
				-0.0007664904410593085,
				0.0008041664489810715,
				0.00021535490190302,
				0.00016257454931037862
			],
			[
				0.0007982304123713281,
				0.0007982323909992055,
				0.00034214433510239154,
				-9.859208869012902e-05,
				7.335302516454792e-05,
				-0.0008932853576141915,
				0.00025138397762380547,
				0.00014268944927698355,
				0.0003655734242537258,
				0.00016423180530764428,
				-0.0008525487209033083,
				-0.00035038605778421486,
				0.0009707690862357258,
				-0.0002207977013869071,
				-0.0007541211240509642,
				-0.00013922264747619954,
				-7.458327319897215e-05,
				0.0004927558649599555,
				-0.0009254318618028766,
				-0.00041681883438739816
			],
			[
				-0.0001498787659352408,
				5.008469236863068e-05,
				9.041377927165471e-06,
				-0.0007588871970821312,
				0.00046616551129277563,
				-0.0004301455746745839,
				-6.81498421470372e-05,
				3.3577333928738306e-06,
				0.000739448245571609,
				-0.0009610766365668067,
				-0.00048441669141846663,
				-0.0002693789366461166,
				-0.00014100622935642453,
				0.0005382036049970962,
				-0.00021486404455810985,
				0.0008794619245115253,
				-0.0004906935837382897,
				9.85023538319996e-05,
				-0.0006687911249657643,
				-0.0005786389457262384
			],
			[
				0.0008398783391046919,
				-0.00010428158766423315,
				-0.0008538680760140114,
				-0.0008434546856475998,
