{
	"model_params": {
		"input_dim": 10,
		"units_per_layer": [
			20,
			20,
			2
		],
		"acts": [
			"tanh",
			"tanh",
			"identity"
		],
		"init_type": "uniform",
		"batch_size": 91,
		"decay_rate": 0.95,
		"decay_steps": 500,
		"epochs": 150,
		"lambd": 0,
		"limit_step": 500,
		"limits": [
			-0.001,
			0.001
		],
		"loss": "squared",
		"lr": 0.007185958238678252,
		"lr_decay": null,
		"metr": "euclidean",
		"momentum": 0.7977428112252327,
		"reg_type": "l2",
		"staircase": false
	},
	"train_params": [],
	"weights": [
		[
			[
				-0.0003384842398851251,
				-0.00047241662538576935,
				0.00045129495272820436,
				-0.000148888227638843,
				0.0008857773971799672,
				0.000604320317231529,
				6.281186297785201e-05,
				0.0003997871021179805,
				6.119647922666e-06,
				-0.00013462819147423623,
				-0.00027802002093568073,
				0.00041521929910073646,
				0.0002709690400338825,
				-0.0007760457585583268,
				-9.506439311559385e-05,
				0.0004850123412905357,
				-0.00018186270538108197,
				0.0008270729212188032,
				-0.0001136616385418183,
				2.2100665526440973e-05
			],
			[
				-0.0007324926000669187,
				-0.0005059503206447475,
				0.0005079647616974591,
				0.0004151239249005302,
				0.0002643148418517312,
				0.0006681763063166024,
				-0.0006571662046864537,
				0.00033844988122455513,
				0.00015518282759650654,
				-0.0006231550008728304,
				-0.0005899659324250727,
				9.307255398216595e-05,
				-0.000556628640405148,
				0.0008092654986273594,
				-0.0007383851026070689,
				-0.0004940271276298172,
				-0.0001206727167287671,
				0.00027677169531682916,
				-7.460118498420058e-05,
				-0.0008876301347511296
			],
			[
				0.0001633773036085423,
				-0.0008490483417197579,
				0.0007415429014893098,
				-0.0006892035231596935,
				-0.0005039614315968446,
				-0.000548623977909386,
				-0.00093446902572551,
				0.00048655121297523857,
				0.0008742267102589483,
				-0.0006721522159341871,
				5.054613869488289e-05,
				0.00030035636205213165,
				0.0008630803607761451,
				-0.00022360804686242304,
				0.0006664225839523707,
				0.0008054470081992453,
				6.940045501320014e-05,
				0.00040574957630867673,
				0.0009248021845236697,
				-0.00020190191844088258
			],
			[
				-8.30384883720403e-05,
				0.00014339633304505102,
				-0.000177502167139576,
				-0.0002959146667470356,
				-0.0009733527704400394,
				-0.0001902531265320777,
				0.00030445142761240736,
				-1.5141730296717396e-06,
				-0.0002347862447501756,
				0.0009272126343555964,
				0.0008323691752676961,
				0.0002872032357124094,
				-0.0002750240060699239,
				0.000592301972689424,
				-0.0007947285600390044,
				9.994850264705905e-05,
				6.48150465246849e-06,
				8.892767961377035e-05,
				5.0250186735893406e-05,
				0.0009250700247516064
			],
			[
				1.8136559690573595e-05,
				0.000956603234462798,
				-0.0003180733923463597,
				0.0004259263136359116,
				-0.0003513089863493331,
				-0.0006292100460974282,
				-0.0005179492464661502,
				-0.00026166786099367006,
				0.000551930368275025,
				-0.000808181683974778,
				1.4836537460840649e-05,
				0.0001571943788096807,
				0.0007823846972771361,
				-0.0007580142769935261,
				0.0005093781238033794,
				2.0598629601326296e-05,
				-0.00026365414047014983,
				-0.0008627469631519469,
				0.0005853232981607014,
				0.0003494917561854241
			],
			[
				0.0007076765776099527,
				-0.00030188650446090406,
				-0.0009096789759238482,
				5.828497448553743e-06,
				-0.00051600434392971,
				0.0005147235619735561,
				0.0005045398952625484,
				0.0009755994000396292,
				0.0001286411545922486,
				0.0006358318802533543,
				0.0007063098038329035,
				0.0003320064000056288,
				-0.0003043704821786759,
				-0.0008304185095266012,
				-0.0008606302446701815,
				-0.00012807336971395892,
				-0.0001888166539867509,
				0.0009880855101895474,
				0.0003769628919796143,
				-2.159713033442743e-05
			],
			[
				-0.0008946737075808724,
				-0.0009991201095889623,
				-0.0008017115537666874,
				-0.0003992424562752104,
				0.00027012576238266304,
				0.00031073793456998407,
				3.488750352506772e-05,
				0.0009567900232460209,
				-0.000729068371664181,
				-0.000527108500854647,
				0.00043352470757138757,
				0.000152425217578276,
				0.00018206801202732452,
				0.0006091719743180845,
				0.0007968006334921306,
				-0.0006318097235704667,
				0.00034950650280857936,
				-0.00021928116205424762,
				0.0007474474295205682,
				-0.00031904247014659544
			],
			[
				-0.00043188431179863173,
				1.28289909900037e-05,
				0.0004901780175495291,
				0.00011342599134708917,
				-0.0006105587190504012,
				-0.00032116866717151946,
				-0.00016678120184415507,
				0.0006335555589035789,
				-0.0005655924853100647,
				-0.0009805061385364027,
				-0.000526006137309496,
				-0.0008096261568957874,
				-0.0005425331728742438,
				-0.0005429850870313589,
				-2.6780949365596564e-05,
				0.000492712091099612,
				-0.0003901826285657193,
				-0.00038162524668004165,
				0.000424038158092365,
				0.0008802743155553654
			],
			[
				-0.0009532716269029494,
				-0.00038688733634546454,
				0.0007424595015782056,
				-0.000589754771076484,
				0.000547197221239125,
				-0.0009784804324038609,
				7.045132925815266e-05,
				0.0005448297048419658,
				0.0008266096592753575,
				9.858143333847116e-05,
				-0.0007397302511453687,
				-8.548026303758019e-05,
				-0.0007046393756091192,
				-0.00015953348669938338,
				0.0005240863608424486,
				0.00038424565745559655,
				0.00031016537995188077,
				-0.0007209024386900929,
				0.0002267991983693914,
				0.0006019107134514691
			],
			[
				0.0005868244812374146,
				-0.0007976803652675888,
				0.0005696787671457661,
				-0.00022828560374713524,
				-0.0007137979536813869,
				5.1366388930437724e-05,
				-0.0002891929348100402,
				0.0003894312780992179,
				0.0006633528714089793,
				-0.0004574680910852349,
				-0.000710300769904429,
				0.0008076511540363745,
				0.00042371785456225505,
				0.000669730185765937,
				-0.0008601133520349728,
				-0.00016412999527035718,
				0.0001590326606088746,
				-0.0009886467562801025,
				0.0008157297400632451,
				-0.00014084978908807686
			]
		],
		[
			[
				-9.67042333958109e-07,
				-0.00037520109981000903,
				-6.658413797987531e-05,
				-0.0008709234562415546,
				-0.0009533366632728469,
				-0.00019435437534278408,
				-0.0009323534129239715,
				7.669934011453328e-07,
				-0.00042972469817389915,
				0.00046580029408569,
				-0.0002807084888361291,
				8.757489983215669e-05,
				-0.0006879725234876877,
				-0.00059751180094459,
				3.4359909113835727e-05,
				-0.0008330686434136767,
				0.000618470208896822,
				0.0007936199884640131,
				0.00019833009093906317,
				-0.0002769029569654227
			],
			[
				-0.0009265814591257806,
				0.00011702297625280455,
				-0.0006013937324783847,
				7.494934540678666e-05,
				-0.0004754406969465283,
				-0.0007136100601519348,
				0.0006555965590373278,
				-3.31343977502019e-05,
				-0.00047323404718142164,
				0.0005307062961609355,
				1.7020460996908585e-05,
				-0.0006549403421164397,
				7.855925548877658e-05,
				-0.0003426086067744278,
				-0.0004912383506953045,
				-0.00045572421655449397,
				0.0005495577360727334,
				-0.00013320087615545395,
				0.0008607619653200852,
				-0.0002004935890024224
			],
			[
				-0.0007260814835647164,
				-0.0004899951587311597,
				-0.0002185276601341619,
				0.0009641261435671491,
				0.00020551774692595696,
				0.00028999022427928694,
				-0.0008125311681883391,
				0.0007610392060248151,
				-0.0005480413202811811,
				0.000606061186377979,
				-0.0007241874410810869,
				-0.0004052637974894797,
				0.00031786186538151884,
				2.436414433057486e-05,
				-0.0006427618607656787,
				-0.0009775009381102382,
				-0.0007958551654558706,
				-0.0005643410739694044,
				0.0008609086942220608,
				6.95941114283677e-05
			],
			[
				0.0008061571113278422,
				-0.0009747226445011614,
				4.1443049632864824e-05,
				0.00038707244448882533,
				-0.0003623238451160103,
