{
	"model_params": {
		"input_dim": 10,
		"units_per_layer": [
			20,
			20,
			2
		],
		"acts": [
			"tanh",
			"tanh",
			"identity"
		],
		"init_type": "uniform",
		"batch_size": 100,
		"decay_rate": 0.95,
		"decay_steps": 500,
		"epochs": 150,
		"lambd": 0,
		"limit_step": 500,
		"limits": [
			-0.001,
			0.001
		],
		"loss": "squared",
		"lr": 0.00891214076925288,
		"lr_decay": null,
		"metr": "euclidean",
		"momentum": 0.6,
		"reg_type": "l2",
		"staircase": false
	},
	"train_params": [],
	"weights": [
		[
			[
				0.0008362782245737691,
				-0.0008870725438817475,
				-0.000794843726267924,
				-0.00046539500380894053,
				0.0009446932983759176,
				0.0007914665720791872,
				0.000188106475927023,
				0.0009787525420422373,
				-0.00015781658848987475,
				-0.0004783630057173016,
				-0.00024108022980879533,
				-0.0006132079398903478,
				-8.457088747877988e-05,
				0.0009245257953263252,
				0.0007879915629812784,
				-0.0006161549757337484,
				0.0006528636327175459,
				0.0003900963128938978,
				0.0001678497726049172,
				0.0006001194291188712
			],
			[
				0.00010119169094134216,
				0.0003536446250940561,
				0.00021938743536406937,
				-0.00017496269831345022,
				0.0008317525322147988,
				-0.000765458871112545,
				-0.0009057617216345662,
				0.00024071598286560863,
				0.0007375957689422531,
				-0.00023744606773808347,
				-0.0007414493234964407,
				0.00027784302554391123,
				0.0009718327789062105,
				0.000209839325925155,
				0.00039296426624765217,
				0.00025959786087948215,
				0.0005023154340450559,
				5.125957571939068e-05,
				0.0007653339968592366,
				-0.0006299148872432361
			],
			[
				-0.00019984240290274187,
				-0.00031330607981044814,
				0.00042186097085379084,
				0.0005447115855642007,
				0.0009409437488593336,
				0.0009834865639447967,
				0.0004810755868033044,
				0.0007993992381674559,
				0.0008288731906592301,
				0.0004974174206187048,
				0.000964500355990413,
				0.0002942435223090311,
				0.0006092486554939334,
				0.0005869699526085688,
				0.0004604719280227182,
				-0.0005333319655702945,
				0.0002609335567465205,
				-0.000440222529229461,
				-0.0008373930205797218,
				-0.0008059781316900223
			],
			[
				0.000761178131401445,
				-0.0008935766965687058,
				-0.0007092603570124348,
				-0.0003912540702588321,
				-0.0007562322315947599,
				0.0002007378377337015,
				0.0006613582868683946,
				0.0008798393043215013,
				0.0008946584674369928,
				-0.0008126664656715661,
				-0.0001908709731167675,
				-0.00014500823730366984,
				-0.0004799298050377909,
				0.0004869465476682517,
				0.000891873100741507,
				-0.00020799162798937538,
				-0.0009632133151698504,
				0.000593506086384202,
				-0.0005337288879498474,
				0.0009876123927674797
			],
			[
				-0.00041330447909301653,
				-0.00033440776174455133,
				0.0007307642361061375,
				0.00015176414619975497,
				0.00037123049975820786,
				0.0009465198779534539,
				-0.0006162455221631622,
				0.00040595944172700893,
				-9.183858374272561e-05,
				-2.5319562596692207e-05,
				-0.0008584591081043299,
				3.800469160691075e-05,
				0.0006912171821433662,
				-0.0007106110469245037,
				-0.0009278954451006034,
				-0.0004357828233662102,
				-0.0003597727164834999,
				0.0009774064653569406,
				0.0004795267503644152,
				0.0007647859357661246
			],
			[
				0.0004833977131261768,
				0.0003814473374961992,
				0.0007849599297724964,
				0.0005835963271402192,
				0.000626769143831111,
				-1.996231917513261e-05,
				0.0009470744799790567,
				0.0003085875089067333,
				-1.0185285174935978e-05,
				-0.00043913653708698645,
				-0.0005829380903308104,
				-0.0005502386766493496,
				0.0007954308379665119,
				0.0006981762842538195,
				0.000706292270790105,
				-0.000598372640242876,
				-0.0005273927281388264,
				0.00024542049167737144,
				-0.0007812851797323355,
				0.0007952566590005115
			],
			[
				0.0005919536920896804,
				0.0002953390735518011,
				0.0009276308045808495,
				0.0003810820376298602,
				-0.0009307656726308029,
				-0.000505542612222436,
				0.0008151761541272543,
				-0.000511271498167875,
				0.0006250554908978818,
				0.0007007233101248682,
				0.0009028088837853177,
				0.00025198430768154237,
				0.000755856025320939,
				0.0005103104351220614,
				0.000711365509585972,
				0.0008222108066471162,
				-0.0001277957095673374,
				0.0006015882458436346,
				-0.00097871245663049,
				-0.0007471546109477107
			],
			[
				0.00016220109764170597,
				-0.0003055205059860975,
				0.000133975669298778,
				0.0005131202156695833,
				-0.0005137701581561264,
				0.0007619187592800337,
				0.0002432716809843893,
				0.0006362569703115919,
				-0.00015481976041849905,
				0.000642388982656852,
				0.0004282067921202832,
				-0.0005681774754932195,
				0.0004967357915450241,
				-0.0008038810548182516,
				0.0005248735930838357,
				-0.00040019949266539465,
				-0.0004582662600535315,
				-0.000996288783502274,
				-0.0003124725734424019,
				-0.00030799320083102293
			],
			[
				0.0008351280721216471,
				-0.0002937174776167042,
				0.0006313651774018636,
				-0.000707402688270264,
				5.160368570697243e-05,
				-7.262398549520244e-05,
				-0.0008882156503412586,
				0.0007479734789804214,
				-0.0001124330906913109,
				-0.00039039449968248025,
				-0.0002861615714579664,
				0.00040005212035499824,
				0.0008016801767755368,
				-2.0422510091397048e-05,
				0.0008804920020809024,
				0.0007908318807797515,
				-0.0008380829783418636,
				-0.000814251126033615,
				0.0008130208072522195,
				0.00020083437648207836
			],
			[
				-0.000331414482396248,
				0.0009746181750259417,
				-0.00024737141278925766,
				-0.0009573678074123886,
				-0.0001453739509620493,
				0.0009133583744274346,
				0.0009908963744005073,
				-0.00027105882654153727,
				0.0008831846926156211,
				-6.169635675117924e-05,
				0.0009025296342508328,
				0.0003754201257559779,
				-9.325602185136523e-07,
				-0.0003543832860266554,
				-0.0006480408388307013,
				0.0009527840026358895,
				-0.00029065629273648526,
				8.307796931474997e-05,
				-3.619901763607185e-05,
				-0.00022556178206554177
			]
		],
		[
			[
				0.0003914031864594217,
				0.0003890731536892295,
				-0.0003012107939850599,
				0.0001688722683771157,
				-0.00018115417597334657,
				-0.0008517796815313537,
				0.0004885114046625635,
				-0.0007441847669089159,
				-0.0008793864247109083,
				0.00031445855566351053,
				-0.0006597288174169285,
				0.0003610763168575353,
				0.0005589741865300753,
				-0.00016282209372887782,
				-0.0005200220514031686,
				-0.000359291050292184,
				0.0004352170318495433,
				-0.0006256572789813524,
				-0.00012091084786074256,
				0.0008124436503857606
			],
			[
				-4.042426355982756e-05,
				3.8234411551845825e-05,
				-0.0006380959455769887,
				-0.00027703330350762245,
				0.00026572899307987356,
				-0.0004229813000458946,
				-0.00022694229691867828,
				0.0006808751136818034,
				-0.0008581271860077171,
				-0.0007639331004047128,
				-0.0004174686570732125,
				0.0008228419009757753,
				1.9631751442092567e-06,
				0.0006480672203296382,
				-0.00041937745319353366,
				0.00010800347342235488,
				8.91935699057246e-05,
				-0.0003170818509533231,
				-0.00012423456587997545,
				0.0004118907555933802
			],
			[
				0.0006205100604748139,
				0.0009146179570445527,
				0.0007602158710043781,
				-0.0009639595818988241,
				-0.0004999568136254173,
				-0.00015023910381765893,
				-0.00032113561540687233,
				0.00028912463249892995,
				0.0007612231645636829,
				0.0008633279007327617,
				0.000541047002068344,
				-2.972207312575484e-05,
				-5.9114319581698104e-05,
				0.00039090299785476436,
				-0.00020523135961707695,
				-0.0003519698301481111,
				0.00023003294588995948,
				-0.0009440214583544296,
				-0.0004533210854065124,
				-0.00024756672695670616
			],
			[
				-0.0009478296123304597,
				0.00016332208097342396,
				-0.0008169171373164151,
				0.0003648259378614823,
				0.0007590939322363614,
				0.00017093078490371962,
