{
	"model_params": {
		"input_dim": 10,
		"units_per_layer": [
			20,
			20,
			2
		],
		"acts": [
			"leaky_relu",
			"leaky_relu",
			"identity"
		],
		"init_type": "uniform",
		"batch_size": 200,
		"decay_rate": 0.95,
		"decay_steps": 500,
		"epochs": 800,
		"lambd": 1e-05,
		"limit_step": null,
		"limits": [
			-0.001,
			0.001
		],
		"loss": "squared",
		"lr": 0.005,
		"lr_decay": "exponential",
		"metr": "euclidean",
		"momentum": 0.6,
		"reg_type": "l2",
		"staircase": true
	},
	"train_params": [],
	"weights": [
		[
			[
				0.0006679918696742134,
				0.000984406819746431,
				0.0007484401734251078,
				-0.0006491398118869238,
				0.0009717065405460677,
				0.0001610038324793147,
				-0.00036459616800026227,
				-0.000222809098709295,
				0.0005805355670991893,
				0.0004425018472234653,
				0.0008327625661369434,
				-0.00028658903922439973,
				0.0003763291001510282,
				0.0006407331322056363,
				0.0006788361269119767,
				-0.00035285256514662857,
				-0.0005799355642355291,
				-0.0006088768800070794,
				-0.0007770450345135236,
				0.0008250284789301646
			],
			[
				-0.0003157726314966838,
				0.0008145079266494535,
				0.0007221914862188693,
				-5.022694756657295e-06,
				-0.00022773366107048452,
				-0.000537040576672232,
				0.000846742463549385,
				-0.0008731634890961359,
				-8.641875069363529e-07,
				-1.5622079442798985e-05,
				0.0007942045531056485,
				0.0007597847516319736,
				-0.0005708511043980553,
				-0.00038004331018318973,
				-0.0005286654208600661,
				0.0007151992510619569,
				0.00013811946492944837,
				0.0009005441996942315,
				-0.000458668729806381,
				0.00035309780581462176
			],
			[
				-0.0003518045513065124,
				1.1004625727521235e-05,
				-0.0007463036749049416,
				0.0005271121637581515,
				0.00047605788318271403,
				0.0009001571925862642,
				-0.0009190580751386747,
				-0.0008182184174989522,
				-0.00042123965652825365,
				0.000642435383798611,
				0.0002418593253457257,
				-7.364776224841286e-06,
				-0.0009849368789298341,
				-0.0005006387446138481,
				0.0008631256061494448,
				2.930812457624366e-05,
				-0.00033405056225881764,
				0.0008285029415055461,
				0.0006510856130359415,
				-0.0004101682286326323
			],
			[
				-0.00023494079472834975,
				-9.844603306583466e-06,
				-0.00023038905544357194,
				-1.63036957381939e-05,
				0.0008225351378260996,
				0.0006397302425355839,
				0.0002218187064703637,
				-0.0008283210491449007,
				-0.0008372850073585683,
				0.0009184926922097556,
				-0.000280736256033836,
				0.00022515369816631693,
				0.0002966663075544534,
				-4.846923020306092e-05,
				-0.0009732730145417543,
				0.0002504758341950676,
				-5.445143794770334e-06,
				-0.0005908959777190591,
				-0.0002812751011185468,
				-0.0008889673324051694
			],
			[
				0.0009311504399165565,
				0.00038534966912157965,
				-0.0001483429901936559,
				0.0005576638761654019,
				-0.00032267295390948816,
				-0.0009932679963782893,
				0.0005712983730431862,
				0.0003172491092719304,
				0.00029399269164325165,
				-2.1313742524127488e-05,
				0.0009356444696869235,
				-0.0008786929156205205,
				-0.00024192205642861882,
				-0.000654913381741802,
				-3.362895910534046e-05,
				0.0005978133577301688,
				0.0007617219711240628,
				2.5830382555710324e-06,
				0.00043887758988100847,
				-0.0006590631451964117
			],
			[
				0.000685073137156256,
				-0.00019210573537248115,
				0.0008228091654285841,
				-0.00039925027645422385,
				-0.0007752552574663101,
				0.0008116127798353488,
				0.0004431782311368074,
				-0.0007987949150103127,
				-0.00038922053000164534,
				9.927469525509861e-05,
				-0.0009311509609350004,
				-0.00036066191135488877,
				0.0005726939207246291,
				0.0001459907629640057,
				-0.0009133970364369564,
				0.000602908006411151,
				0.00025023198036554033,
				0.0008845499317333997,
				0.0002776035496582427,
				0.0004304144011228299
			],
			[
				0.0007815163631158285,
				-0.0009068668644535014,
				0.0007330681275140259,
				0.0006475589398210844,
				0.0006694636440826862,
				-0.0003222366908967123,
				-0.0005858646458355302,
				-0.00046757571667323304,
				-0.000660632584570175,
				-0.0008381143068953169,
				0.0009567657848431467,
				-0.0007734931798419253,
				0.0009997763921554222,
				0.0008682583585586053,
				-4.083937802124775e-05,
				0.00016363812372089683,
				0.000984395197014423,
				-0.0004690108602272687,
				0.0005547031650630376,
				-0.00038257989953566934
			],
			[
				0.0005513447962890126,
				0.00042676782664642513,
				-7.227745639112036e-05,
				0.0007533328352196369,
				-0.0008864965602616848,
				0.000957956646318139,
				0.0006815472488707502,
				0.00014952107115999641,
				-0.0001318858098351039,
				0.00026278397490275937,
				0.0008165981696302788,
				0.0009858954863981844,
				0.0004585804906793978,
				0.0008624048846481505,
				-0.00041119998915266657,
				0.0009845441590324005,
				-8.392676848268613e-05,
				-0.000592613066261094,
				0.0006110714536381257,
				-0.000703131547102893
			],
			[
				0.0006867754272675275,
				-0.0009168847206519493,
				0.0006293382964090691,
				-0.00020529039923001396,
				-0.00046946064920546607,
				2.2671676691187175e-05,
				0.0003789855071724339,
				0.0009587497979689635,
				-0.0008964300328069694,
				0.0005776227721860827,
				-2.462453083539116e-05,
				0.00018463966252518413,
				-0.000776032586951003,
				-0.0007366840520373996,
				-0.0007241776234144385,
				-0.0006400200704672241,
				0.0007210962963616133,
				0.0008801518233345373,
				-0.0006272458622235571,
				-0.00019567025820192143
			],
			[
				-1.4331133008859808e-05,
				-0.0005289008889057197,
				0.00031888102904870205,
				0.0008892770891872947,
				0.0008305371055386175,
				-0.0006278193080601737,
				0.0007831024615263134,
				0.0009143414657453348,
				0.00015752576367981485,
				0.0006455654106402083,
				0.0007600952001119224,
				-0.0008024318968541217,
				0.0006397524388848917,
				0.0009542542000634531,
				-4.6761899090237355e-06,
				-0.0006796600241514341,
				-0.0006716087407856688,
				0.00036028188358904313,
				0.00048236481418949696,
				-0.0006618836831288979
			]
		],
		[
			[
				0.0006745295852565187,
				-0.0008394813096306844,
				0.0008304043434321892,
				0.00017742962426502032,
				-0.0009185605497228279,
				0.0009973192747161144,
				0.0008736217600032084,
				-0.0006477675301252756,
				0.0008484601221859442,
				-0.0004937902208861746,
				-0.00022933152856568985,
				-0.000883768149240587,
				0.00035949629248862073,
				0.00016550554223011067,
				6.980968836564497e-05,
				-0.0007956028037364507,
				-0.00031974692202353075,
				-0.00034954796377957955,
				-0.0003899856362192389,
				-9.897584731454053e-05
			],
			[
				0.0007318295335534753,
				0.0009269237082616772,
				-0.0002676306214133197,
				-0.00011006593129444825,
				-0.0006365610782156749,
				-0.0009031449230072857,
				0.0008116823199383692,
				0.0005122794541160575,
				0.0005452377710704385,
				-0.00019313471907132817,
				0.0002761010082062067,
				0.0001748551627384484,
				0.00012469597839412025,
				-0.0009554835889913041,
				0.0003087366155617342,
				0.0006605172338348176,
				0.0008846129590472688,
				7.72223187620279e-05,
				-0.0007427566130233853,
				0.00014567521005100443
			],
			[
				0.00042393543504382286,
				-0.0009288700404574275,
				-0.000697488044586357,
				0.000152004641291214,
				-0.000821251209401591,
				0.0005964463956693792,
				-2.8570242296943366e-05,
				-0.0002281772446186721,
				-0.0005865342966734863,
				0.0008521266864225223,
				-0.0007531434499681738,
				-0.0006283178970613586,
				-0.0005542973888676723,
				0.0008501039922242401,
				-0.0004041576972132657,
				0.00010863723526916523,
				-0.0008995379968882094,
				-0.0007169359816562564,
				0.00018553796485272782,
				-0.00015927301113995672
			],
			[
				-0.00028750062268518705,
				0.0002794260094902026,
				-0.0005867497797001296,
				-0.0005387749377867401,
				0.0008947421510727665,
