{
	"model_params": {
		"input_dim": 10,
		"units_per_layer": [
			20,
			20,
			2
		],
		"acts": [
			"leaky_relu",
			"leaky_relu",
			"identity"
		],
		"init_type": "uniform",
		"batch_size": 200,
		"decay_rate": 0.95,
		"decay_steps": 500,
		"epochs": 800,
		"lambd": 1e-05,
		"limit_step": null,
		"limits": [
			-0.001,
			0.001
		],
		"loss": "squared",
		"lr": 0.005,
		"lr_decay": "exponential",
		"metr": "euclidean",
		"momentum": 0.6,
		"reg_type": "l2",
		"staircase": true
	},
	"train_params": [],
	"weights": [
		[
			[
				0.0008794647761561215,
				5.5949249511917654e-05,
				-0.0009143082235126723,
				0.0004692860843847318,
				-0.0009550823235382295,
				0.0006382808436911781,
				-0.0007655360929275643,
				0.00024664143826936733,
				-0.0004960021242075006,
				0.0005447290464814377,
				-0.0008558571104309407,
				0.0008631282880576614,
				0.0005060544623051325,
				-0.0008788937557230925,
				-0.0008075734883898683,
				0.0004971657101880658,
				0.0006259466123685726,
				9.862934680790014e-05,
				0.00030575803833901897,
				-0.0002314079043288722
			],
			[
				0.0004401874039457747,
				0.00016235360160306777,
				0.000664682297809529,
				-0.00041341369435369613,
				0.00019624673379959072,
				0.0009728089650554812,
				-0.0003781837124926619,
				-0.0007439533696279139,
				-0.000947765262321792,
				-0.0002739852780227532,
				9.467518971478664e-05,
				0.00027454412087051785,
				-0.0007248675420609208,
				-0.0009206674523913164,
				-4.458881900389717e-05,
				0.0005630966724911306,
				-0.00046013751291608255,
				0.0003077603632326961,
				0.00050419474849793,
				-0.0009592084255127289
			],
			[
				0.0002180408216389902,
				-0.0009713066618930837,
				-0.0005698529481277734,
				-0.0006140050897994962,
				0.0006951891491451736,
				-0.000501752331562857,
				-0.0002957666626370899,
				-0.0002558131635872294,
				-1.5897164859303686e-05,
				0.0006006002307771714,
				0.0009467445654315881,
				0.0007492234285767807,
				-0.0006134559410016292,
				-0.0006544665038127575,
				-0.00012846914895329738,
				0.0002066898437480028,
				-0.0005158429181524149,
				0.0009936965196285464,
				-0.0005633410706521231,
				-0.0004497932442870228
			],
			[
				-0.000340481374681997,
				-0.0008340693615703447,
				-0.00042209181139422805,
				-0.0005044824853567716,
				1.2251300676321747e-05,
				-0.00013316583298693938,
				-0.0009568608903120613,
				0.0003481559206721257,
				-0.0009826480251472719,
				-0.0007477790583194539,
				0.000908145378477688,
				0.0008889872830221154,
				0.0006251873358381821,
				0.0007666603618531824,
				-0.0009326960911779485,
				-0.0007976799613489873,
				0.00013282083180094482,
				3.416718250953709e-05,
				-5.7221692286037076e-05,
				-0.00027653688172455033
			],
			[
				0.0009885641796740698,
				0.00042234076314192487,
				0.00013989777119494595,
				0.0009816610121895337,
				-0.0006033596478140146,
				0.00020404247327410088,
				0.0006868488141041696,
				0.00042652418420487527,
				0.0008715716909597055,
				-0.00010573256519131853,
				-0.0008979912600286309,
				0.0004580976299126975,
				0.0006393606529919832,
				0.0007025584913837118,
				0.0007259910732686317,
				-0.0005297879809680228,
				-0.0007670425374478816,
				-9.85378152379506e-05,
				-0.0007650692214458217,
				0.0003570989872648943
			],
			[
				0.00029305679833048883,
				-7.775089649901372e-05,
				-0.0001970615503904265,
				0.0002689896986985106,
				-0.0007812005900691463,
				-0.0009421718565634672,
				0.0008452008170412575,
				-6.290706451307583e-05,
				-5.413746436910231e-07,
				-0.0007521445668163067,
				-0.0001468674330023105,
				0.000238181624170105,
				0.0006855796254123083,
				-0.0002658647495053211,
				-0.0007654274030979473,
				-0.0003011022852411798,
				-0.0007937304296328381,
				-0.0005764526620626223,
				-0.0005967850353154444,
				0.0008085339122225837
			],
			[
				-0.0003556576883026383,
				0.00015204125737084935,
				3.2005460336384343e-05,
				-0.00018227229828876904,
				-0.0005431479385189842,
				-8.242061964006207e-05,
				-0.0007757971485842075,
				-0.0005992832135632782,
				-0.00014036276785988906,
				0.0005046536827586609,
				0.0008029540285583751,
				-0.0008200910530013015,
				0.00041785269228228816,
				0.0005332890444093386,
				-0.0005801390818993481,
				0.0007950267701852822,
				0.00020023381721916535,
				-0.0004543567685097239,
				0.0009762750768339476,
				-0.000514819567537546
			],
			[
				0.0005416269283385852,
				0.0003210182660366781,
				0.0006406853368333043,
				0.0004259806498375057,
				-0.0006247827115464923,
				-0.0005336465274560433,
				0.0003839080751880384,
				8.427935320160971e-05,
				-0.00025195842291959175,
				-3.985261182634116e-05,
				0.0005579303910268568,
				0.0008935924826400925,
				-0.00013723246332189196,
				0.0009396312206862636,
				0.0005116661558254307,
				0.0002760696131646923,
				-9.534574297410448e-05,
				-0.0008204992300586555,
				0.0006122690480619003,
				0.00010983543588809577
			],
			[
				8.355192851670977e-05,
				-0.0006427767888898834,
				0.0008254524315249997,
				0.0008736684244192668,
				0.0009999989542724685,
				-8.58534971481473e-05,
				-0.00028924031196120553,
				-0.0006877134279712796,
				-0.0002453537582744183,
				-0.00026482259949968867,
				0.00048296279535304837,
				3.700468174001751e-05,
				-0.0008679309454393239,
				0.00025292380976456503,
				-0.00023092601023220972,
				0.0007833882210811342,
				-0.0007030608884845942,
				-0.00031495202663756245,
				-0.0008159908758699566,
				-0.0006996017195373125
			],
			[
				6.481404039327711e-05,
				0.0007999883101499513,
				0.00032294488073178625,
				-0.00024148706219208013,
				-0.0009723060523890356,
				2.365848084086102e-05,
				-0.00038953851269226216,
				0.0005199734102732238,
				8.340389542017715e-05,
				8.453321903155084e-05,
				0.00018109285310492036,
				-0.00014128680951707025,
				0.0006627562510863243,
				0.0007274933370195952,
				-0.00014261755495202828,
				0.0003726019066274818,
				0.0005325134846081434,
				-0.00013245944834831477,
				-0.0009502589741592243,
				-0.0002666458634765933
			]
		],
		[
			[
				-0.0005625858667993622,
				-0.0006819918757065627,
				0.0004298568876689539,
				4.451077600157571e-05,
				-0.0005010714148187729,
				-0.00012169092799375371,
				0.0006571609741715385,
				-9.1550637916779e-05,
				0.0009475853019632532,
				-0.0005117604311788511,
				9.31864494676869e-05,
				6.909201033097759e-05,
				-0.00026713554556626875,
				-0.00026722397824959887,
				0.0007265192590453226,
				-0.0005581906793042324,
				0.0004852084482641051,
				-0.0009261961362556647,
				0.0004863066620018541,
				-0.0008977620424813049
			],
			[
				0.0005677097953700021,
				0.0003231271196275699,
				0.0008721840089928846,
				-0.0002357627173711239,
				0.0008818189697779226,
				7.467482864683067e-05,
				0.0007061900990364305,
				0.0009769407781138047,
				-0.0006130578732552321,
				-0.0003883047859139035,
				0.0007370313016634197,
				-0.00012557192932940726,
				0.0005352682876171933,
				-0.0004482599516460264,
				0.000574982107224484,
				-6.473415286454816e-05,
				-0.0003770582277403318,
				0.00019926696625421057,
				-0.00023886245526570237,
				0.0006606401125953654
			],
			[
				-0.00010032034038682115,
				0.00045646183277833546,
				-0.0005745780170009427,
				0.0005038290050020963,
				0.00039322475376581275,
				0.0006701720520055374,
				-0.0007049742148255397,
				-0.0006354283575617192,
				0.0006286433048356417,
				-0.0004803584180258657,
				0.000522466796939668,
				1.5904863619297348e-05,
				0.0008261811414812189,
				0.00010456239248892319,
				0.0009739635864380114,
				-0.00030677480878281687,
				-0.0007015535621179978,
				0.0007461788912078045,
				0.0003183158016163894,
				-0.00034025451079889636
			],
			[
				-0.0007685066174897868,
				0.000251062508998736,
				-0.00020682212316737144,
				-0.00010790377159551026,
