{
	"model_params": {
		"input_dim": 10,
		"units_per_layer": [
			20,
			20,
			2
		],
		"acts": [
			"leaky_relu",
			"leaky_relu",
			"identity"
		],
		"init_type": "uniform",
		"batch_size": 200,
		"decay_rate": 0.95,
		"decay_steps": 576,
		"epochs": 800,
		"lambd": 1e-05,
		"limit_step": null,
		"limits": [
			-0.001,
			0.001
		],
		"loss": "squared",
		"lr": 0.005655844946607864,
		"lr_decay": "exponential",
		"metr": "euclidean",
		"momentum": 0.7709349296879282,
		"reg_type": "l2",
		"staircase": true
	},
	"train_params": [],
	"weights": [
		[
			[
				-0.0007472524934085424,
				-0.0006347816605196776,
				-0.0002798898125868346,
				-0.0009519850992605397,
				0.0009057674873026173,
				-0.00044174046852130534,
				0.00032873778256728545,
				0.00042414649111882315,
				-0.000588592152676988,
				0.0004931527667535233,
				1.7779431053288218e-05,
				-0.0009747258438542861,
				-9.995987971343247e-06,
				-0.0007005346508021538,
				-7.727562073970608e-05,
				0.00012092765933020572,
				-2.2995103951966656e-05,
				0.0005606181732101029,
				0.0009595939898840336,
				0.0008349731023366389
			],
			[
				-0.0007992259781695914,
				0.0008089821259339351,
				1.745574319086279e-05,
				0.00025323202729244537,
				0.0003506322347125658,
				-0.0002720073003665602,
				0.0009839706700335979,
				0.00021111273252283585,
				0.00019243113652277276,
				-0.0005235824769047241,
				-8.472214404383021e-05,
				-0.0006154033704014086,
				0.00021860821727746633,
				-0.0006706239787409911,
				0.00041682726468686535,
				-0.0001750960125882175,
				-0.0008882667246598817,
				-0.0005472399973545794,
				-7.519902005103415e-05,
				0.0009440419083469669
			],
			[
				-0.00012379607324474536,
				0.00043001848937871995,
				0.00032508729891769176,
				-0.0002738726435995946,
				0.0004716877448251375,
				-0.00041285249537761296,
				0.00015493710976819406,
				-0.0006761230825739954,
				-2.4640125452746425e-05,
				8.393033299123275e-05,
				-0.0009520807299314505,
				0.0006105852361020586,
				-0.0006166661956128301,
				-0.0006973970922340687,
				-0.0008169133617420961,
				0.00043033533620853975,
				0.000501148811807768,
				0.0003702942670932639,
				0.0005169700029210825,
				-0.0008134463072448845
			],
			[
				-0.0007945604433219384,
				0.0009673599383918309,
				-0.0002763961303954987,
				-0.0009773889725747803,
				0.0004862232413131377,
				0.00020164058664200375,
				-9.93342474896146e-05,
				-0.00022325465963368729,
				0.00031395196257501365,
				0.0009962168860243262,
				0.0005211030033091856,
				-6.56625795730616e-05,
				-0.00082842137068108,
				0.0002577129041392277,
				-0.00046658206471824975,
				0.00027458248004764226,
				-0.0008140710309526254,
				-0.0006737452135428577,
				7.387321691644348e-05,
				-0.0008764666723818031
			],
			[
				0.0004491483538074262,
				0.00038869256060172124,
				0.0007483586215314489,
				-0.0005515910025896374,
				-0.0004098969224718261,
				0.0003001764073833136,
				-0.000757395633139919,
				-0.00022460937878756736,
				-0.0005284634578489005,
				-5.7278884951473554e-05,
				-6.441684903761601e-05,
				-0.00014326380044527064,
				-0.0004083039177505941,
				0.00040775657562863114,
				1.5571241485730532e-07,
				0.000751569077657592,
				0.00022623189459346433,
				-0.0006220406265184602,
				0.0006871122939167784,
				-2.197976908591354e-05
			],
			[
				-0.00037816952394924925,
				0.0003973109879039083,
				-0.0002393611561490452,
				-0.0006061026186381937,
				-0.00012995752289829562,
				-0.0009898473586008284,
				-0.0008801019289437562,
				-0.0007805289054301825,
				-0.00039724776425461596,
				-0.0005131462800509908,
				0.0009950430160958752,
				0.000703553834836319,
				0.0007087872574237663,
				0.00010919419251935784,
				0.0005217361369719154,
				-0.0007611977042424412,
				-0.00036050486624158507,
				-0.0008367078632209697,
				-0.0003913075471582697,
				-0.0006265832147881536
			],
			[
				0.00012776182042077244,
				-0.00030069156495653626,
				0.0009406549046704499,
				-6.103505469341947e-05,
				-0.0006487214194974032,
				-0.0006699167277367044,
				0.0003224035241570591,
				1.837205079217299e-05,
				-0.0009194424169036331,
				0.0008252965033000836,
				0.00017319032736014348,
				0.00019336669567696367,
				4.93096885434397e-05,
				4.102861909518118e-05,
				-0.0006490186862755041,
				-0.0007749879547553429,
				-0.00037638690333249717,
				0.0006427422798200866,
				-0.0006956545495203238,
				-0.00041154321184974424
			],
			[
				-0.0006934285035884889,
				-0.0005639001289042316,
				2.1447319154314047e-05,
				0.000856273894773158,
				-0.0002679530021289391,
				0.00010802615439782937,
				-0.0003504155478457647,
				0.0008800189800300048,
				-0.0005897458372957385,
				-0.0006044666089713138,
				-0.0007508797777779606,
				-0.00021915337582022177,
				-0.0007143930451187388,
				0.0003184675454713068,
				0.0005378930331661326,
				0.0008628521940169304,
				0.00078120956008973,
				0.0003863536121329553,
				0.0003018142180324409,
				0.00045461537909660134
			],
			[
				0.0007069346124327664,
				0.0006168761915167882,
				-0.0008328132602330532,
				-0.0001390491560697018,
				0.0008253259674359497,
				0.0005683414855210509,
				0.00023271495948588242,
				7.002558077746543e-05,
				-0.0003984824817975228,
				-0.0009145176994014877,
				0.0008461522764940436,
				0.00030800297161458884,
				-0.0007352579422878571,
				0.0006125872070717432,
				0.0004430221617391346,
				-0.0002994439991105862,
				0.0004935341588225544,
				0.0005688803955714082,
				0.0006733415148381322,
				0.0003697862840317779
			],
			[
				-0.00029825101421659375,
				-0.0004794324906146763,
				-0.0004092505145536239,
				-0.0005037672062470707,
				-0.0003792402483022981,
				-0.00035395908275291156,
				-7.973412510709529e-05,
				0.0004971684164742033,
				-0.0004423464139475566,
				-0.0008013144946228151,
				0.000569865828761108,
				-0.0003052641679085903,
				0.00036520186616960165,
				0.00013300176425409512,
				-0.0008571852888659099,
				0.00014323682266816897,
				0.00014826219141358867,
				2.555519768531584e-05,
				6.96315635484294e-06,
				0.00013178298228553025
			]
		],
		[
			[
				0.00063321858447379,
				-6.170447495324762e-05,
				6.810083236657018e-05,
				0.00013175634999227671,
				0.0009743903521500742,
				0.0009133883363396339,
				-0.0008538381945018405,
				0.0006657613151323919,
				0.00045340362101367214,
				-0.0006721604733981681,
				0.00098305138142058,
				0.0008805471322161959,
				0.000189423847391891,
				-0.00030492906426424237,
				-0.000979254787763899,
				-0.000985164599303837,
				0.00047642883455305696,
				0.0005683116300498074,
				0.0009834557834903978,
				0.00015184462022722303
			],
			[
				-0.0004516955634049371,
				0.0004756093974506361,
				0.0009369678860032928,
				-0.0008838261984397029,
				-0.0008242117807771275,
				0.0001882521949819931,
				0.0007242039201811412,
				0.0008578201169917106,
				0.0007011624624238639,
				-0.00022996303915327103,
				-0.0001960443342581595,
				-7.496256008308801e-06,
				0.0008587382853204692,
				7.496992537340446e-05,
				-0.0003309556677378087,
				-0.0004525560191153419,
				-0.00036932531027463963,
				-5.345477006902708e-05,
				0.00028413997251179753,
				-0.0004328733273169321
			],
			[
				-0.0009227165782944868,
				-0.00038447457867199345,
				0.0004046876737684999,
				-0.0006183559668847385,
				-0.0006602842932023483,
				-0.0005176710319357883,
				0.0006424378311551038,
				0.0007308830001350993,
				-0.00036183404150018014,
				-0.0006562591999714891,
				-0.00013762300512748808,
				0.0006763338807165532,
				0.0002641077384174968,
				-0.0003466768000157135,
				-3.417706439377182e-05,
				0.0009749356414174167,
				-0.0009711946734812256,
				-0.0004556146634477923,
				0.00017181928570927083,
				-0.0002549614847066479
			],
			[
				0.0004201472265259244,
				0.0009735242695872127,
				0.0008639723832581422,
