{
	"model_params": {
		"input_dim": 10,
		"units_per_layer": [
			20,
			20,
			2
		],
		"acts": [
			"tanh",
			"tanh",
			"identity"
		],
		"init_type": "uniform",
		"batch_size": 100,
		"decay_rate": 0.95,
		"decay_steps": 500,
		"epochs": 150,
		"lambd": 0,
		"limit_step": 500,
		"limits": [
			-0.001,
			0.001
		],
		"loss": "squared",
		"lr": 0.00891214076925288,
		"lr_decay": null,
		"metr": "euclidean",
		"momentum": 0.6,
		"reg_type": "l2",
		"staircase": false
	},
	"train_params": [],
	"weights": [
		[
			[
				0.0008356541488106068,
				0.0003909435903603226,
				-0.00028106059175232105,
				7.659895841855328e-05,
				0.00042971943032362554,
				-0.0008768379617268738,
				0.0009604289352378374,
				0.0005416603286351302,
				-0.0001036243420249809,
				-0.0007855198318299859,
				-0.00014673651355245941,
				4.709533565641329e-05,
				-5.761251968279676e-05,
				0.0001264356943572395,
				-0.0005488828552520038,
				-0.0003670306830530854,
				-0.0004329206340871745,
				-0.00045260584618681053,
				0.0009361436773009978,
				0.0005597265846345148
			],
			[
				8.7990275006134e-05,
				0.0008365591937887988,
				0.0005887806258297703,
				-0.0006254579731968159,
				0.0003312427610192403,
				-0.00043623449481130594,
				0.0006422069430732365,
				-0.0001687076886085528,
				-0.00031900450170711174,
				0.0007800920031602895,
				-0.00030848117345244066,
				0.0009215825496714316,
				-0.0005140037886213573,
				0.0009147588701271371,
				-0.00016053757761615725,
				0.0006430683310807467,
				0.0009459007708607031,
				0.000492808800201092,
				0.0007866935535718231,
				0.0004133277044080601
			],
			[
				-0.0009580123167143269,
				-0.0003062240755195312,
				-0.00037762104612194445,
				-0.00029203398886570246,
				0.0003689352341648101,
				0.00046189687574786794,
				0.0008952322153594292,
				0.00041567596993561675,
				-0.0009252760175936946,
				0.0008835802961987039,
				-0.00027302329132781187,
				0.0009246679695037133,
				-0.0001754250133538071,
				0.0005980970729344821,
				-0.00088847117241765,
				-0.0003126002613889074,
				-0.00044797758092385645,
				-0.0002700463431833791,
				0.0001270528295226137,
				-0.0003022415348442022
			],
			[
				0.0008548526757190527,
				0.00015444201088121268,
				-0.0008817468645938793,
				-0.0005312733337967621,
				-0.0005670035657257675,
				0.00015282158333593905,
				-0.0007463698985106315,
				0.0004993048129202809,
				-0.0007107117248270455,
				-0.0006164720263758779,
				0.0004936775117662725,
				0.0009537015988800644,
				0.0008217601380738229,
				0.000984263058427574,
				0.00047029741782689824,
				0.00014688240862389262,
				-0.00063123225110076,
				0.0009257813603675191,
				0.0009458180389916783,
				-0.00097912149491402
			],
			[
				-0.0008112001262063915,
				0.000588530517179525,
				0.00017218557784105695,
				-0.000245800697607093,
				0.0005541925697471397,
				0.0003410043142519734,
				0.0008872315320554529,
				0.00021478303866316086,
				0.0003737490362610706,
				0.00022850405956659084,
				-0.0008681998451761799,
				5.504365877961599e-05,
				0.0004629731808819743,
				0.0008438011997306532,
				1.1581056232118012e-05,
				0.000636362613001853,
				-0.0005695252942943396,
				0.000840906260094379,
				-0.00017974913788983572,
				-0.0002619126971880508
			],
			[
				0.0003001838644692005,
				0.0004133957063356898,
				0.0007669314739299231,
				0.00031402279167297236,
				0.0004103142536434404,
				-0.0009527677707475881,
				7.531798670058331e-06,
				-0.00040661847981318796,
				-0.00037000813189278967,
				0.0007266315459603849,
				-0.0001257668108137893,
				5.295578315741038e-05,
				0.0009544012125654033,
				-0.0008682983654117894,
				0.0009287055427578555,
				-0.000873702311121461,
				0.00048121161377378814,
				0.00031640440191732467,
				-0.0008456858752852323,
				-0.00032536808115971754
			],
			[
				-0.00041881909137436507,
				-0.0005657482564467011,
				-0.0007688501786028766,
				0.0004757388707586389,
				-0.0008233239562500487,
				0.000387623027767572,
				-0.0008552764850147345,
				-0.0005742093636147475,
				0.0008417158510363549,
				2.3510622457546034e-05,
				-4.010417190830932e-05,
				-0.0006270591862021535,
				0.00044422272398647405,
				-0.0005082631773983035,
				-0.00021671179136949843,
				-0.0005760184564375419,
				2.5636724108097156e-05,
				0.00045724341491833057,
				0.0005752482214996654,
				-5.856956022156506e-05
			],
			[
				-0.0006605996096880876,
				0.0005801070391273919,
				0.00039323999201758535,
				-0.0006925620597475808,
				-0.0001437223666442049,
				-5.3505160843178644e-05,
				-0.0002776827174912289,
				0.0005344394739584648,
				-0.0007286890917225328,
				-0.00025545244476620193,
				0.00018312928283171527,
				-0.0009705696499554577,
				0.0007109180481727209,
				-0.0007917180329025636,
				-7.205516248078654e-05,
				0.0008665091426400481,
				-0.0001102101650219782,
				-0.0006970803790787699,
				-0.0008840998112732807,
				0.0003190733740481514
			],
			[
				0.00021504501307285213,
				0.0007552425468449278,
				0.0007485822924257755,
				0.0009586085294755868,
				0.0009331093841189987,
				-0.000419865053128478,
				0.0002628040717210813,
				0.0005265727173813497,
				-0.0007021296938177035,
				-3.0131806704257295e-06,
				0.0002184355429184833,
				0.0007918190293723644,
				-0.00046533004701354726,
				8.871789190772247e-05,
				0.00036457436614540837,
				0.00026390439635528315,
				0.0003795629049239914,
				-0.0007295166723739993,
				3.7177295385845775e-05,
				5.362765212215477e-05
			],
			[
				-0.00011393114049948559,
				0.0004407538810269815,
				-0.0006726997570314599,
				5.9636944617627455e-05,
				-0.0009841681601720654,
				-4.439717927188938e-05,
				0.0009685821401649083,
				-0.0009422480428265742,
				-5.902116332009305e-05,
				0.00020044738135373925,
				0.000335712406849338,
				0.0007061210722834883,
				-0.000933353304782526,
				-0.00040872438680599843,
				0.0007513014356168113,
				0.00023179461377652658,
				0.000748800073724912,
				-0.0005547017198862445,
				-0.0007741044369262776,
				6.754812864945498e-05
			]
		],
		[
			[
				-0.0004053659819870832,
				-0.0008161577139314213,
				-0.0005451157543321997,
				-0.0009677482195983967,
				0.00011965050066245638,
				-0.0007071830501208171,
				-0.0006471586944032368,
				-0.0002570559851592331,
				-0.0005440513873319483,
				0.0008165264314403879,
				0.00036002571186608684,
				0.0008105845999101396,
				-0.0009697106501386761,
				0.0006315364695331199,
				-0.000712286450214624,
				-0.0008611882772459494,
				-0.00021506818635201694,
				0.000539156637508566,
				0.00023279646284787023,
				0.00041942638587738634
			],
			[
				0.0005431231922055062,
				-3.377025743681928e-05,
				0.00016365553081154616,
				-0.000730793523024611,
				0.0009766311467376814,
				-0.0009252693481437095,
				0.00042332477282035555,
				0.00043442255517353394,
				-0.00039609124558562204,
				-0.0005638568979754654,
				0.0009979039017805062,
				0.00035406734423496303,
				-0.00033666085482502784,
				-0.0004133528389297532,
				-0.000860858681779753,
				1.6886402660419575e-05,
				-0.0005447365157509839,
				0.00044410142696354104,
				0.0009292986933433034,
				0.0003967577783277863
			],
			[
				-0.00041791919841597006,
				0.00025067503022328515,
				-0.0004508529981708156,
				0.00036115787809860313,
				0.0008455884977090814,
				-0.00048132013656056844,
				0.0007420150163302401,
				0.0002888676724695557,
				0.000950374375657149,
				-0.0006234087227710659,
				0.00037396026689038393,
				-0.0008733669502698667,
				0.0007570616154234677,
				0.00031786922892276044,
				-0.0005626831538859838,
				0.0003528269028175142,
				-0.0006499683512708704,
				-0.0004816042093654122,
				-0.0005120516319088184,
				0.0007084847470543811
			],
			[
				-0.0005633593879890951,
				0.0004754537625558993,
				-0.0003535102816057008,
				-0.0007291273965465957,
				-0.00012200885381676257,
