{
	"model_params": {
		"input_dim": 10,
		"units_per_layer": [
			20,
			20,
			2
		],
		"acts": [
			"tanh",
			"tanh",
			"identity"
		],
		"init_type": "uniform",
		"batch_size": 100,
		"decay_rate": 0.95,
		"decay_steps": 500,
		"epochs": 150,
		"lambd": 0,
		"limit_step": 500,
		"limits": [
			-0.001,
			0.001
		],
		"loss": "squared",
		"lr": 0.01,
		"lr_decay": null,
		"metr": "euclidean",
		"momentum": 0.6,
		"reg_type": "l2",
		"staircase": false
	},
	"train_params": [],
	"weights": [
		[
			[
				-0.0004497706055880575,
				0.0008816967105827649,
				0.0006644087049400319,
				-0.0006652908002048543,
				-9.01718181391749e-05,
				0.0007053768082041019,
				4.911307724279803e-05,
				-0.0001258955945849645,
				0.0009572607744875649,
				-0.0009109478242706453,
				-0.0006559703934414607,
				-0.00019614793894984835,
				-0.0009142808936921265,
				-0.00014237422446923412,
				-0.00010943326935766674,
				-0.000948982782834729,
				-0.0002831653751901857,
				-0.0009467364727309034,
				-0.00014863465046290058,
				0.0002938872554363579
			],
			[
				0.0009034741522597376,
				0.000677074980802586,
				-0.0005314102823104703,
				-0.0009208068415879889,
				3.924395972971411e-06,
				0.00036295711931938804,
				0.0009685015386926323,
				0.0006936971417415294,
				0.0008040994328685767,
				-0.0006931840538669308,
				-0.00023231032391184537,
				7.036979259561092e-05,
				-5.1886331061208515e-06,
				-0.0008780925573594989,
				-1.2291945512850951e-05,
				-0.0009986096997067618,
				-0.0003832567344953066,
				-0.0008207901272175431,
				-0.00012020975422941007,
				-0.0002837868054387469
			],
			[
				-0.00031219831922720714,
				-0.0001849681408494741,
				0.0008012545649460996,
				0.0004349181092402432,
				0.0007715699853673569,
				-0.0006594689644580163,
				-0.0002748439124740787,
				-0.00030499167054959524,
				0.0008616215102778902,
				-0.0008109342846519796,
				0.000662672752393388,
				0.00038589538603342336,
				3.0236356686352437e-05,
				-6.552745129178358e-07,
				-0.00012080199401695872,
				6.439741384904022e-05,
				0.00010190994205669379,
				0.0008953638014750911,
				0.0005585817156060276,
				-0.0008747332143954514
			],
			[
				0.00039958427707104333,
				-0.0006025262028592082,
				0.0006733374573481884,
				0.0004391275572084032,
				-0.0006679281159640211,
				-0.00026134705370922835,
				-0.00016787956894320972,
				0.0002491252830246391,
				-0.0005210681870096597,
				-0.0009677792565747439,
				-0.00018222378532023844,
				0.0002713693261660137,
				-0.00021647910418374887,
				0.0007571782617557669,
				-0.0007836966773178218,
				0.0007540319856987642,
				-0.0006679817223773969,
				0.0004981568243679799,
				0.0005314467665438307,
				0.0008375039590261175
			],
			[
				0.0008719894759488516,
				-0.00015337708530741056,
				9.00041952678148e-06,
				9.584199903968707e-05,
				-0.0007488496897264156,
				-0.0007016551447713679,
				-0.0009808296560188863,
				-0.0002595419955593969,
				-0.0005140809181795325,
				0.000656438607826629,
				2.9598291639307793e-05,
				-8.439190392599684e-05,
				-0.0006380585016748767,
				-0.0004141720658354906,
				-0.0009390414189547509,
				-0.0002746304236173069,
				-6.370159638083566e-05,
				0.0005843553821408506,
				0.0006861624043639574,
				-7.711932500910584e-05
			],
			[
				-0.0006874138797652455,
				0.0009252992585320914,
				-0.000989377510586431,
				0.0004769357972580167,
				-0.00046851255440841406,
				-6.545840683448993e-05,
				-0.0008516848368363341,
				0.00040850844253224167,
				0.0006173198972502876,
				-8.225805471605892e-05,
				-0.0008537653883164665,
				0.00022551624740308938,
				-0.0004015214020874698,
				0.0008998721249290325,
				0.00015082830586339536,
				0.00040268748981359755,
				0.0003251858691421287,
				0.0004002463849710062,
				6.563272712872435e-05,
				-0.0007534159613398453
			],
			[
				-0.0003778351303743157,
				-0.0005480370745184238,
				0.0008492265405475653,
				-0.0002152010217541389,
				-0.00040308917568768307,
				0.0007973538790885027,
				3.5990177205366984e-05,
				0.00045801537816360437,
				-0.0009966268083190732,
				0.0003708955673837613,
				-0.0008076011357718349,
				-0.00023193683738351244,
				0.0005396051037589156,
				0.0008314706904501935,
				-0.0003528865195571673,
				-9.232419080315883e-06,
				0.0007731116081030171,
				0.0005440765192678968,
				-0.0009300621911565379,
				-0.00041765256067616697
			],
			[
				-0.00011935578241664474,
				0.000797343283763612,
				0.0009521729929524256,
				-0.0006524390161415342,
				-0.0009912290381644904,
				0.0005094632441093659,
				-0.0008157643221680766,
				0.00048759549431456797,
				-0.0006220341907898844,
				-0.0005214607801789627,
				0.0005133962361992305,
				-0.00021728339560896906,
				-0.0004906331398613338,
				0.000987009151937104,
				0.0006509795459227535,
				0.000686376194107824,
				0.0008707647171115036,
				0.000388642967475094,
				1.4590076646357102e-05,
				-0.00023551747150924362
			],
			[
				0.0007861224681187664,
				-0.0006440355442904964,
				0.0004113024196479027,
				-0.00030209434750601315,
				0.0005147006273193216,
				3.443741868437364e-05,
				-0.0009198670195054863,
				0.0004864548871857362,
				-0.0001164724219665065,
				0.0009781651016678534,
				-0.0006107629869930897,
				-0.0008051579667803273,
				0.0005469809010226485,
				-0.0001938091735436252,
				-0.0009656183456066408,
				0.0007133936709548664,
				-0.00027240143085587823,
				0.0008309123566019347,
				-0.00010653729747147093,
				-0.0005627246428657053
			],
			[
				-0.0005047144831945338,
				-0.00056342175470051,
				-0.0002566225610987425,
				-0.0009706769083904543,
				0.000414271184530096,
				-0.0007429814676048139,
				9.767057524349369e-05,
				0.0006002565737752825,
				0.00031517380312972784,
				-0.000568242509699234,
				0.00041039931823568096,
				0.00041130539279557714,
				-0.0007976841875721392,
				-0.0005917302240413476,
				3.6875261042523116e-05,
				-0.0006111541772335496,
				0.0002622606472043455,
				7.546894261744631e-05,
				7.577096706284036e-05,
				-0.000632579551756467
			]
		],
		[
			[
				-0.0006686021648418326,
				0.0007105596903848139,
				1.2786220335283746e-06,
				-0.00024678043309302785,
				0.0006558711470479215,
				-0.0005082591673970382,
				-0.000606257353259284,
				-0.0008350543840360299,
				0.0005295934964433086,
				0.00035473465001462047,
				-6.380947914501724e-05,
				0.00033012093152162323,
				0.0006015122974164539,
				0.00022200844174150003,
				-9.433097465799949e-05,
				-0.0005418858706111161,
				0.0009003876536033495,
				0.0008622599697038302,
				0.0007968724797130899,
				0.00037182038698967915
			],
			[
				0.0009121217203152451,
				0.0005606738091988586,
				-0.00012575975170628514,
				-4.7547038573741746e-05,
				0.0002447679307219419,
				-0.00011962266046485186,
				-0.0005637659559165658,
				0.0002562625560381653,
				-3.126357371225014e-05,
				0.0009974574127554169,
				-3.3925632793658806e-05,
				-0.0005381853062658277,
				2.4311341208014918e-05,
				6.804783526818655e-05,
				-0.00021229186222570932,
				-0.00032312311821735304,
				-0.0003244283034423103,
				0.0002113645154509841,
				-0.00014402768820868147,
				0.0004162977848961196
			],
			[
				0.0006336081619466778,
				-0.0008445428475063788,
				-2.3421547666165055e-05,
				-0.0007640526584407559,
				0.0008197133319379397,
				-0.0001617685822448376,
				-0.0007050694647923979,
				0.00034879798182279914,
				0.0002966314743840751,
				3.117854636281261e-05,
				0.0007454860077527618,
				-0.0003684577070646438,
				-0.0009963381754459714,
				-0.0008553890658741934,
				0.0005784764311243869,
				-0.0006436918571969348,
				0.0002285434593922342,
				-0.0002798453357510666,
				-7.833479926649262e-06,
				0.00045816253593280575
			],
			[
				2.6139427103570503e-05,
				-5.40039976819278e-05,
				1.60663040023113e-05,
				0.0009748816677495071,
				0.0009724656698809689,
