{
	"model_params": {
		"input_dim": 10,
		"units_per_layer": [
			20,
			2
		],
		"acts": [
			"tanh",
			"identity"
		],
		"init_type": "uniform",
		"batch_size": 16,
		"decay_rate": 0.95,
		"decay_steps": 500,
		"epochs": 700,
		"lambd": 0,
		"limit_step": 500,
		"limits": [
			-0.001,
			0.001
		],
		"loss": "squared",
		"lr": 0.001,
		"lr_decay": null,
		"metr": "euclidean",
		"momentum": 0.4199289601348085,
		"reg_type": "l2",
		"staircase": false
	},
	"train_params": [],
	"weights": [
		[
			[
				-0.00048139390837518973,
				0.00020682126530808566,
				0.0007156859771539864,
				-0.000608913369321751,
				0.00041517837987580354,
				0.0003980633013329093,
				-0.00022637694769931933,
				-0.00032533518593527136,
				0.0008572212441904853,
				0.0008001635356774217,
				0.0004688073949273184,
				-0.00040815172872162367,
				0.0008714085166169616,
				-0.0009845196918129833,
				4.1397895334319796e-05,
				0.0005100876681598965,
				-0.0006130447917946388,
				-0.000306453322334824,
				-0.0006994616108996412,
				0.00013559829864639322
			],
			[
				0.0003703039014475349,
				0.0008908355322502575,
				-0.0009961859464903981,
				0.0008393522861727168,
				0.0008580042005902166,
				-0.0003013970836207307,
				6.637645026305941e-05,
				-0.0009283642415298496,
				-0.00045691750885384463,
				-0.00034748417804476774,
				-0.0009752901911475687,
				-7.566934089763987e-05,
				0.000599867146115078,
				0.00047249645046395193,
				0.0007352516818099394,
				0.0008331676200790746,
				0.0008217055166429338,
				-0.00018364288696642015,
				0.00027143072618453744,
				-0.0009493278557141298
			],
			[
				0.0005816833405190059,
				0.0003781069037231699,
				0.0005612493575717649,
				-0.0005214556187613006,
				-0.0009326343423935535,
				-9.805353134144921e-05,
				-0.0004956645936503352,
				-0.0007109961042962623,
				-0.00010355517771988803,
				-0.00020136627750431371,
				-0.0001814884506891359,
				-0.0009180778537735838,
				0.0004646637982377087,
				0.0005611062732708717,
				0.0005864079234425314,
				-0.0006857601211500957,
				5.6695704834630167e-05,
				6.681784192120316e-05,
				0.00046659039678087033,
				-0.0005162602614563701
			],
			[
				0.0009091320601447819,
				0.0002529039984036608,
				0.0004449163756599444,
				-0.0001627271647699389,
				0.00046836799841471215,
				0.0005559987746704086,
				7.214018048995268e-05,
				-5.3943372758911826e-05,
				0.0004543877558377744,
				0.0005799679734989226,
				0.0005707392215358867,
				0.0003329452157730922,
				0.00046548960262304535,
				0.0009806648591296143,
				0.0004533438675974719,
				0.0002932186574102363,
				0.000629665175258936,
				-0.00033716388190292896,
				0.00041024056979713187,
				0.0001657122566762542
			],
			[
				-0.00066455164295217,
				0.0007384225523375172,
				-0.0007358885408670049,
				0.00046228035586327377,
				-0.00013327845789712182,
				0.0009590052131090722,
				-0.0007846005445027755,
				-0.0005366309355640971,
				0.0008792272491449764,
				-0.00035395949754415425,
				-0.0004093163975761114,
				-8.873693821503828e-05,
				-0.000469809896114358,
				0.0009585014932126522,
				-0.000748180108390189,
				0.0008302643077166296,
				0.0005855195988487434,
				0.0009204388297412575,
				0.0008117356566588472,
				0.0007859746296920796
			],
			[
				-0.0007069752544163169,
				0.0002537745270594703,
				-0.0004047222844492717,
				0.00015992416032638052,
				0.00012342224772962846,
				-0.00046143402478443843,
				-0.0006792434990740093,
				0.00022081110431188032,
				0.0009274643457181863,
				0.00014344850738974005,
				4.53344501557399e-05,
				0.0007122391523168743,
				-0.0005354201137527432,
				4.9136960122353555e-05,
				-0.0008376036063190327,
				0.0009415911435310172,
				-0.0009957046706250876,
				-0.00045722850905033515,
				-0.0003775207310497624,
				2.1507524716154677e-05
			],
			[
				0.00021347528643884213,
				0.0006740964478800103,
				-0.0006195559717056894,
				1.9774160100432875e-05,
				0.0009367789928215122,
				2.7075285754014303e-05,
				0.0002220100377575804,
				0.0009381750648335299,
				9.078063583967187e-05,
				-0.0006527822592049181,
				-0.0003710245449484917,
				9.196058048869886e-05,
				9.64072391994484e-05,
				-0.0007063594357565705,
				-0.0006431737559103119,
				0.0002488866899807269,
				0.00020891984758838024,
				-0.000458089310020034,
				-0.000745545458485376,
				-0.0009167348919391254
			],
			[
				-0.0009625040542294114,
				-0.00011582660374444623,
				9.841481233559008e-05,
				0.0005782055381107728,
				-0.0005465042947649305,
				0.0008495426065802051,
				0.0004464672838254886,
				0.00013506999648761706,
				8.508452067511438e-05,
				-0.00059015405187883,
				0.0002910351399306344,
				0.0007695039519237084,
				-9.449952012179508e-06,
				0.0008263216483588439,
				-0.00046545683687691894,
				3.0153434118111028e-05,
				0.0005362952613976175,
				5.055088683153888e-05,
				4.30143749202078e-05,
				0.0009862903146934054
			],
			[
				0.0006535935468495069,
				-0.0002993511341299218,
				0.0009491601618843075,
				0.00021502301512235102,
				-2.1716944728219882e-05,
				0.0009742978111148661,
				0.0008078431195106602,
				-0.0009003010856197804,
				0.0007373980876327565,
				-0.00024915265600310946,
				0.000400993978488936,
				-0.00011888761041114896,
				-0.0007404103565369211,
				0.000997358566820088,
				0.0007956921136573274,
				-8.431729489817368e-05,
				0.0008798583840461864,
				-9.460090134259054e-05,
				0.0005955069481248965,
				-0.0002760745762446137
			],
			[
				-0.0007817316031345492,
				-0.0006070600445718994,
				9.749881898668783e-05,
				-0.00017003018881259484,
				0.0008916422579084574,
				-0.0005065187982110051,
				-0.000499056227555426,
				-0.00023393293588270202,
				0.0007433668049823721,
				0.0007074742883421655,
				-0.0003057309400532869,
				-0.0004880172144182207,
				-0.0001529663319705174,
				0.000751959465544343,
				-0.0002205437106680277,
				-0.0009691608563137795,
				-0.0007473671789308814,
				-0.0006356885350214277,
				-0.00032666577864999514,
				-0.0004171827343576617
			]
		],
		[
			[
				0.000353036747130037,
				0.00046228654867447186
			],
			[
				-0.00018834526846848738,
				-0.0007352518019025616
			],
			[
				0.0008083787815431303,
				0.00025092741060774026
			],
			[
				0.00014638122576046513,
				-0.0008206726860700704
			],
			[
				-0.0009798782725496074,
				0.000828756656973711
			],
			[
				-2.152195488203763e-05,
				0.0001287735530888128
			],
			[
				-0.00038078715455565717,
				-0.00012414571387649273
			],
			[
				0.0005478705695157553,
				-0.0005406386545834659
			],
			[
				0.0005045695640802264,
				-0.0005877047649105749
			],
			[
				-0.0007765850960475034,
				-0.000971682177952693
			],
			[
				-0.0006315259899755301,
				-0.0008130263670758315
			],
			[
				-0.0005656190249263724,
				-0.00029077396154920997
			],
			[
				0.0007345953578927972,
				0.00012994284459295403
			],
			[
				0.0009523949832246032,
				0.0008394630524664823
			],
			[
				0.0002666223339200919,
				0.0008161916940223565
			],
			[
				-0.00038336076746906087,
				-0.0004031307160097062
			],
			[
				0.00024720354005321903,
				0.000976307937130513
			],
			[
				0.0007729303494943523,
				0.0007210530322768771
			],
			[
				-8.834809065083691e-06,
				-0.0009368858683482635
			],
			[
				0.00011606982771547158,
				0.000941279912654815
			]
		]
	]
}