{
	"model_params": {
		"input_dim": 10,
		"units_per_layer": [
			20,
			20,
			2
		],
		"acts": [
			"leaky_relu",
			"leaky_relu",
			"identity"
		],
		"init_type": "uniform",
		"batch_size": 200,
		"decay_rate": 0.95,
		"decay_steps": 576,
		"epochs": 800,
		"lambd": 1e-05,
		"limit_step": null,
		"limits": [
			-0.001,
			0.001
		],
		"loss": "squared",
		"lr": 0.005655844946607864,
		"lr_decay": "exponential",
		"metr": "euclidean",
		"momentum": 0.7709349296879282,
		"reg_type": "l2",
		"staircase": true
	},
	"train_params": [],
	"weights": [
		[
			[
				-0.00044137402073743414,
				0.00013045758544533723,
				-0.0006653862570712203,
				0.0003304925937838495,
				-0.0006901335443674148,
				-0.0007920376192463678,
				0.0005496870959430789,
				-0.0003703922903809891,
				0.0007169928811460626,
				0.0006517403428300396,
				-0.0009023489195179555,
				0.0008779653717713408,
				-0.0008638460723105517,
				-0.00025952521877637596,
				-0.000304734456786252,
				0.0006257965395885282,
				0.0008532381311071432,
				0.00011751926099710128,
				9.985335400035486e-05,
				-0.0004417011352322315
			],
			[
				0.0006358189390865147,
				0.00021901567003758328,
				-0.00027741901060015324,
				0.00015767365767782354,
				-0.0004378446024994276,
				0.0007987946089660855,
				-0.0006226398285260682,
				-0.0008149752340947139,
				0.00035276889130777937,
				0.0008629194964791308,
				-0.0008784116045820581,
				0.00011499805335858887,
				0.0004199508559191373,
				-9.176454901518123e-05,
				0.0002661389551312349,
				-0.000685300096588833,
				0.0004129601703011885,
				0.00014089668509263144,
				-0.000694396738544443,
				-0.00010207937977431674
			],
			[
				5.297416050623017e-06,
				0.00037212933441642783,
				0.00028740707855765576,
				0.0008721351200790314,
				0.0009492353188878214,
				0.00037415226537405063,
				-0.0007512097604787736,
				-7.737817819847065e-06,
				-3.810268148747055e-05,
				-0.00010630230006147844,
				-0.000974501458341899,
				0.0008456990085721396,
				-0.000867722798330567,
				6.848492949044225e-05,
				-0.00013474780175452806,
				0.0006869966729211657,
				0.0009356649046494178,
				-0.0008603563450248776,
				0.00015694691721054128,
				0.0003551598876112682
			],
			[
				0.0002623028363696511,
				0.0009221890846154034,
				0.0006461456055055184,
				-5.435653122096086e-05,
				0.0008003226004218804,
				0.00015145785047226252,
				-0.00048485974921211425,
				0.000602903129227462,
				0.0004214175270612626,
				0.0007782895355032773,
				-0.0006746532532869019,
				-0.000947899285187692,
				-5.3848094465390266e-05,
				-0.0004957618545500429,
				0.00019332181373517905,
				0.0009863718176815837,
				0.00026557429551860414,
				-0.0008920399991291521,
				4.7729084325169504e-05,
				-0.000743785705135505
			],
			[
				0.0003704316699256174,
				-0.0007465359162279561,
				0.00034514241774081817,
				0.0006774059161679909,
				0.0007512177811339344,
				0.0007643153543144736,
				0.0003899027168892729,
				-0.0004099621382552712,
				2.2020393378288476e-05,
				-0.0005315178225044286,
				0.0004297123316738033,
				-0.00010660912499833766,
				-4.66694639408618e-05,
				0.0007956565971623021,
				-0.0006115480173656904,
				-0.0008028488464117518,
				0.0009811580691719167,
				0.0008086685855975564,
				-0.00014149570785893493,
				-0.00016172277148149554
			],
			[
				-0.000750704629885727,
				0.00042743730084513973,
				0.0006719080508825223,
				-0.0007135401003654127,
				-0.0009980744090085547,
				9.208517077119623e-05,
				-0.0008367397953773781,
				0.000691609072152154,
				-0.0005921337725839047,
				-0.00043301435070621343,
				0.0004938253881700697,
				-0.00011427985022263829,
				0.0003212938372776854,
				-7.42510422207408e-05,
				-0.0008048790008512867,
				-0.00025221278503072654,
				-0.0003976359958744888,
				0.00040100258603368547,
				-0.0007024130501693978,
				-0.0006569076526745472
			],
			[
				0.0009450444069193369,
				-0.00023510306496841939,
				-0.0009233374322459549,
				0.0009790364614543647,
				-0.0007540605797267399,
				-0.0005015179553818503,
				0.0009845217431965073,
				-0.00024390241220251263,
				-0.0008753214888660903,
				0.0009374524356145484,
				-0.0009060873702550747,
				0.0009185509901094636,
				0.0007712581451280536,
				-5.937449326148467e-07,
				0.0004304631502436043,
				0.000554594856326521,
				-0.0006681242264364338,
				-0.0002982868332550863,
				0.00017835028135985411,
				-0.000622403840060405
			],
			[
				-0.0008865526161423883,
				-0.00037665723011230906,
				-0.0001854177884315169,
				-0.000531474422304522,
				0.0006927272270630309,
				0.0007638811736821911,
				0.0005874592753520118,
				-0.0007838755002132889,
				0.00027795501307792316,
				0.0005799170183209492,
				4.785963209314901e-05,
				-0.000924588593668241,
				-0.00011281617824058523,
				-0.00047718916241234544,
				-0.0004869489616485461,
				-0.00029860880880847084,
				0.0002909927268094372,
				-0.0006661350673521052,
				-0.00045139644494716837,
				-0.00020845193729081713
			],
			[
				0.0008089759455133987,
				-0.0008789404522131592,
				-0.00026077732787412435,
				-0.0005328354622038263,
				0.0005476604995699825,
				0.0001215107254888448,
				-0.0007646153001763054,
				-4.003117828502243e-05,
				0.0007121229113849377,
				0.000283702187469144,
				-0.0007926349583646757,
				-8.388435683227998e-05,
				0.0008914401256446879,
				-0.0008383777871093378,
				0.0006739235855051887,
				-0.00043654964191015063,
				-0.0009576418020655593,
				-0.00032602342601753943,
				-0.0007383908279389045,
				0.0009240438435464376
			],
			[
				0.000647291261221164,
				-0.00016254707442312725,
				-0.0005597215009016591,
				0.00017884167637459121,
				0.00022782157690665029,
				-0.0007973710721580985,
				0.0005407257100384204,
				-0.0004555880865333117,
				0.0001763293447340547,
				-0.0004993219259648078,
				0.0002530320237408548,
				-0.000597653534173891,
				0.0005304443958489746,
				0.000532300853789321,
				0.0004353557724480902,
				-0.0007749046299681073,
				-1.1287725215766145e-05,
				0.0008779120647061114,
				0.00033281675779103705,
				0.0004808122078308139
			]
		],
		[
			[
				-0.0006832154631320842,
				0.00024919616589358547,
				0.0007188961840686077,
				0.0009314827993387952,
				-0.00024071745067582608,
				-0.000326476934841335,
				-0.0004305552994467043,
				0.0007998953276751152,
				-7.025831027025525e-05,
				-3.910809447333133e-05,
				0.00044703716853995473,
				2.811656781255426e-05,
				-0.00034301331704162427,
				-0.0007411802814244057,
				5.7435217023344386e-06,
				-0.0006844895811130283,
				0.0001775304436588349,
				-0.0005732031687574419,
				-6.36596100843514e-05,
				0.0008526733244208684
			],
			[
				9.29221877677413e-05,
				0.0003467404000309486,
				-0.00042317153356158865,
				-0.0005742900173396511,
				4.693283233212116e-06,
				0.0006949914214632608,
				-0.0003856191174567145,
				0.0006046389306133839,
				-0.00030426868356741286,
				3.2730153028800914e-06,
				-3.144344552429804e-05,
				-0.0009998776115658688,
				-0.0002779138604475595,
				0.0006958944093627935,
				0.0007145556312878295,
				7.0204831216294505e-06,
				0.0009201876668087144,
				-0.0007957078726994824,
				-0.0005548419534476795,
				0.000605919640984403
			],
			[
				0.0009948122887908323,
				-0.0006326192616892001,
				0.00045815662858953755,
				-0.0009657190149342972,
				-0.0007367024763513732,
				0.0005541934544120277,
				-0.00011057669655766889,
				0.0009228575272168704,
				0.000919009863785352,
				0.000932356109796762,
				0.000998243422322736,
				-0.0003475495095824966,
				0.0009772214238024908,
				-0.0002097209997684844,
				0.0005208168347843945,
				0.0009201901918914949,
				-0.0008006938725461985,
				0.0002570663624466426,
				-0.00046193112567258915,
				0.00011601534866491803
			],
			[
				-0.0008253428871350743,
				-0.0008296596051015952,
				-0.00024501945547379406,
