{
	"model_params": {
		"input_dim": 10,
		"units_per_layer": [
			20,
			20,
			2
		],
		"acts": [
			"leaky_relu",
			"leaky_relu",
			"identity"
		],
		"init_type": "uniform",
		"batch_size": 200,
		"decay_rate": 0.95,
		"decay_steps": 576,
		"epochs": 800,
		"lambd": 1e-05,
		"limit_step": null,
		"limits": [
			-0.001,
			0.001
		],
		"loss": "squared",
		"lr": 0.005655844946607864,
		"lr_decay": "exponential",
		"metr": "euclidean",
		"momentum": 0.7709349296879282,
		"reg_type": "l2",
		"staircase": true
	},
	"train_params": [],
	"weights": [
		[
			[
				-0.0009556407803846239,
				0.0008740209411157674,
				-0.0006922261026603574,
				0.0004129411153023757,
				-6.603129559507167e-05,
				-5.336829832175763e-05,
				-0.0007394957592434653,
				-0.00040618736796485316,
				0.0005470667686599537,
				0.0008160926300234341,
				-9.693051658253603e-05,
				-0.0005279530783089781,
				1.9284993596643384e-05,
				0.0006717740120688786,
				0.0007188541255991102,
				-0.0009913694478735193,
				-0.000743279559518896,
				0.00034437861858830905,
				-0.0007410896834893032,
				0.00046388915160247373
			],
			[
				0.00019128225897589398,
				0.00019487639859703393,
				0.0009865674643949594,
				-0.00019032006684035552,
				0.0005395327427441545,
				-0.0006252938747701391,
				0.00031239674647834934,
				-8.035573691197008e-05,
				0.0003048989438359678,
				0.000826922513418828,
				0.00038719808673591386,
				0.0005618893208495035,
				-0.00010103390145546219,
				0.000988794631919053,
				-0.00044716784007602334,
				0.0006165960365023277,
				0.00037954002002269947,
				0.0007437116336237472,
				-0.0001724223885354255,
				0.0009054416532904928
			],
			[
				0.000570145499058453,
				-9.278788800425389e-05,
				-0.00027671821159319545,
				0.0001287070691750095,
				-0.0009550545610941395,
				7.995517410364973e-05,
				0.0006091915631090265,
				-0.0003067550757223272,
				-0.0006438032985858109,
				0.0007507831271888346,
				0.0001798809455416208,
				-1.2780133625562217e-05,
				-0.0009241184433772491,
				0.00016622917634843363,
				0.0009144280278639623,
				0.0003428644264051254,
				0.0005235587898313233,
				0.0006435469808516935,
				0.00042575406941795985,
				-0.0001515687826289491
			],
			[
				-8.675993741049325e-05,
				0.0005152843902048391,
				-0.00040181996777317484,
				-0.0008063023485404273,
				0.0009737723949257951,
				0.00040500122622255403,
				-0.000465465130078877,
				-0.0001344790398574169,
				-0.00025705217486654216,
				-0.0003461161584039891,
				0.0009483462697590038,
				-0.0005964579989377633,
				-0.00011798736774536113,
				0.00013201039110176394,
				0.0006563401949677959,
				-0.00026631972132856263,
				-0.000291984431667927,
				0.0003535549675542219,
				-0.0003305133616570582,
				0.0006741182003521615
			],
			[
				1.482560945962252e-05,
				-0.0009315677884460503,
				0.0005600315374934268,
				-0.0008459473451698096,
				0.00014161026612706366,
				0.000904394345339152,
				0.0008754951155899391,
				-5.644699881303427e-05,
				-4.570969856454931e-05,
				-0.0002681106476678381,
				-0.0009052172843363977,
				-0.0008620250145020835,
				-0.0006014870610072705,
				6.216518074077487e-05,
				-0.0003819849277590712,
				0.0009205999959250022,
				1.2178806306401696e-05,
				0.00024345074962313059,
				-0.0008502096873558677,
				-0.0009108758533931605
			],
			[
				0.00031065989737048046,
				-0.00014602895943278634,
				0.0006380964642765023,
				0.0004937485587380864,
				-0.00023109782791296875,
				0.00021228150142593803,
				0.000562725516844565,
				0.0007522574676123324,
				7.346837970429246e-05,
				-0.0003998036715468469,
				-0.0005671247796702856,
				0.00037809826098332815,
				-0.0003885061761606099,
				-0.0004456860439631616,
				0.0005915148057619956,
				-0.0008245464728980485,
				6.223620548902208e-05,
				0.0009591898487123825,
				-0.0005919618008956698,
				0.00030611337180112873
			],
			[
				0.0002712409101576587,
				-0.0003136657301567769,
				0.0009263321393293135,
				-0.0006455589382146765,
				-0.0009783956383271131,
				0.0001267256952173846,
				0.00020670981932358165,
				-0.000329547844660472,
				-0.0005118782385646237,
				0.00012929883997040196,
				-0.0007371598875901815,
				0.0001361519963543681,
				-0.0008494518027172559,
				5.313742237337258e-05,
				0.0006307439891454335,
				0.0007972732073720237,
				0.0003007220336399266,
				0.0008342478093790197,
				0.0003909578341944344,
				-0.0003499512420693247
			],
			[
				-0.0007609142149675252,
				-0.0006702463930965148,
				-0.00027886154298808563,
				-0.0007913955168422169,
				0.0002572874381918961,
				-0.00054892657183563,
				-0.0006337568986611319,
				0.0004655860127456052,
				-0.0007539427803847853,
				-0.0009793586510252511,
				0.0001401340957075249,
				-0.0006017656246394014,
				-0.00031256522739066695,
				0.0007512300830972765,
				0.00036447771400162474,
				0.0002241090258010771,
				0.00043998047591128713,
				0.0006190742118436974,
				-2.0571968191957207e-05,
				0.0007917421737479091
			],
			[
				8.412031234005489e-05,
				-0.000866888870253925,
				-0.0007236344349783705,
				-0.0008303066148529228,
				-0.00091041442104776,
				-0.00046437956547172197,
				-0.0004702590345795767,
				-0.0006063410611509546,
				-0.0009294094028943165,
				-0.000539033580967712,
				-0.0001423934665667426,
				-0.0005449326236914889,
				-0.0006244180481917549,
				0.0005485637286311163,
				-0.00028251441863934735,
				-0.0004716799252567381,
				9.273490240191201e-05,
				-0.00046570084946134685,
				-0.00089668319182702,
				0.0004932759838823786
			],
			[
				0.0007769449873596852,
				-0.0007339238357352318,
				-0.0009408355983197037,
				-0.0006671687725426291,
				-5.968663892811526e-05,
				0.000592747071054608,
				-0.0005662916663830349,
				0.0009695337700706616,
				0.0003358375205756959,
				0.00037572343045711386,
				0.0009781929743779747,
				-0.0006363184712628691,
				0.000532829597676416,
				0.00030628797807826327,
				-0.0003374038492713307,
				0.00026962380828541937,
				-0.00019691481586740452,
				0.00018580075227202448,
				-0.00011063571462445096,
				-0.0009401982619922536
			]
		],
		[
			[
				-0.00080898611346028,
				-0.0007735535445591091,
				0.0002832974062823865,
				0.00024047757226655967,
				0.0001792901169139049,
				-0.00034727696084236096,
				0.0009444209976439025,
				0.00034663754565491763,
				-0.00016890030317495187,
				-5.546177772903875e-05,
				0.0008818130263925218,
				-0.0002372146054623565,
				0.0007748002933946883,
				0.000693270054668004,
				0.0009695551750983325,
				0.0006538782462858972,
				-0.0005540804940920357,
				0.00011477262527949069,
				-0.0007902755166378739,
				-0.000811127171890383
			],
			[
				-0.00030800225713881993,
				0.0007881570279523798,
				0.0006697569985284046,
				-0.000139846077720172,
				-0.0009640428071730889,
				-0.0007202979858514527,
				-0.0006495286472134108,
				0.0006908826499581577,
				-0.00015052052010447242,
				0.000356948192970616,
				-1.560382807271228e-05,
				0.0004138130616526633,
				0.0007455209296469102,
				0.0006485594253513708,
				0.00023428072163582587,
				0.0008346649393802296,
				0.00010153200233876795,
				-0.000599178752755839,
				0.00025790241116489874,
				0.0006652419909727264
			],
			[
				-0.0007604363020085156,
				0.00027952731199558443,
				0.0005194520947995481,
				0.0006614431344922746,
				-0.000944380621847545,
				-0.0008679921328871813,
				-0.0009764679235175495,
				-0.00041787162235511395,
				0.0008121623131477653,
				0.0004204776387057869,
				0.00012865185604905654,
				0.00077960984790482,
				-0.00038498778411495335,
				0.0009399872325540771,
				-0.0003749897681953855,
				3.3232520049232854e-05,
				0.0006978417775518519,
				5.4988802616818665e-05,
				-0.0005052177214795643,
				-0.0006356258480031463
			],
			[
				-0.0008301653515429615,
				0.0008785518749508307,
				-6.145066815432029e-07,
				0.000842885339291847,
