{
	"model_params": {
		"input_dim": 10,
		"units_per_layer": [
			20,
			20,
			2
		],
		"acts": [
			"tanh",
			"tanh",
			"identity"
		],
		"init_type": "uniform",
		"batch_size": 91,
		"decay_rate": 0.95,
		"decay_steps": 500,
		"epochs": 150,
		"lambd": 0,
		"limit_step": 500,
		"limits": [
			-0.001,
			0.001
		],
		"loss": "squared",
		"lr": 0.007185958238678252,
		"lr_decay": null,
		"metr": "euclidean",
		"momentum": 0.7977428112252327,
		"reg_type": "l2",
		"staircase": false
	},
	"train_params": [],
	"weights": [
		[
			[
				0.00040222434887316806,
				-0.0008869677448345939,
				-0.00039078763322877234,
				-0.0007540500032966036,
				-0.0009906835270296717,
				0.0006274914403977627,
				0.0005366379637181749,
				-0.000671971061543772,
				0.0002542426295305323,
				-0.0008795130531166176,
				-0.00040612226979573716,
				-0.0003778900097215636,
				-0.00037596996701796145,
				0.0006422412466229399,
				0.0009888147542010733,
				0.00076998108488995,
				0.0008345334061381771,
				-0.0004547607546457344,
				-6.86204403534034e-05,
				-0.0007355380604199897
			],
			[
				0.0004543780994968247,
				-0.0005747091999598964,
				-0.0003139324606059599,
				-0.00022996512323580714,
				5.9635627344123204e-05,
				0.0006353902209386294,
				-0.0003142136977581473,
				0.0009614225542122104,
				0.0007780060069116639,
				-0.00034209136404642223,
				-0.0009236223183345259,
				0.0009952934978837017,
				-0.0006254495995106766,
				-0.00035198175805783776,
				-0.0002413523792944263,
				4.66526337417404e-05,
				-0.0008607292675154062,
				-0.0005530853791779911,
				0.000943597747143224,
				0.0007036691509162783
			],
			[
				-0.0005296542176405356,
				-0.000902215911267168,
				-0.0003011143453603973,
				-0.00030152329761238964,
				0.0003821927125938762,
				-0.0007397482788399506,
				0.0005903997972102242,
				-0.00022714447177755038,
				-3.652876051570941e-05,
				0.0009525015790594876,
				-0.000906618476939743,
				-0.00010893912965296432,
				0.00033242897579844363,
				-0.000359965497766906,
				-0.0005033611486621798,
				-0.00021288881192463858,
				0.00066633861769525,
				0.0009207747806777539,
				0.0008993165205479238,
				-0.0006930911773138728
			],
			[
				0.0001841291638432917,
				0.0005786151370505152,
				0.0009946604199650012,
				0.00010726749600401073,
				-0.0006244358924558189,
				-0.00014901958484742116,
				0.00048056415408743894,
				-7.920988147180647e-05,
				0.00018700393269400085,
				-0.00011598419871639161,
				0.00025400405041089416,
				0.0009046960968442401,
				-0.00046872252830784753,
				-0.00044758498107148805,
				-0.0008479347841185931,
				-0.0007228147086518317,
				0.00033079756424566546,
				0.0004925020473282059,
				0.0004145361600669797,
				-0.00023540490026522233
			],
			[
				-0.00043795603228993297,
				0.0008135927541525762,
				-0.0006501204889676549,
				0.00015345285862450298,
				-0.00012155006159506336,
				0.0004083432503618543,
				0.0008689427241812102,
				0.0006611624394142837,
				-0.0003331285385447478,
				0.00036760992530426124,
				-0.0005420050536593071,
				0.0001632646698145326,
				-0.00026415077530896275,
				0.00023319045735094301,
				0.0005809265636281522,
				-0.000923628955381424,
				-0.00040790546902904864,
				-0.0006873684723947115,
				-0.0006567488562520114,
				-0.0006306982374875556
			],
			[
				0.000984144771930734,
				0.0009161064909557625,
				0.00020468777723014098,
				0.0007120565526347535,
				-0.0007492151775248164,
				-0.00032215635207378894,
				0.0008277723249768755,
				-0.00033968730608280003,
				0.00037390921934374647,
				-0.0004091781324200044,
				0.0005937951329044986,
				-0.0007696980781606768,
				-0.0005346509156580794,
				0.00015319701758260496,
				-0.0007080869399876972,
				-0.00022255543999549548,
				0.0007396287796805649,
				0.00010531632748765531,
				0.00043780457320312014,
				0.0005953575903697283
			],
			[
				-0.0004976589587847684,
				-0.0007790465949479681,
				0.0005060236383867694,
				6.238405955710487e-05,
				0.00040910599171670886,
				-0.0006326183790424213,
				-6.975980247623517e-06,
				-0.0003559352758243402,
				-5.200569614870806e-06,
				0.0006658409812905807,
				-0.00060796812227584,
				-0.0005341912969412899,
				-0.000485710226055335,
				-0.0003408408099894691,
				0.0002821234108462043,
				-0.000667891606790983,
				0.00022303237406625796,
				0.0004690883745277002,
				-0.00030435920644679014,
				-0.0006878021375204834
			],
			[
				0.0006656550901924037,
				-0.0006792443071300751,
				-0.00019681352029895073,
				0.0004987255733020675,
				-0.0009567559610756255,
				0.0007612759829965768,
				-0.0006592015168522323,
				-0.000593004360728152,
				0.0002087341415852237,
				0.000964412332262625,
				0.0007880518115806515,
				0.0003264076275885444,
				-0.00078015755712707,
				8.353916612351435e-05,
				-0.0002316499947440365,
				0.00014905111020904359,
				-2.859436514745454e-05,
				0.00031771135433281226,
				-0.0004442849253487429,
				-0.000762150243955093
			],
			[
				-0.0004652758132967852,
				-4.989075628746248e-05,
				-0.0006462310715569994,
				-0.00022433679741818205,
				-0.0006540202507953276,
				0.0006975423105824289,
				0.0007553205491428734,
				-0.000884432431284532,
				-9.491994315608682e-05,
				-0.0008323007762111928,
				-0.0005788105873441639,
				0.0009506421410121252,
				-0.000986444147871596,
				0.00016148947628786582,
				-0.0005469913491070228,
				0.0002792302485581893,
				-0.0007688143493502111,
				0.0008077201421853031,
				-5.042923820774026e-06,
				-0.0008869050555720317
			],
			[
				-0.0005270050047797819,
				0.00023532733857002143,
				-0.0005888330233975392,
				-0.00018421732187050613,
				-0.00014351017940574982,
				0.000341052982401576,
				0.0003590476663056861,
				-0.00026870422683942304,
				0.00014667582758316603,
				0.00019429539514820185,
				0.0007034201357129502,
				8.945142354692707e-05,
				-0.0004355409120003126,
				-0.0008034782103572494,
				0.0006539332968357168,
				0.0006816281062792349,
				-8.762461537292169e-05,
				-0.00091745653139753,
				-0.00040214256074505236,
				-0.0007761797343933321
			]
		],
		[
			[
				-8.049082411798296e-06,
				-0.0004681131726786208,
				-0.0001365250336754411,
				0.0004136695580765318,
				0.00036530191679676085,
				-0.0005162824082564803,
				-0.0004340348428906551,
				0.0008942114464685937,
				0.0005778801407253678,
				-0.0007957484763050222,
				0.0006343739045132021,
				0.0005415071863370301,
				0.0007374998720660415,
				-0.0007405099358516128,
				0.0009567249222223856,
				9.36166147776662e-05,
				0.0002582677841313243,
				0.0004595468644315703,
				0.0002129862490069718,
				0.0001006262324571303
			],
			[
				0.0008484955107777928,
				0.0005029992565719985,
				-0.0007635718963503489,
				-0.0006909858043658485,
				-0.000567116073939268,
				3.0226782196076957e-05,
				-0.0004903111517150547,
				-0.00047771357536672036,
				0.0001494737808742251,
				-0.000560287620085661,
				0.0007408231408774755,
				-0.000694560435353053,
				-0.0004826879493799645,
				-5.2270406953532924e-05,
				-7.485793370650936e-05,
				9.644043003303082e-05,
				-0.0008386066625007056,
				-0.0004093684128685513,
				0.00017781097826853934,
				-0.0004839710189864546
			],
			[
				0.00023799046002745514,
				4.0616666249679604e-05,
				-0.0006415309379026758,
				-0.0005653871641121171,
				-0.0004341154608175795,
				0.0008499416132257444,
				-0.0002962821632606248,
				0.0004592302955700792,
				0.0008046860052150246,
				-0.000289850887745696,
				-0.00029393653867010913,
				-0.0003532014581832534,
				0.0002493109749346146,
				0.0005365881108626766,
				-0.0006085442726899439,
				-0.0007215867840758192,
				-0.0003063579786404178,
				-0.0009893489692119409,
				-0.0007356574793444745,
				0.0006610685859704361
			],
			[
				-0.0004694114202293194,
				-0.00038961337687954073,
				-0.00046699168772389307,
				0.00019436515597480615,
