{
	"model_params": {
		"input_dim": 10,
		"units_per_layer": [
			20,
			20,
			2
		],
		"acts": [
			"leaky_relu",
			"leaky_relu",
			"identity"
		],
		"init_type": "uniform",
		"batch_size": 200,
		"decay_rate": 0.95,
		"decay_steps": 500,
		"epochs": 800,
		"lambd": 1e-05,
		"limit_step": null,
		"limits": [
			-0.001,
			0.001
		],
		"loss": "squared",
		"lr": 0.005,
		"lr_decay": "exponential",
		"metr": "euclidean",
		"momentum": 0.6,
		"reg_type": "l2",
		"staircase": true
	},
	"train_params": [],
	"weights": [
		[
			[
				-0.00036946993241801756,
				-5.562269617094518e-05,
				0.0005103539026033704,
				-0.0008357487626516212,
				-0.00038783726068137246,
				-0.00038269844051321163,
				2.859550055449604e-05,
				-0.0003418181849941586,
				-0.0006691591525339362,
				-0.0009142285991290964,
				0.0008144506386362526,
				0.00015031087723614426,
				-0.0008842022256138238,
				0.00012589968152305377,
				-0.000832821881923397,
				-0.00030864881245038053,
				-0.0009397953547668017,
				0.00019842203165524284,
				-0.0009130670277414057,
				-0.0003266176806219983
			],
			[
				-0.0009128625713586012,
				-0.0009671481481334719,
				8.110619405441084e-05,
				0.000722515115766545,
				0.0002460462452619548,
				4.820162411359251e-05,
				-0.0008464481212643211,
				-0.0002140407038811287,
				0.0006454478727836277,
				-0.0007920253895982549,
				-0.0002701111679289643,
				-0.0008597835267801974,
				0.0005084341366638405,
				-0.0009034595387835197,
				-0.00038709461778588695,
				-0.000640782831767138,
				0.0007771971270624544,
				0.00033170155174984894,
				0.0005477473323443687,
				0.000791556236082708
			],
			[
				1.7598491439496482e-05,
				-0.0006896388813818899,
				-0.00023105090904854933,
				-0.0005038010586152433,
				-0.0003317285208481231,
				-0.0008855977365840069,
				0.0004455947508597137,
				0.00046653211131405864,
				-0.0004191999886456266,
				0.00038323828878356926,
				-0.00023145035503175173,
				0.00022697367334920137,
				-3.786179738157205e-05,
				-0.0004274939904221715,
				-0.0007151037453074092,
				-0.0007493251461711562,
				-0.00019492100246857106,
				-0.0007263916920345936,
				-0.0009453048236029829,
				-0.0008967571499991089
			],
			[
				0.0006028688218766417,
				0.0008922344872722826,
				0.00027713282422456146,
				-0.00043699159999202705,
				-0.0007948036831347762,
				0.000251222376761101,
				-0.0005368705030207359,
				-0.0008426629926805778,
				0.0003194650312080456,
				0.0008147033541477059,
				-0.0005289024719781161,
				0.00029704179208210526,
				6.734417236347852e-05,
				0.0009862753199608074,
				0.0005930280332973931,
				0.0006621703261170423,
				-0.0002739433931192199,
				-0.00018752853982669437,
				-0.00019903211600336374,
				-4.1923495537763626e-05
			],
			[
				0.000803943934028164,
				9.038974609573052e-05,
				-0.0009934236720964646,
				0.0004484678865614639,
				0.0003388023130157967,
				-0.00039063620427387806,
				0.0003613485704009505,
				0.0005237416822298573,
				-0.0009635782585849479,
				-0.0006206645130108221,
				8.068987795821015e-06,
				0.0007701177659367355,
				-0.00015720168084424073,
				-0.0001700318582371778,
				-0.0008455613259857153,
				0.0002270254972137856,
				0.00010648670323075166,
				0.0007394114049218993,
				0.0006966874986750861,
				0.0009298188227444639
			],
			[
				-0.0007734265713671114,
				-0.00043640534909547134,
				0.0009642766546258332,
				0.0008938628353073368,
				0.0008788225078611492,
				-6.115705278389981e-05,
				-0.00034856334927154103,
				0.0006163117779580468,
				0.0007601132937439371,
				-0.00021975532562586934,
				0.0009697606247173881,
				0.0006375642243512103,
				0.0004207335520146698,
				-0.0001920325511075078,
				-0.0006454290907172036,
				0.0008579692982318655,
				-0.000896017094090843,
				0.0005959892227401853,
				0.0009635165746689138,
				0.00028079016782996255
			],
			[
				0.00034225403213786047,
				0.00027473223205887057,
				-0.0008500865348488966,
				-0.0002418924095742203,
				5.221149167851293e-05,
				0.0005921763748130537,
				0.0007505800932251852,
				0.00017786672251795914,
				-7.934132542442972e-05,
				0.0002964422763841127,
				0.0005782833576273537,
				0.00024266293214198192,
				7.4283525271016e-05,
				-9.445660084102237e-05,
				0.0004236544794105053,
				-5.3370652042599126e-05,
				0.00042867999724127714,
				-0.0007079006329197889,
				-0.0008916044104110226,
				0.000987067751331726
			],
			[
				-0.00013281204933589307,
				0.0002809032682304525,
				-0.0008986883856167348,
				-0.0007546834844940849,
				0.000506917200057476,
				-0.0002371105269301523,
				-0.0008184194387153541,
				-0.0001225561727280684,
				0.0005382925841570412,
				0.0006670611529980693,
				-0.00012800732885775252,
				-3.0603950940987445e-05,
				-0.0007269140225468543,
				-0.0005091062668108908,
				-0.0008165140217449224,
				-3.320936120277437e-05,
				-0.0007534649442842733,
				-0.0005997960182667246,
				0.0006700839479591256,
				-0.00015565153634625824
			],
			[
				-0.00038668991571278594,
				0.0002605972540435995,
				0.0005938225354499168,
				0.0008092908068633316,
				-0.0006829007858997656,
				-0.0004640762726158329,
				-0.000281554113714487,
				-0.00021967284226812067,
				-0.000287595894606838,
				-0.000881161732557837,
				0.00029473953413342914,
				-0.0004823189187019548,
				-0.0006480788215286579,
				-0.000333211824832794,
				-5.8650677389327616e-05,
				-0.0005316078821786794,
				0.0009067544137927033,
				-0.0006986515847112243,
				0.0008702617291946593,
				8.059756352739658e-05
			],
			[
				-0.00034311025352902003,
				-0.0008643520088198195,
				0.00026919774561962734,
				0.0008622519668683643,
				0.0004009844020082139,
				-4.6677416778253145e-05,
				-0.0008105579648941331,
				-0.0002070423760032749,
				-0.000998776171051688,
				0.0009163459263810893,
				-0.00015059799008669788,
				8.563921812399932e-05,
				-0.0003479163004542809,
				-0.0002843327426783638,
				0.00020586537483312435,
				-0.0003124110212245996,
				1.9797579811301836e-05,
				-0.00042824108255092356,
				0.0005727843721862499,
				0.0007218195366020129
			]
		],
		[
			[
				0.0007790248866666957,
				-0.00013846581367113768,
				-0.0003441507215416579,
				-0.0008608805705431488,
				0.0007274111621914635,
				-5.7531914258320406e-05,
				0.0001289767952425446,
				-0.00046831580199227594,
				0.0009949813845934294,
				0.0009291411801344274,
				-4.6192226373161773e-05,
				0.0006121310009267831,
				0.00018725987247816519,
				-0.0009202977735579377,
				0.0007063592427230087,
				0.00019299801755272641,
				-2.699110177689179e-05,
				0.0005277068862988496,
				0.0007595105096925689,
				-0.0005713358787059282
			],
			[
				0.00012606735090346893,
				0.0003677045912386539,
				0.0007466601281971355,
				0.00026271130898195775,
				-0.00010877684222344636,
				-0.0009845656458189532,
				-0.00079482127298838,
				0.0006347608504259062,
				0.000915422422474603,
				-0.0004003997633248058,
				0.0004627966519240728,
				0.00023011456383146655,
				-0.0008242570770408919,
				-0.0004574342327781413,
				-0.0003087220094729861,
				-0.00012127148011414522,
				0.0005298234128350684,
				0.0009253791875717314,
				-0.000670720806550841,
				0.0006906196367587019
			],
			[
				-4.267905323045325e-05,
				-7.819583974664535e-05,
				-0.0008303740957341726,
				-0.00037242171419716815,
				-0.000425322392000987,
				-3.693942411166565e-05,
				-0.0005260769316414433,
				0.0009349538096353719,
				-0.00012019499463515344,
				0.00028064096979241084,
				-0.0008709614025940531,
				0.000388565987349692,
				-0.0009803410743752727,
				0.00021118951279757727,
				0.0009036819884476284,
				0.0006124846442389577,
				-0.00028252486826868095,
				0.0006812682220597936,
				0.00045429854539338183,
				0.0008747235446386603
			],
			[
				0.000980740144575712,
				0.00041271622499463125,
				-2.9737810902300552e-05,
				0.00012965574853268875,
