{
	"model_params": {
		"input_dim": 10,
		"units_per_layer": [
			20,
			20,
			2
		],
		"acts": [
			"leaky_relu",
			"leaky_relu",
			"identity"
		],
		"init_type": "uniform",
		"batch_size": 200,
		"decay_rate": 0.95,
		"decay_steps": 576,
		"epochs": 800,
		"lambd": 1e-05,
		"limit_step": null,
		"limits": [
			-0.001,
			0.001
		],
		"loss": "squared",
		"lr": 0.005655844946607864,
		"lr_decay": "exponential",
		"metr": "euclidean",
		"momentum": 0.7709349296879282,
		"reg_type": "l2",
		"staircase": true
	},
	"train_params": [],
	"weights": [
		[
			[
				-0.0007288179089604918,
				-0.0005344014368625697,
				-0.0003317825782682795,
				-0.0009893330912767635,
				0.00011549476062063576,
				-0.000702104212678525,
				-0.0006844404078015943,
				-0.00011215899229708695,
				0.0007547727965221886,
				8.264985388017204e-05,
				-0.0008269254548382961,
				-0.0007032369314920779,
				0.0006811423083559801,
				0.0003895342862598758,
				-0.0005198738157208432,
				0.00036465503949689856,
				-0.0004036716893905623,
				0.000253086916833675,
				-0.000857455836349609,
				-0.00019708536338930395
			],
			[
				0.0007823324921236545,
				0.0006674139295229028,
				0.000753627076465047,
				0.00027610072754954084,
				0.0004862480194826153,
				0.0002326961496108839,
				-0.0009828150028700073,
				0.000292192499130223,
				-3.2644633083814614e-06,
				6.22599106672964e-05,
				0.0006176808780613018,
				-0.0005901008538108728,
				-0.0003198069829193611,
				0.0009277405725338621,
				-0.0009704240993751601,
				0.00016410802419537926,
				-0.000349997320232009,
				-0.0007723038711632557,
				0.0009686187945345394,
				-0.00048529067517903376
			],
			[
				0.00022190897570395322,
				0.0003833123776944235,
				0.000578962710765441,
				8.361420491926415e-05,
				0.0004717655305825231,
				0.0007145862993319914,
				0.0004085439195130958,
				0.0007172874536585979,
				0.00020057604831080354,
				9.096131084140933e-05,
				0.00016051909408804662,
				0.0008971152565297148,
				0.0006403050426172583,
				0.00043358952824388793,
				0.0009882863831097112,
				0.00024925177934596865,
				7.623908633570928e-05,
				-2.8629753569178805e-05,
				0.0001735563064179772,
				0.0009570039456893642
			],
			[
				-0.00044928136353132575,
				-0.0009050680401826072,
				-0.00031570158765984683,
				-0.0001079828942328958,
				0.0005751556763243723,
				0.00027095666963904055,
				-0.0007385539117697251,
				-3.8167141072312986e-05,
				0.0006211176434828289,
				0.00043954785214860796,
				-0.0007184717125374186,
				0.0007468555874103901,
				0.0007662777398063836,
				-0.0007628630408533554,
				0.00027250340274518974,
				0.00029248200959015717,
				-0.0008852261903179606,
				0.0009562442325337399,
				0.0007675208344461045,
				-0.00046416795513083155
			],
			[
				0.0007973398282608752,
				6.212314984948967e-05,
				0.0008410774925655747,
				0.00021872010992839532,
				-0.0009566640027714204,
				0.0004122700885038047,
				0.0006391210660488132,
				4.120623931473818e-05,
				0.0006545120552434299,
				0.0005206610548842826,
				-8.122338260490604e-05,
				0.0003792468026159626,
				-0.0002737265026073252,
				0.0006872206521443098,
				0.0006859310423982731,
				4.232938313415897e-05,
				-0.0006355092425080416,
				0.0001655717895381419,
				-0.00025182632422012104,
				0.00013953556803513335
			],
			[
				0.0003709223213050189,
				-0.0005224679947661644,
				-0.0004745636762675127,
				-0.0008093418675983565,
				0.00042834640729635747,
				0.0003406304172381665,
				-7.770885124493176e-05,
				-0.0002602989261485067,
				0.000907359864477727,
				-0.0002343120025538989,
				-0.0005255785714370197,
				-0.0006495087687062726,
				0.0009782223918497097,
				-0.000545243336984846,
				-0.0005008328697751932,
				-0.0009251927835957572,
				0.0005428018166643614,
				0.0009202857135493167,
				-0.00016476927590256072,
				0.0007077241738608965
			],
			[
				0.0006044148346000121,
				0.00035499104056261124,
				3.257835815513653e-05,
				0.0007065373290484345,
				0.0004527716067597345,
				0.0004367677872714991,
				-0.0008631098949909864,
				-0.0005262789107706671,
				0.00048514590279437504,
				0.00023347671204672956,
				0.00011128099384348695,
				-0.0009382195275038859,
				0.00042235114336099,
				-0.0008752389521099866,
				0.0003405645394156957,
				-0.00039165101405458434,
				9.371842753500264e-05,
				0.0009886633417141976,
				0.0002524762923162803,
				-0.0004767876657913626
			],
			[
				0.00022088284761967187,
				-0.00021209353738060302,
				-3.0004408423603998e-05,
				0.00037156870910411426,
				0.0008825098854811826,
				0.0005308104265981453,
				0.0006769164201765898,
				-0.00011655893866128748,
				0.0008757198009390814,
				-5.674414622843969e-05,
				0.0006302671436985157,
				0.00013294523105393833,
				-0.0006917719169450494,
				-0.0005866945430735579,
				-0.00023813185354364162,
				0.00015127040353413016,
				-0.00036137680725340275,
				-0.0007767366010844393,
				-0.0007125633848455795,
				0.0005926738646549101
			],
			[
				-0.0009888625749223817,
				0.0008863395439263806,
				-0.00019876842683808603,
				-0.0009466149297483635,
				0.0009541365435844188,
				0.0005504674404934894,
				0.000845808905530751,
				0.000828296422038691,
				-3.3612455724408e-05,
				0.0003251982982505578,
				-0.00044685494280876053,
				0.0004955786098471129,
				0.0002717670097111646,
				0.0009737611347122072,
				-0.0002502033525856063,
				0.00036531123292306354,
				0.0008981277984094105,
				5.030958139998882e-05,
				0.0002945369045899049,
				0.0009240155123301987
			],
			[
				0.0006430442349833333,
				0.0006687749511505722,
				8.004296852144057e-05,
				-0.0005574672400569114,
				-0.0005238325274288065,
				-0.00037797495711644285,
				-0.0009480191302632917,
				0.00018926437170789122,
				0.0001772327510283138,
				0.000521109946267204,
				-0.0006065987527185193,
				0.00014515881324026793,
				-0.00013148596659330017,
				-0.00014984099137841072,
				-0.0007013780188184111,
				0.00023034530032177382,
				0.0009803329558333964,
				0.00029063005472737807,
				-0.0009588335762737532,
				-0.0005921228230311329
			]
		],
		[
			[
				-0.00046872550220446564,
				-0.0006192155293388702,
				0.0005520695524016106,
				-0.0005688487624256795,
				0.0004441367162362302,
				0.00039973521777198406,
				0.00047133746582993046,
				0.0007119223590510639,
				-0.0008192888157582732,
				-0.0004385546924670212,
				0.00036918415844328003,
				-0.0007666536385366098,
				0.000639772793944199,
				0.0008692327128725045,
				0.0004348283944850227,
				0.00011888387618088996,
				-0.0005059202722408654,
				-0.0007785006494764601,
				-0.0008157754416869257,
				-0.0006009799387622836
			],
			[
				-0.000942124504277601,
				0.0007664678133997851,
				0.0004394629270090054,
				-0.000990982960733934,
				-0.0008826337671848781,
				-0.0002613574786593433,
				-0.0009357817288460509,
				-0.0006952303454045095,
				-0.00019859019086252024,
				-0.0005483257276025564,
				7.9110002050309e-05,
				0.0007321216753419406,
				-0.0003434601647395115,
				-0.0009812856885234084,
				-0.0008794022205582639,
				-0.00029066263171936965,
				0.0008097079320759702,
				0.0005147855856622624,
				-0.0002621809094974565,
				0.00034583020625976045
			],
			[
				2.3079288989070372e-05,
				0.0004804928819165115,
				-0.00045531251766504585,
				-0.0007788329504070224,
				-4.956353222846646e-05,
				-0.0004979112523190295,
				7.756845941853281e-05,
				-1.6891895930397577e-05,
				0.0007480553158397945,
				0.00011092040585352942,
				0.0005234631595832831,
				-1.99338743724711e-05,
				0.0003537554550041835,
				-0.0009458508783763546,
				-3.955461353035133e-05,
				-0.0007791280547098156,
				-0.00022346847970409155,
				0.0009996218157559533,
				-0.0008771397866960444,
				-0.0005514341475738658
			],
			[
				0.00038726450071400044,
				-2.6539456238619812e-05,
				0.00018289950163649258,
				-0.000492340886072737,
