{
	"model_params": {
		"input_dim": 10,
		"units_per_layer": [
			20,
			20,
			2
		],
		"acts": [
			"tanh",
			"tanh",
			"identity"
		],
		"init_type": "uniform",
		"batch_size": 91,
		"decay_rate": 0.95,
		"decay_steps": 500,
		"epochs": 150,
		"lambd": 0,
		"limit_step": 500,
		"limits": [
			-0.001,
			0.001
		],
		"loss": "squared",
		"lr": 0.007185958238678252,
		"lr_decay": null,
		"metr": "euclidean",
		"momentum": 0.7977428112252327,
		"reg_type": "l2",
		"staircase": false
	},
	"train_params": [],
	"weights": [
		[
			[
				0.0008055258632037486,
				-0.00021329739844736764,
				0.0009573278246096982,
				-0.0003372531832902348,
				-0.00028135923397989385,
				-0.0005634280437506493,
				0.00010762948653765753,
				-0.0007982929369964667,
				0.00045467757850195176,
				0.0005531565691572688,
				-7.000762684478351e-06,
				-4.2270044321947005e-05,
				-0.0007546252830041929,
				0.00033446524759934873,
				-0.00022766135581618445,
				-0.000471271310107688,
				-0.0007684309491990584,
				0.000846987068410313,
				-0.0009778802585761427,
				-0.0007109149300560968
			],
			[
				0.0007040354462399987,
				0.00038139890286479055,
				-0.00023367791576838685,
				-0.00042779064694524797,
				-0.00011792711096999132,
				-0.0008737801396757646,
				-0.000853495112051236,
				0.00036381155182007804,
				-7.487264077521601e-06,
				-0.0005986036408316584,
				0.0009455934070722691,
				-0.00022689137833680232,
				0.00015156845515233047,
				0.0001743737709424412,
				-0.0007925373042402702,
				-0.000783901128441705,
				-0.00048548561957861575,
				0.0009483134377362412,
				0.0009611557274860553,
				1.8918516884761484e-05
			],
			[
				-0.00025262590509716977,
				0.00048443003115956765,
				-0.0004556169281825142,
				-0.00031714754396879605,
				-3.950996592626309e-06,
				-0.0005143436206133483,
				-0.00022697628192721165,
				0.0002340506099074238,
				-0.00044366675456692555,
				-0.0006753389439983191,
				-0.00010432034429137046,
				-0.0008637546249281063,
				-0.0009119918287682527,
				0.0008477039608729593,
				0.0007836144083690289,
				0.00022932036486939715,
				-0.0005883774172392646,
				0.00019824300330990234,
				-4.921524216136054e-05,
				-0.0009537235272402096
			],
			[
				-0.0007203348591723769,
				-8.593253670216995e-05,
				0.00012785231080985737,
				0.0003040872403390765,
				0.00024139523803516812,
				0.0003052236467579522,
				0.0009638999302629607,
				-0.0008939502632805371,
				0.000398447573437558,
				0.0001344919234372809,
				0.0009078208804338276,
				0.00032452953764699035,
				-0.00027690603401729554,
				0.0007640128983194287,
				0.0005011679963957984,
				0.000691435238642579,
				-8.33935865407762e-05,
				0.00010049317283251707,
				-0.0008819919005579002,
				0.00034032194008297347
			],
			[
				0.0009480073069637637,
				-0.0004112859249743053,
				-0.0001957050466581665,
				0.0008180178230412119,
				-7.382243341161028e-06,
				0.0008087588250551116,
				0.0007031535049754482,
				-0.0003400853600086946,
				0.0008680218811795641,
				0.0003714190166951331,
				0.00029171868536455575,
				2.611797370620809e-05,
				-0.00035632887143342005,
				-0.0008832149803771245,
				-5.5648515480827775e-05,
				-0.0009569240127423699,
				-0.0005333264941652971,
				9.031292965159718e-05,
				-0.00017513632222641222,
				0.0007176231748686364
			],
			[
				-0.0005138094662969705,
				-0.0007026199231427656,
				1.84687956657104e-05,
				-3.647668215856273e-05,
				-0.0002975974143604172,
				-0.00017019546255777197,
				0.0007695383990019631,
				0.0002677345528966362,
				-1.290068430967223e-05,
				-0.0006838853259362842,
				0.0003543746016010285,
				-0.0008593525296042062,
				-0.0009067638287985414,
				0.00028114943618960555,
				0.000727119656996565,
				0.00019846044073006347,
				0.0005200956590716453,
				0.0009478926014983738,
				0.0002469429054676605,
				-9.468371456698406e-06
			],
			[
				-0.0009106543638581844,
				0.000337704808696085,
				0.00012359281419707874,
				-0.00028441649452390187,
				0.0006450742886839006,
				0.0009049902142275982,
				-0.0007807572407234768,
				0.0007595507510569101,
				-6.65753170948309e-05,
				0.0001153234407249141,
				-0.000617432806917219,
				-0.0006407597720914982,
				-0.00018879060892623744,
				-0.0005295635754666139,
				-0.0004133030020557181,
				-0.0005359559402738221,
				5.1530887251667904e-05,
				-0.00024166730002527187,
				-0.00013158578752502233,
				-0.0009816593530670317
			],
			[
				0.0004233371655331308,
				0.0009325757092697644,
				-7.646399637439253e-05,
				0.0007225882862460283,
				-3.556083828609388e-05,
				0.0001931307113822707,
				-0.00017816962575495983,
				-0.0004555261396945036,
				-0.0007515520331148864,
				0.0009070691196656393,
				4.075038616263354e-05,
				-0.0009259327308529295,
				0.00013684748167572128,
				0.0009435920956050519,
				0.0009745804705776954,
				-0.0002880263257568483,
				0.00023892734340091914,
				0.000469982664376659,
				0.00015882173389631434,
				0.0005071913687606676
			],
			[
				0.0006984648966010553,
				0.0006116439995829206,
				-0.000565926149694725,
				-0.00040553007911207125,
				0.0008482271121435878,
				0.0005795491503358318,
				-0.0007120489569569231,
				0.000514267956597913,
				0.0006709879236171982,
				-0.0009449229899708629,
				0.00021156597706398195,
				0.0009989257682299513,
				9.853048409738316e-05,
				0.00022064262952637076,
				-0.0008601678853664465,
				-0.00020577661344931952,
				0.0008552095854888022,
				0.0003681683395411533,
				-4.280840408520863e-05,
				0.0009885057367763606
			],
			[
				-0.0006283270789633967,
				0.0006421857849509907,
				0.0008040478432068674,
				0.0004347215873935998,
				0.0003215972317987476,
				0.0003767381758650126,
				-2.0306545963775157e-05,
				0.000370631814637217,
				0.0002336787845757958,
				0.00044810810931791693,
				-0.0009756401510404687,
				-0.0008985670097950391,
				-0.0006360878516909216,
				0.0008243446264641025,
				0.0003288201782789394,
				-0.0002736833500889324,
				2.617351947072446e-05,
				0.0006121564641073678,
				-0.0005812921832795612,
				-0.0007364610390220461
			]
		],
		[
			[
				0.0005790309274633192,
				0.0007906115824037124,
				-0.000464387615296145,
				0.0006342361524003836,
				-0.0007342200974261759,
				-0.0008506009897430336,
				0.0006704904222501588,
				0.0006085681643374816,
				-0.0009755774600380336,
				0.0003767105032355237,
				-0.0009013094250525902,
				-0.00024364570204866932,
				-0.0008765278702660322,
				-0.000639458163399269,
				0.00010391177215278956,
				-0.0003131858203588243,
				-0.0005898822763413792,
				0.0008902015590287523,
				0.00012816284865789442,
				-0.0006276497181448897
			],
			[
				4.402652850152766e-06,
				-0.0007987493420026222,
				-0.0001714404452911809,
				0.00010049193442642997,
				-2.96155132958638e-05,
				0.00013927496625413312,
				-0.00035395813679532466,
				0.0002411905712232324,
				0.000940649020042341,
				-9.972978548785803e-05,
				0.0009629908919515455,
				-0.0006591822794629276,
				0.0001478750895587634,
				-0.00037522001462255035,
				0.0001910329479910208,
				0.0008766614270489257,
				0.0006788170171296206,
				-0.00014967911644171792,
				-0.0007288556032712901,
				7.243979887998396e-05
			],
			[
				-5.966982767830744e-05,
				-0.00022596719239550468,
				0.0003425754897411514,
				-0.0005911641695922497,
				0.0008289351619658839,
				-0.0006511756300608078,
				-0.00015508330861125372,
				0.0005865415699346031,
				3.783143862475815e-05,
				0.0006851141897033662,
				-9.748234912062008e-05,
				-6.66926672667691e-05,
				0.0009557813259745552,
				-0.00078955806989023,
				0.0003441591565522793,
				-0.00015998677960029912,
				5.51113905756153e-05,
				-0.0007026506853120285,
				0.0004147629606021555,
				-0.0009218475993031692
			],
			[
				-0.000958394658791951,
				0.0007058136767556259,
				0.0006344950058467399,
				-0.0001245245659031209,
