{
	"model_params": {
		"input_dim": 10,
		"units_per_layer": [
			20,
			20,
			2
		],
		"acts": [
			"tanh",
			"tanh",
			"identity"
		],
		"init_type": "uniform",
		"batch_size": 100,
		"decay_rate": 0.95,
		"decay_steps": 500,
		"epochs": 150,
		"lambd": 0,
		"limit_step": 500,
		"limits": [
			-0.001,
			0.001
		],
		"loss": "squared",
		"lr": 0.01,
		"lr_decay": null,
		"metr": "euclidean",
		"momentum": 0.6,
		"reg_type": "l2",
		"staircase": false
	},
	"train_params": [],
	"weights": [
		[
			[
				-0.0008175960946930248,
				-0.0009012427271247354,
				-0.0005396709784282624,
				-0.0007631692444819731,
				0.00021095684970914678,
				-0.0005897892505157685,
				-0.0005891279729905807,
				-0.00010050894337021573,
				-0.000922760208193985,
				-0.00026954634220075955,
				0.00027019032949695166,
				-0.0006476943572562208,
				0.0004912654346703339,
				-0.00036141082699209996,
				-0.0002277561429177903,
				-0.0008989917278943887,
				0.00011606382450055162,
				-0.00020088126554487459,
				0.0005636865722934341,
				-0.0001271635407289202
			],
			[
				0.0008567209376130565,
				0.0005014157187251255,
				0.0003322392740884646,
				-0.0006590533700335263,
				-0.0005675424706767793,
				-0.00015455431982870844,
				-0.0008562386205361545,
				-0.0003439888913360884,
				-0.0006401914329848719,
				-0.0001688837004457808,
				-0.00012090948838717108,
				0.0006872676219497368,
				0.0007174449829943713,
				0.0006722471852306092,
				2.616656723254088e-05,
				0.0009684279806302259,
				-0.0003496534505393398,
				0.0003106818086899485,
				-0.0009463107211504593,
				-0.0002524924322933735
			],
			[
				0.000911135506518327,
				0.0007780378367252233,
				0.0005652221987134623,
				-0.0009974850983479767,
				0.0006947606604064704,
				-0.00014409741525630237,
				0.0006308536830125612,
				-0.0003084485980063505,
				-9.140959406782573e-05,
				-0.00028505556401369934,
				-0.00016136248968677406,
				0.0004199322323663315,
				3.559417507711287e-05,
				-0.0006654999464286322,
				-0.000364720886096527,
				-0.00017195320712981642,
				0.0006326372208714248,
				0.0007200005252224766,
				0.0009709781487327825,
				-0.0008876810941360444
			],
			[
				-0.00025138842092885683,
				-0.00031016404264351104,
				-0.00024378613006918878,
				0.0003262873532077085,
				0.00035122912526202015,
				-0.0009890838030796535,
				0.00024045907924416174,
				0.0007415660616736663,
				-0.0008111166575446993,
				-4.402211343165806e-05,
				0.0007408206864426387,
				0.0002338871499922815,
				-0.00022689456309982453,
				0.0008457031981918958,
				-4.695115325885064e-05,
				0.00010773293546956176,
				-0.0005669260137996669,
				0.0003677964915455331,
				-0.00014722068129661373,
				0.00011036071969767417
			],
			[
				0.0006720641188594754,
				0.00011696150599395513,
				0.0003202488968710674,
				-0.0002696088974249671,
				-0.000286131266475141,
				-0.0006576528898582743,
				0.0009939609513867406,
				0.000913364452093126,
				-0.000295656267595485,
				0.00044516791142577925,
				0.00013203527712234413,
				0.000531566272470933,
				4.78983975392539e-05,
				6.718331623041204e-05,
				7.261827566394739e-05,
				-0.0003271585372708508,
				-0.0008602234894006018,
				0.0006909251470263768,
				-0.00047159560730671555,
				0.0006448405796885177
			],
			[
				-0.00046422299951559597,
				-0.0005520503821024288,
				0.000817542109822336,
				0.0007280238486212193,
				9.088309140684709e-05,
				-2.7018983354775176e-05,
				-0.00046712304599868506,
				-0.000981275915161015,
				-2.1112404569210812e-05,
				0.0007454390191565482,
				-0.0004771921093521248,
				9.660851339097186e-07,
				-0.0006777843124784495,
				-9.413667164363186e-05,
				0.0002748541387360866,
				-0.0005855312808567749,
				-0.00013461607743088598,
				0.0001314508485052064,
				-0.00042571377752574895,
				0.00031290480970001117
			],
			[
				0.0008211412426709233,
				-0.0001303870059546694,
				-8.483373458638345e-05,
				-0.0006794714553648889,
				0.0006238887047684215,
				0.00022574820697189124,
				-0.0009131836319056166,
				0.00014564357794083602,
				4.471323695882175e-05,
				0.0005488088645561322,
				-0.00014140543418087478,
				0.00018477626872188718,
				-0.0009186111885270441,
				0.0009274035338739221,
				-0.00037163816531774916,
				0.00014983161661514329,
				0.0009760997356286698,
				-0.0002248219756775296,
				0.0007102963456468562,
				-0.000277267341803799
			],
			[
				1.163780396983634e-05,
				-0.0006461037511458805,
				0.0006412234204645124,
				0.00041222950449799206,
				0.0001592627115237404,
				0.0006382703649740445,
				0.00011777957234584253,
				3.6389967067335235e-05,
				0.000760523635852784,
				5.160656125247857e-05,
				-0.0006028808022147998,
				-0.00011928044367987174,
				-0.0009956241352259833,
				0.0004000536199366964,
				-0.0006660715860906685,
				-0.0003244984891956833,
				0.0005107683977472065,
				-0.0009421569927789754,
				0.0007945580501206844,
				9.252314638923793e-05
			],
			[
				-0.00017789649657102766,
				0.00013808447437785808,
				-0.00010316764966213717,
				0.0007891286247715225,
				-0.00018787993184907052,
				-0.0007049386099257364,
				0.0006290477134986371,
				0.0007342994971635613,
				0.0007500929749880805,
				-0.0005036112459236865,
				-0.0003678913681785781,
				0.00033138208892224074,
				-0.0003325402317272101,
				0.00012038941971391037,
				0.0003633357729089014,
				0.0001079711027301344,
				0.00037842905530181044,
				-0.0005542374698106413,
				-0.0006855513321886919,
				0.0007486947022230176
			],
			[
				-0.0008859845057467735,
				-0.0005335317913639459,
				0.0009495294824965544,
				-0.00023136904139643005,
				0.0002828260356271422,
				-6.933263746426905e-05,
				-0.0008256605127410571,
				-0.0005020198428115015,
				0.00024097541973339392,
				-0.0006052715729143328,
				-0.000622514172503335,
				0.0001806465377302514,
				-0.0009692456696417293,
				-0.0006719783502279187,
				-0.0009471376944641494,
				-0.0007350560371752711,
				0.0008999645261641165,
				0.0003254081817778247,
				-0.0008240666646764478,
				-0.0006911710101805658
			]
		],
		[
			[
				-0.0009047785824121859,
				0.0005485190576630496,
				0.0009355912600661675,
				-0.0002568754048345754,
				2.845856194208171e-05,
				-0.0001207156740577653,
				0.0006606792580945533,
				0.000863821370129829,
				0.00010646765735142553,
				-0.0004255133906854773,
				-0.000948418872583507,
				-0.00038079450776976477,
				0.0007112835631123706,
				0.000258969742870136,
				0.0006650410060706424,
				-0.0003242255579748388,
				0.000320191575596487,
				0.0007070297026025277,
				0.0006558591135604223,
				0.00047204479523765656
			],
			[
				-0.0003695633650299768,
				-0.000349839626548224,
				-0.0009162112049187828,
				-0.0009192498073363162,
				-0.0008763711362159022,
				-0.00019930799555241332,
				-0.0009368840272065718,
				-0.0006663093458418721,
				-0.0001435432474174976,
				0.0005458641414594796,
				-0.0009258616880135641,
				-0.0005865188271081277,
				-0.0005529430847379031,
				-0.0006601588842886306,
				0.0009021412662162764,
				0.0004656155116993634,
				0.0006310891878747677,
				-0.000157287909922015,
				0.000797854151915409,
				0.00013281071954866883
			],
			[
				-0.0008117285333149822,
				0.00038982292534163747,
				7.977331845064758e-05,
				-9.015146555463403e-05,
				-0.0001881228203464946,
				-0.0002933425327114579,
				-0.00030624375384680615,
				0.0009661784656070215,
				-0.0006970171465661428,
				8.877843684304055e-05,
				3.6204473902851824e-05,
				-0.00020560870693316666,
				-0.0008261151930883628,
				-0.0008314968225175734,
				-2.5942611966396547e-05,
				0.00020432630194271617,
				-0.0003701716657784624,
				0.0008313828468079977,
				-0.00045983899781387705,
				0.0006061688188841003
			],
			[
				-0.00032122976074111856,
				-0.0005684412300877804,
				0.00045381838127771896,
				-0.0003840489619359156,
				0.0006241771927575988,
