{
	"model_params": {
		"input_dim": 10,
		"units_per_layer": [
			20,
			20,
			2
		],
		"acts": [
			"tanh",
			"tanh",
			"identity"
		],
		"init_type": "uniform",
		"batch_size": 100,
		"decay_rate": 0.95,
		"decay_steps": 500,
		"epochs": 150,
		"lambd": 0,
		"limit_step": 500,
		"limits": [
			-0.001,
			0.001
		],
		"loss": "squared",
		"lr": 0.01,
		"lr_decay": null,
		"metr": "euclidean",
		"momentum": 0.6,
		"reg_type": "l2",
		"staircase": false
	},
	"train_params": [],
	"weights": [
		[
			[
				-0.0009735179923083492,
				-0.0006870089852031287,
				-0.0005980467197678921,
				-0.0009442086060003365,
				-0.0007807765059741656,
				-0.0005616656263319748,
				0.0003655083007366401,
				0.0006522565236210943,
				0.0005065346660919588,
				-0.00045482410341266563,
				-0.00019629792000243817,
				2.7753339276970386e-05,
				-0.0007015235564778904,
				-0.0004025055472021108,
				8.370751057644411e-05,
				0.0004363596079840432,
				0.00014370368697441704,
				0.00014072145497599146,
				0.0009629151978410157,
				0.0001508236067185927
			],
			[
				0.0008556526262326477,
				-0.0007739860108036423,
				5.071160337029811e-05,
				0.0004040126929277536,
				-0.0009747216101151255,
				-3.931510435667613e-05,
				0.0007186581558717407,
				0.0005662467513144541,
				-0.000788599561498975,
				0.0009680534343961744,
				0.0002849061321660092,
				-0.00025688355487405487,
				-0.00031831427946173467,
				0.0005056210252048583,
				-0.0002272947163964572,
				-0.0006969552964030947,
				-0.0006476391498716097,
				-0.00019473947367069087,
				0.0005917308086861438,
				-0.0007191873324364024
			],
			[
				-0.00011990042836535289,
				-0.0008294367420051514,
				-0.00044594092619897,
				-0.00022558256181781492,
				-0.0006005189859128548,
				-0.0005803832037847728,
				0.0003073886816187428,
				-8.816961223902871e-05,
				-0.000875069810859042,
				0.00017975116426377112,
				0.0008850582463138948,
				-0.000360378220433395,
				0.0008488373807777148,
				-0.00013375180662393495,
				0.00031264705492695696,
				0.0003869242085356116,
				0.0005716104461986823,
				-0.0002658906660038252,
				-9.708635196200752e-05,
				-0.0006446336595585037
			],
			[
				0.0006970635231685137,
				-7.399615970538629e-06,
				0.00032901194603034557,
				-8.617001530841838e-05,
				0.0004566325932038294,
				0.0003276745818392606,
				-0.00015686149643019914,
				-0.000194344622184752,
				0.0009521811933148993,
				0.000591503326509145,
				0.0008118751594966636,
				0.0007095345073467318,
				-0.00014910052323539012,
				0.0003411917186106478,
				-0.0007768140145838938,
				-0.0008908015003456242,
				0.0004365476101000879,
				0.0001907352672853276,
				0.00035247138536403174,
				-0.0008145450840879194
			],
			[
				0.0004015090035808075,
				0.00011744518565479697,
				-8.988762582173208e-05,
				0.0005219129572614385,
				-0.0004231533536074725,
				-0.00039785853191709865,
				-0.0006635647887715602,
				-8.499764066903406e-05,
				-0.0005328693755719503,
				0.00048776121186127393,
				0.0008548042481691636,
				-0.0009765563488718436,
				-0.0006445553307953193,
				0.0006531918250588891,
				0.0008244173751164956,
				0.0008594411774311588,
				0.0001332983853317279,
				-0.0005284854983980991,
				0.0006550534908029218,
				-0.0006132440804497
			],
			[
				3.826248223567073e-05,
				-0.0007183177524264628,
				-0.000834023036691693,
				-0.0007250682880965858,
				0.0008741637678710158,
				-0.000996013935484969,
				-0.00035549842946546036,
				-0.00033574564082084217,
				0.0008203877186947538,
				-0.0007978574541397792,
				-0.0008737289135962949,
				-0.0004480739282984523,
				0.0002099317469622581,
				-0.0002150365051531829,
				-6.403613348383462e-05,
				-8.910448436212843e-05,
				-0.0002436415652344859,
				-0.0006005660879828763,
				0.0007317817908979298,
				0.0005072646814335109
			],
			[
				0.0006860108360011753,
				0.000661131532708587,
				-0.0005849532999213987,
				-4.281965663965328e-05,
				-0.0005923216090882556,
				0.0004804916735570506,
				0.0005224195467706844,
				-0.0009446232394663543,
				8.549203943594512e-05,
				-0.0008060485847308052,
				-4.654193417692157e-05,
				-0.0009878019110311398,
				0.00014045596991313965,
				0.0005526256392743084,
				0.0004700925252618133,
				-0.0009974414511323116,
				0.0009866806836882247,
				-0.0004940224263950304,
				0.00011877831663187886,
				0.00034594522079055604
			],
			[
				-0.0005595001147930836,
				-0.0006696041214422238,
				0.0003644620527665876,
				-0.000760899125632353,
				0.000867252154567481,
				-8.225607956608208e-05,
				0.00025373264873329603,
				-0.0008739068313304013,
				-0.0003072096386106031,
				0.0003059078589218464,
				0.0006204703825348238,
				0.00028111417241384476,
				-0.00047056466421398896,
				0.0007349138048069177,
				0.0006091592350240583,
				-0.0003118319391573809,
				0.0007629442044639646,
				0.00010128779652788817,
				-0.00020551140284797028,
				-3.3630827765936296e-05
			],
			[
				9.803239268997913e-05,
				-0.00082707920281452,
				0.00010069860952625562,
				-0.00011968705197844937,
				-0.00019023414725193846,
				0.0009796729054172412,
				3.7583866190639935e-05,
				-0.00039287940085447467,
				-8.712084647887841e-05,
				-0.0003160556155873351,
				0.0008274658861690896,
				0.0008841107082542335,
				0.0007393776241906901,
				-0.00020246995360956137,
				-0.00021180420031027976,
				0.000975381592125334,
				0.00078324599754099,
				0.00084803568151477,
				-0.0004392363870232103,
				0.000741603468410098
			],
			[
				-0.00033464832658990605,
				-0.0004885274207443855,
				-0.0006373400891464487,
				0.00017339191116676894,
				-0.0006211342042488131,
				-0.0008617743450834557,
				0.000902855281665627,
				0.00018022238963973157,
				-0.0006719968985260507,
				-0.0001502790698876713,
				-1.0950833311557367e-05,
				4.272809819717252e-05,
				-0.00020168545710849098,
				-0.0003465279638056349,
				-0.0008641840507129992,
				0.0007230391926744022,
				0.0008381967021051902,
				4.667578183583125e-05,
				-0.00023070539845681907,
				-0.00033882237307223035
			]
		],
		[
			[
				0.0008723090576292266,
				-0.00020361896991542253,
				-0.0007402330976950962,
				-0.000322766325151171,
				5.461744168577137e-05,
				0.00023217809315308007,
				-1.9549324647865447e-05,
				0.0007277398459051138,
				0.0005138435121235423,
				-0.0004894642136275114,
				-0.0004973795606784452,
				0.00021483982812358564,
				0.000451429017936589,
				0.0008125520174446339,
				-0.0008948597143509579,
				0.000453102855404351,
				-0.0006441200488346269,
				0.0005399198832919145,
				-0.0005051268324496871,
				2.900605250056275e-05
			],
			[
				-0.0006864491345313597,
				-0.0006807658604444941,
				-0.0008032678663723892,
				-0.00026998511424433257,
				0.0009834044425488194,
				0.0006539807824780623,
				-0.00026813028668750034,
				-9.795315447254892e-05,
				0.0006011127803175586,
				0.0002963392761262426,
				0.0003258222853007851,
				-0.00025908169926892996,
				0.00012765725037470078,
				-0.0006269830879242289,
				-0.0004299699272904187,
				-0.00029832590420914907,
				0.0007275502040267746,
				-0.0006572245406649708,
				-0.0008784986106964605,
				-0.00022217670713590954
			],
			[
				-0.0009984792598377239,
				0.0006995926879712873,
				0.00025134672979176906,
				-7.426687827024713e-05,
				0.000972539026989966,
				0.0005891495614299021,
				-0.00030556179454344675,
				0.0003830534612978252,
				0.0009564242443995583,
				0.0007339542916286826,
				-0.0003392294794556487,
				0.000846187851997561,
				0.0005703255648909194,
				0.0008836860074952573,
				-0.00028210437942390574,
				-0.00068675708574253,
				0.0007973293697591272,
				-8.967732792471053e-05,
				0.00014830028920021486,
				-0.0007772448517088933
			],
			[
				0.0004353716570517762,
				0.0009682179337298525,
				0.0008733075081280896,
				-0.00013193481178423445,
				-0.0008770709237755115,
				0.000529075812174207,
