{
	"model_params": {
		"input_dim": 10,
		"units_per_layer": [
			20,
			20,
			2
		],
		"acts": [
			"tanh",
			"tanh",
			"identity"
		],
		"init_type": "uniform",
		"batch_size": 100,
		"decay_rate": 0.95,
		"decay_steps": 500,
		"epochs": 150,
		"lambd": 0,
		"limit_step": 500,
		"limits": [
			-0.001,
			0.001
		],
		"loss": "squared",
		"lr": 0.00891214076925288,
		"lr_decay": null,
		"metr": "euclidean",
		"momentum": 0.6,
		"reg_type": "l2",
		"staircase": false
	},
	"train_params": [],
	"weights": [
		[
			[
				0.0008517065228179322,
				0.0007016753367708991,
				-0.000464961750950928,
				0.0003442295857453183,
				0.00041411209133667424,
				-0.0007482683249304614,
				-0.000849484834179249,
				-0.0008215404921761591,
				-0.00046964280050537394,
				-0.00043334126841416954,
				0.0008906126068838583,
				0.00023565158197436597,
				0.0006254651388966157,
				0.0004816457373820178,
				-0.0008143517397037527,
				0.00019293606875655568,
				0.0003880707880233704,
				-0.0009361314865644466,
				-9.244953834685178e-05,
				0.00014966421061626302
			],
			[
				0.0004991178703701428,
				0.00021027896702728133,
				-0.0007715785564736564,
				-0.000839879645847359,
				-0.0004288222186680644,
				0.0005230130100987744,
				-0.0003145628870415727,
				0.00083217219166807,
				-0.0005726719604361226,
				0.00038500805126784636,
				0.0006475304578888986,
				-0.00019670923789085815,
				-0.0006048728285935501,
				0.0008256243252324558,
				-0.000708150634763304,
				0.0008144592455592535,
				-0.0006251335062798437,
				-0.0005717357070044926,
				0.00021450202238367595,
				2.6310966029070198e-05
			],
			[
				-0.0003726378097002579,
				-0.0003016127599683638,
				0.0007100736112581169,
				-0.00017619199493516422,
				0.000935386701955383,
				-0.0001848476301449213,
				-7.28651855681834e-05,
				-0.0006582314528359397,
				-0.00011827980698559662,
				0.0006325618207640208,
				-0.0005606898392692191,
				0.00023769853608118156,
				0.0008108492152623058,
				-0.00013710254184692188,
				-0.0007737727776239525,
				0.0007818243088244044,
				-0.0008141691961429274,
				-0.0006802280780846228,
				-0.000488421969991941,
				-0.0004410686161815658
			],
			[
				-0.00021020245526231097,
				-0.0003406721907935413,
				-0.0008080700712369584,
				-0.00020277217763133297,
				0.00046938552528869937,
				0.00030808348966517886,
				-4.482489614146036e-05,
				0.0004635233421017577,
				0.0008499805607916141,
				0.0005958194697318669,
				-0.0006436297457621816,
				0.0002737433838319104,
				0.0005243464613855497,
				-0.00042939601415082685,
				0.0005591592346205372,
				0.0003832270767556323,
				-0.00012562129675237172,
				-0.0003901390097547069,
				-0.0007211400111081527,
				0.0002631931403693209
			],
			[
				-0.0008844744328833356,
				0.000625996904402684,
				-0.00024967483095967745,
				-0.00017347023962292665,
				-0.0008079183475423169,
				-0.000282305719045363,
				0.00011656465713310075,
				-0.0008183922178308516,
				-2.58414867332213e-05,
				0.0004893434915282319,
				-0.0003552530468735244,
				0.00048473814917899855,
				-0.0009431062676517521,
				0.0006186016819428291,
				0.0003000632993889593,
				-0.00015311079628404947,
				8.672326046376701e-05,
				-0.0007435113211760108,
				0.0009912016134061789,
				-0.000582939971893138
			],
			[
				0.0005017406179612411,
				0.0005385862079679401,
				-0.0002814995290102582,
				-0.0009543529143183593,
				-0.00029161162013715256,
				0.0005573944403465898,
				-0.0009790518098335217,
				0.0003414768686236644,
				-0.00013764475444623717,
				0.0009097588361963393,
				-0.00032596195204731874,
				-0.00023338981824955836,
				3.093258272489287e-05,
				7.31623099057767e-05,
				-0.0003771072735121359,
				0.0003254633312062506,
				0.00021482363245392002,
				0.0002592038795875653,
				-0.0007840187320078072,
				-0.0007551187352566093
			],
			[
				0.0008224068326736669,
				0.0005572076177397698,
				0.000478371256809362,
				9.483615038799638e-05,
				0.000993087690611921,
				-0.0001478634979231101,
				0.0003604341834218226,
				0.0003356235035519102,
				0.0008294681508649007,
				-0.0004285129353767634,
				6.37144122667987e-05,
				0.0007793175203431734,
				0.00048506863546960246,
				0.0009976423492125165,
				-2.1794561974759806e-05,
				-0.0006267934459541376,
				-5.749810567186439e-05,
				-0.00036066722099476877,
				7.05479234272726e-05,
				0.0005005803550920446
			],
			[
				-0.0006413162886618722,
				0.0005238470004621306,
				-0.0007446930223787573,
				-0.0005822426107579236,
				-0.0003606612466550541,
				0.0003576758337600107,
				-0.00028390619037659936,
				0.0006079042864649631,
				-0.0009128189270991876,
				4.8089819025579636e-05,
				8.627749849291367e-05,
				-4.2252525215265486e-05,
				-6.766056209214116e-05,
				9.771085283818764e-05,
				-0.0004976555446836475,
				-0.0007861786952454543,
				-6.087431641409169e-05,
				0.00022786976372114178,
				-0.0001567114275262527,
				0.0005512667630871734
			],
			[
				0.0008980723878623117,
				0.00044011634178725946,
				-5.139994222960471e-05,
				-0.0009847976563767606,
				0.0008622208024315597,
				0.000231673300537616,
				0.00012398424775815378,
				0.0005230156671423803,
				8.447639517815885e-05,
				-0.0004547820183847795,
				0.0009736026648462259,
				0.0006859939054654669,
				-0.0005176519888880958,
				-0.0009532895324732373,
				0.0005538160035463656,
				-0.0008297521724803911,
				-0.0009286449071872238,
				-0.0005480752267499852,
				0.0009179321931115812,
				-0.0008478857754032328
			],
			[
				-0.000983583628933916,
				0.0004921562738865637,
				0.00036632861690734375,
				-0.00026292973411522484,
				-3.2833220719613067e-06,
				0.0005967386677060741,
				0.0001986436518446003,
				0.0003404724041157995,
				-6.002093946131293e-05,
				0.0004545462126692894,
				0.0005489208034980728,
				0.00032300707013757125,
				-0.00014961346869152888,
				0.0008374496539437992,
				-0.0009986336994638972,
				-0.000938485314590922,
				0.00041310933274876067,
				1.5323241193229914e-05,
				0.0004853786079771396,
				-0.0007100068875735508
			]
		],
		[
			[
				0.0009160794288335732,
				-0.0007628519395931361,
				-0.0006905828310656222,
				0.0008498401084390584,
				-0.0001973730049761713,
				0.00019668853002368335,
				-0.000761309380298316,
				0.0009811148319276526,
				-0.00031071625889839713,
				-0.00048601264295173045,
				-0.0005821230304957059,
				-0.0002435966030085925,
				-0.00021632388983503664,
				-8.533466532433583e-05,
				8.204561171038199e-05,
				0.0009178449372220913,
				0.0005817284615040467,
				-0.0004047557047213499,
				-0.0006171549624643518,
				-0.00013862492706353028
			],
			[
				-0.0005982198321439454,
				-0.0009024690825743773,
				-0.0005916712285455508,
				-7.773490974379807e-05,
				-0.0007465160391737196,
				-0.0008136729003407113,
				-0.0006059376313144918,
				0.0007392890722829038,
				-0.0001107974618039353,
				0.0006732797102629693,
				0.000567491253083084,
				-0.00046339014091321214,
				-0.0003017055620805802,
				7.401749148287849e-05,
				-0.0007736707025592622,
				0.0005049683048170806,
				-9.031487264814773e-05,
				-0.00048454324836156323,
				-0.0006721510532527383,
				3.613498374061951e-05
			],
			[
				-0.0004572964490731546,
				-0.0006363894827243444,
				0.000933199754724382,
				0.0008004700016916012,
				-0.0004185389526211032,
				-0.0006856439148637574,
				-0.0005653248795922082,
				0.0003334458320833683,
				-0.0007846536458458322,
				-0.0008605645162019478,
				-0.0006819084104102198,
				0.00024863207399247983,
				0.0008942779424374954,
				0.0007969037927084376,
				0.00038011140174146673,
				-8.720302043712996e-05,
				-9.61174190009013e-05,
				0.0003988442740133144,
				-3.485413098767488e-05,
				8.107283560116678e-05
			],
			[
				-0.0004881532656412715,
				-0.0002425950717166418,
				-0.0004449844449641567,
				-0.0004646333413426091,
				0.00017870160600106126,
