{
	"model_params": {
		"input_dim": 10,
		"units_per_layer": [
			20,
			20,
			2
		],
		"acts": [
			"tanh",
			"tanh",
			"identity"
		],
		"init_type": "uniform",
		"batch_size": 100,
		"decay_rate": 0.95,
		"decay_steps": 500,
		"epochs": 150,
		"lambd": 0,
		"limit_step": 500,
		"limits": [
			-0.001,
			0.001
		],
		"loss": "squared",
		"lr": 0.01,
		"lr_decay": null,
		"metr": "euclidean",
		"momentum": 0.6,
		"reg_type": "l2",
		"staircase": false
	},
	"train_params": [],
	"weights": [
		[
			[
				-8.39047635936411e-06,
				-0.00014909191735310197,
				-0.0005286526658700131,
				-0.0002247391541705517,
				-0.0003625349983836448,
				0.00043176442813252125,
				0.0006189186763420841,
				0.00023732889658111813,
				-0.0009715104666366852,
				0.0008775640332856593,
				-0.00017913394258605743,
				-0.0005183052479390038,
				0.00023383568972425335,
				0.0002304576852560831,
				0.0009090582405097214,
				0.0009766398933041993,
				-0.0007276851283262366,
				0.00030292079621499187,
				0.0005177842815455996,
				-7.03087052766789e-05
			],
			[
				0.0004787347668948798,
				0.0008905840280139456,
				0.0009559463810084367,
				4.10288402530564e-05,
				-8.716125342846386e-05,
				0.0004266514897867215,
				0.0007189134003099261,
				-0.0009988112920025984,
				5.315595260958002e-05,
				-0.00039595115616342796,
				0.0009232152376165135,
				3.6581317123982396e-05,
				0.0002398690319992073,
				0.0009121996904673433,
				-0.0001318432890539691,
				-0.0008545741130947098,
				0.0001785953488479563,
				0.00025599996552514966,
				-0.00027811448001892195,
				-0.00043209183568335455
			],
			[
				0.0008847186167110894,
				0.0004038183376426005,
				0.0004590552619465557,
				-0.0009766131878598122,
				0.0008765835837935337,
				1.0396330275686547e-05,
				-0.00023852231711562967,
				-0.00037474004416294894,
				0.0008486281189200146,
				-0.0003030977320313124,
				-0.0006905352997287029,
				0.0008886615089435503,
				-0.0006432236661835615,
				0.00010632761140558895,
				-1.1607554872773446e-05,
				-0.0007980939091973873,
				-7.929566991108934e-05,
				-0.00020526725786284498,
				0.00031376676351435747,
				0.0008322665942284528
			],
			[
				0.0005482488746564285,
				-0.0004562625442664863,
				0.0006513393794948207,
				0.00015859018517549593,
				-0.000386489832184262,
				0.0005416902961800619,
				-0.00043483314345367627,
				-0.000716460920379735,
				-0.0008989557468820211,
				-0.0005907821852290056,
				0.00039274395173687126,
				-0.000977816227499389,
				-0.00044461538972742675,
				-0.00030792895373152416,
				0.0009446301515951491,
				0.00012077745485775159,
				0.000443397450952283,
				0.0008720875430445565,
				0.0005108354747489997,
				-0.00036224366178132185
			],
			[
				-0.0005021641720974631,
				0.0008999765101330706,
				0.0002610685973602417,
				0.0004869802872200246,
				-0.00013587062365903995,
				-0.00014019269228803346,
				0.0003996501183235238,
				-0.000341439557876071,
				0.0006407378410420864,
				-0.0005214474890388094,
				-0.000848833646461189,
				0.0005387973482245659,
				-0.0007740403977407095,
				-0.0009013301345833502,
				0.0009948743059816044,
				0.0008350112711478358,
				-0.0006261032559075744,
				0.00025429514034055784,
				0.0004102504778837348,
				-0.0005159494353305443
			],
			[
				0.00014731459296447955,
				4.4646496128592384e-05,
				0.0004888338116389747,
				-9.556088344677847e-05,
				-0.00045336142340434305,
				-8.995600773060303e-05,
				-0.00027705946261205084,
				0.00022616974998177007,
				-0.0001837784237291904,
				0.00010016966244096059,
				0.00023687279767972626,
				0.00023174623711826156,
				-0.0005122184189884089,
				0.000486984537272115,
				-0.0005789241514703805,
				0.0007738891132005841,
				0.0006342408949954594,
				-0.0004740863443942285,
				-0.0006309124676448137,
				-0.00026777361297557504
			],
			[
				-0.0008208348972288982,
				0.0009822666972672972,
				-0.00031604060394494567,
				-0.0005620874011820949,
				0.00015926361278287694,
				-0.0006453059454404002,
				-8.25427765616724e-05,
				0.0007116605042620475,
				0.0005952361522891584,
				0.0008493564966947352,
				0.0007112123714502381,
				0.0007559674477346074,
				-0.0007185536035425917,
				-0.0007148215728800741,
				0.00045835364975549083,
				-0.0009487674381112015,
				0.0005568565802017234,
				-0.0008886345476633321,
				0.0006686857562102713,
				6.92562329772219e-05
			],
			[
				0.0008081935947709643,
				0.00047960804568777287,
				-0.0006961994434466143,
				0.00042854657455151414,
				0.00016756311927637537,
				-0.0008954173246967672,
				0.0009555504866611119,
				-0.0006663718578613614,
				0.00027139629040933387,
				-0.0003194910929293851,
				0.0003404054253504803,
				-9.38530768037182e-05,
				-2.4980502924753893e-05,
				0.0009260151786200769,
				0.0001179911809827633,
				-0.00045830623479124234,
				0.0009715939039007422,
				0.00013632476044800053,
				-0.0006268761539471166,
				-0.00044647220942619953
			],
			[
				-0.0005126830853141302,
				-0.000582968252519273,
				0.0002784006253517045,
				-0.00041111913931318766,
				8.675950824214807e-06,
				-0.0007393204798050129,
				0.00042506979808350806,
				-4.67289712684899e-06,
				0.00045726004703991593,
				0.0003404262287688563,
				0.0008069145436334193,
				0.0005795905945792912,
				-9.847049140067994e-05,
				0.0006984298405004754,
				0.00026579604850236055,
				-0.0007352379844214512,
				-0.0003689452663082804,
				0.0005334889350463699,
				0.00010924482745918742,
				-0.0009429375312564363
			],
			[
				-0.0008190612905837999,
				0.0008479823181355541,
				-0.00043745245677455856,
				-0.0008493824304131894,
				0.0004300213197911257,
				-0.00010519484639057012,
				0.0007135212073876209,
				2.9867314230993917e-05,
				0.0007997325940468187,
				-0.0004924192870791199,
				-0.0006012315355816208,
				0.0008994260157687379,
				0.00010106104391345463,
				9.500064038786148e-05,
				-0.0007760327138949519,
				0.0008441772052745675,
				-0.000492770276239804,
				5.628362340213706e-05,
				0.00022909504647568735,
				-0.000952100487328917
			]
		],
		[
			[
				-0.0009454819782246634,
				-0.0005865587052530224,
				0.00044988319362752687,
				0.0008716348780659191,
				-0.00015387185025051385,
				0.0004938111963792003,
				0.0007676268350634413,
				-0.0006040384808723474,
				0.00017066039212452707,
				-0.00010552033079001659,
				-0.0007807278288254564,
				-0.00041408635586478743,
				0.00012319874041721336,
				0.00035255192900574884,
				0.00026945249792870423,
				-0.0005262007221170494,
				0.00019168826893195675,
				-0.0002259152103792928,
				-0.0007806294492206443,
				-0.0008871315675713814
			],
			[
				-0.0009714677087211423,
				-0.0005631850293030947,
				-0.000788661577135122,
				-0.0006819099285678659,
				4.470515911162202e-05,
				0.00022772419741419383,
				0.00036411710772382157,
				8.567146946576211e-05,
				-0.0005243772772212491,
				-5.815610758787249e-05,
				-0.000899189165951535,
				2.2821917298333338e-05,
				0.0006208938855704145,
				-0.0009269534980612965,
				0.0006456861121766689,
				0.0009705192901642888,
				-0.0006557115739789349,
				0.0007995546854397376,
				0.0007759713896555972,
				0.0007028484473337107
			],
			[
				0.0006971280966029943,
				-0.000733874331423082,
				0.0009223040613566926,
				-0.0009420076495735781,
				-0.0005801285641037041,
				0.00016663004178977614,
				0.0008041336676109228,
				-0.0009825239014466516,
				-0.0005155886079674317,
				-0.0003494943242199262,
				0.0001450211656496977,
				0.0005716212592875695,
				0.00018528958812071136,
				0.0007198580912318024,
				0.000997595652979803,
				0.00012876979952032314,
				4.035702065763639e-05,
				-0.0006540928262027861,
				-0.0002957325670481379,
				-0.0009488679884213854
			],
			[
				0.0005569916688545203,
				-0.00034009250811444663,
				0.0002252623143750934,
				-3.5969845889088e-05,
				-0.00012260912713138385,
