{
	"model_params": {
		"input_dim": 10,
		"units_per_layer": [
			20,
			20,
			2
		],
		"acts": [
			"tanh",
			"tanh",
			"identity"
		],
		"init_type": "uniform",
		"batch_size": 100,
		"decay_rate": 0.95,
		"decay_steps": 500,
		"epochs": 150,
		"lambd": 0,
		"limit_step": 500,
		"limits": [
			-0.001,
			0.001
		],
		"loss": "squared",
		"lr": 0.00891214076925288,
		"lr_decay": null,
		"metr": "euclidean",
		"momentum": 0.6,
		"reg_type": "l2",
		"staircase": false
	},
	"train_params": [],
	"weights": [
		[
			[
				-0.00044793549736507263,
				-0.0004351842289752006,
				-0.000286648302490474,
				0.0005184306539985999,
				-0.0007093320535493553,
				0.0001311486449461364,
				-0.0002886382518257851,
				0.0005788554079574563,
				0.0008938893569727334,
				-0.0005266729429857178,
				0.0005765361327312484,
				0.00020002676458908352,
				0.00029562288380969204,
				0.0007020006636511567,
				-0.0006319812092243666,
				0.0009682990836869716,
				-0.0006409273452479376,
				0.0004567400458970411,
				-0.0006452745775748268,
				-0.0005673161690217651
			],
			[
				0.0005539817288751591,
				0.0007374284953171007,
				-0.0002141873766042502,
				-0.0008562811092962568,
				0.0003055473265265445,
				0.0009650492434135718,
				-9.547609946333616e-06,
				-0.00024151798508048432,
				0.0002002558095635671,
				0.00033783414971513413,
				0.000587059954180412,
				-0.0006170103305346189,
				-0.0005580515737581863,
				-0.0005585622385412838,
				0.0006299008095866957,
				0.0009534194062045032,
				0.000357925461658553,
				0.0006776574443297285,
				0.0007976523913434917,
				0.0007603418741096843
			],
			[
				-0.00023790874718511315,
				8.080518686810452e-06,
				0.00030451111210158944,
				0.0006818388033323602,
				0.0009228954315101193,
				0.0006843946786245178,
				-0.0007396427307165736,
				-0.0001259221123123353,
				6.530446106992071e-05,
				-0.0006958166105653473,
				-0.00021537236206145387,
				-0.0005727887692693736,
				0.0002493978745042795,
				-4.4707528780691926e-05,
				0.0002365543122041776,
				0.0003015328435243632,
				-0.0005759051823462107,
				0.0009664750688184987,
				-0.0006428724776260126,
				0.0002720841919775904
			],
			[
				-0.0003399346352985093,
				0.0007711748894388248,
				-0.00015284759009905264,
				9.63569093104025e-05,
				-0.0006915930754008188,
				-0.0003869598342303111,
				0.00040662226755014625,
				0.0006664550915751108,
				-0.00029710947870312384,
				0.0006883113364777216,
				-0.0008792798964365627,
				0.0007365353408806086,
				0.0006160236395537301,
				-0.0007676616150116769,
				0.0008833760928809462,
				-0.000660228651422983,
				-0.000499128625645442,
				-0.0004112850849322718,
				-0.0005533775964026079,
				-0.00012967380974997277
			],
			[
				0.0004622901649065814,
				-0.0005341587102926908,
				0.0007082560104396671,
				0.0003248973284398051,
				0.00047344873890780735,
				-0.00016110135793289174,
				-0.0009526963178952743,
				0.0005045910061503987,
				-5.440590559355489e-05,
				0.0004862360475151454,
				-0.00025232684379078527,
				0.0006056173525566802,
				0.0007313236417268022,
				0.0002350881081585024,
				-0.000844654445686935,
				-0.00048714412368853566,
				-0.0009100537270767914,
				0.0005737349195281197,
				0.00017816757468258875,
				-8.724976222127272e-05
			],
			[
				0.0009685070324130952,
				-0.0004592358231939888,
				-0.00017600545031783762,
				-0.00011107732720866089,
				0.0005458161157894401,
				-0.00036668819637850894,
				0.0003710442872209396,
				-0.0007516617278395415,
				-0.0007126116452833096,
				0.0003525761245255633,
				-0.00011548616553213817,
				-0.0003277411764127156,
				0.0007132815405418481,
				-0.00039434032763276,
				-0.0004949287381185534,
				-3.98828283625026e-05,
				-0.0005200701849491825,
				0.00039633312548810863,
				-0.0008339662395159859,
				0.00043297415914288553
			],
			[
				-0.0004149874183379989,
				0.00016436828414524512,
				-0.0003595982165645093,
				-0.000636502452013261,
				-0.0009408488094086593,
				0.00020213885889307356,
				-5.8197170828028005e-05,
				0.0006247159419827356,
				-5.360460461613294e-05,
				0.0003164019681167656,
				-0.0009037920921099816,
				0.0007511363183260132,
				6.889541146594619e-05,
				-0.0001377697730870187,
				-0.0006853265521905823,
				-8.063867007237363e-05,
				-0.00023176231352027782,
				0.00024162196411861266,
				0.0009547126878820399,
				0.0003619553835514063
			],
			[
				0.00032268972312145825,
				0.0007053283265575961,
				-0.000991174865351949,
				-0.00011410720784194809,
				-0.0008354728921754051,
				-0.0008110955995066214,
				-0.0003506871956912718,
				0.0008234439091899398,
				-0.00029132625856522095,
				0.0002711347728340458,
				0.0009374850153179562,
				-4.52668637296893e-05,
				-0.0006038649992638964,
				-0.0007123138043531874,
				-0.000644930678240032,
				-5.659395107419972e-05,
				0.0008518324185075611,
				-0.0005337708511520496,
				0.0008984538866107677,
				0.0007343894991655613
			],
			[
				0.00030020610460011624,
				-0.0001303041968726351,
				-0.0007272660779077179,
				0.0006718614230317684,
				4.430665865813501e-05,
				0.000622671664384741,
				0.0006020648630786322,
				-0.0008510479339262209,
				-0.0008386482345297366,
				0.0007148253993167883,
				0.0008915828884618678,
				-0.0002763209193935972,
				-0.0006280731208514897,
				-0.00035343961212969414,
				0.0005009798904850047,
				0.0002464971941690784,
				-0.00024142480182701327,
				-0.0005364197568415301,
				0.0005936833075800736,
				0.0003948074793060988
			],
			[
				-0.0006242887105183612,
				0.0001747347351082418,
				-0.0003427236706019576,
				-0.0007734675892052403,
				-0.000749117970222628,
				-0.00020968590987929532,
				0.00021242298614534126,
				0.0009469117581808498,
				0.0005609650106149428,
				0.000822702375396323,
				-0.000797950271353081,
				-0.0008668496186179577,
				6.6071661837436e-05,
				-0.0009739062336597844,
				0.0005862019839326478,
				0.0003347522498253119,
				0.0008343420609906917,
				-0.0008694148065369488,
				0.0007070480041749428,
				8.787475476040169e-05
			]
		],
		[
			[
				-0.0003766808529232713,
				-2.6065364933926423e-05,
				-0.0006565706374118441,
				-0.0004604362823318924,
				-0.0007398168272099272,
				0.00050453760504181,
				0.000847662043669912,
				0.0009978049503889391,
				-0.0008117606485056692,
				0.0009643059591906149,
				-0.0003545407448015303,
				0.0001356485822832168,
				0.0008439108688020047,
				-0.0005221003093405401,
				-0.000375103565410442,
				-0.0008228390885517272,
				0.0007572707095374789,
				0.00020929140292459312,
				-0.00016214095515409489,
				0.00039138994121777214
			],
			[
				-0.0005621505329828362,
				0.00025175936405045954,
				0.00015267364421743968,
				-0.0009140866024619559,
				-0.0009853313911197571,
				0.0003215044894308134,
				0.0004743875371432133,
				0.0005706384644321764,
				-0.0007547645709599791,
				0.00045499313129611493,
				0.000283623665508736,
				-0.000839151916850085,
				-0.0009230124060054141,
				0.0008101827679968736,
				-2.3188131074497118e-06,
				0.00034234836400370817,
				-0.000696612327649872,
				-0.0003030510573474426,
				-0.0005844092543727647,
				-0.00013589582034946774
			],
			[
				-0.0009765069522205661,
				-3.395891949187365e-05,
				0.0009503690398613783,
				-0.0006938473517442048,
				0.0006535588294850003,
				-0.000653508038374308,
				-0.000770000440470823,
				-0.00021508420836095614,
				-0.00022188575001464252,
				-0.0008130550219018425,
				0.0002699569183651446,
				0.0006846985855128703,
				5.406958456144451e-05,
				0.0009527955206523261,
				0.0005871768921365404,
				-0.0009285506625715549,
				-0.000756813004981524,
				0.0008747807845836855,
				-0.0004178936811815346,
				4.0800952684423445e-05
			],
			[
				-2.5962786785569455e-05,
				0.0008688109600674002,
				-0.0002603813267207744,
				-0.0004251335319394189,
				0.0003110132658182404,
