{
	"model_params": {
		"input_dim": 10,
		"units_per_layer": [
			20,
			20,
			2
		],
		"acts": [
			"tanh",
			"tanh",
			"identity"
		],
		"init_type": "uniform",
		"batch_size": 91,
		"decay_rate": 0.95,
		"decay_steps": 500,
		"epochs": 150,
		"lambd": 0,
		"limit_step": 500,
		"limits": [
			-0.001,
			0.001
		],
		"loss": "squared",
		"lr": 0.007185958238678252,
		"lr_decay": null,
		"metr": "euclidean",
		"momentum": 0.7977428112252327,
		"reg_type": "l2",
		"staircase": false
	},
	"train_params": [],
	"weights": [
		[
			[
				0.0008827604373964671,
				-0.0002091727707068101,
				0.00014141634205198169,
				-0.00047037437219577894,
				0.00023395459219785128,
				0.0004172199192638245,
				-0.0007094302599966311,
				3.011655537399848e-05,
				0.0009127893278672711,
				0.0008782176019475575,
				0.0007487262698215856,
				-0.0003742724041614962,
				-0.0006493526206478948,
				-0.0005063620071796666,
				0.00030983713894330704,
				-0.0009144567185411789,
				-0.0004710760475031963,
				-0.000768285370985062,
				0.0009660812863661059,
				0.000864458185092426
			],
			[
				-0.0005393817434149657,
				-7.917246049836282e-05,
				-0.00048442115759327737,
				-0.0005100823737128264,
				-0.000980630905437437,
				0.00032740954802471314,
				0.0007167150270622276,
				-0.0008416193494431678,
				-0.0008743638415249524,
				0.0005306848370787924,
				-0.0005188145665606437,
				-0.0007139712195078833,
				0.0009074403174486503,
				7.638247132803959e-05,
				-0.000940788370484464,
				0.0006544404330927915,
				-0.0005534772913260034,
				-0.0009975698869170348,
				0.0006040935148061591,
				-0.0004387806195134225
			],
			[
				-0.0007756921918041974,
				-0.00014990889006390206,
				0.0008246848596096443,
				-0.00045489889771945413,
				0.0006368836739240043,
				0.0006001897968292268,
				-7.205512651515546e-05,
				0.0008443444246115604,
				0.0008599370460715251,
				0.0007320705423644982,
				-6.947275992886951e-06,
				0.00011118425419233001,
				-0.00036457896966697546,
				-0.00020999701266033563,
				-0.00019299542416837312,
				0.0002973626364470932,
				0.00014532606338262108,
				-0.0005651800337515543,
				-0.000586412218887937,
				-0.00014914500757731686
			],
			[
				-0.0008486912392883792,
				-0.0004577955095174107,
				-0.0008838138930411745,
				-0.0004180668361398306,
				0.00010942462570494348,
				5.987520280629176e-06,
				0.0009006415498239034,
				-0.00021254936151661387,
				0.0005281841184145333,
				-4.567860295242633e-05,
				0.00021302653988463489,
				0.0006092161858773223,
				-0.0005624893290147757,
				0.00047838137731446716,
				-0.00023424650063523327,
				-1.9187887166629593e-05,
				0.00042151380287207274,
				0.0008631507685331458,
				0.0007185731300910563,
				-0.00028743166600176035
			],
			[
				-0.0007154082210447954,
				-0.0002675009857377093,
				-0.0009292488890766096,
				-0.0004567142826078054,
				0.0007910802713619156,
				-0.00030887906362863987,
				-0.0009618308163179041,
				0.0006064263002420276,
				0.0008500768197899134,
				-0.0006887071101821185,
				0.00010982357487719814,
				-0.0005032366475955518,
				-0.0002674533134766566,
				4.951441974173406e-06,
				0.0003826325848390916,
				-0.0005041849567834218,
				-0.00012390235477438268,
				-0.0007332288773348264,
				0.0005763997735602072,
				0.0009584383284678608
			],
			[
				-0.00020833529833861068,
				0.00054452303895652,
				0.00040871188103698054,
				0.0006490712797762356,
				0.00012913345721934813,
				-0.0003527960145806657,
				0.0008585595020937781,
				-0.0007426934041808054,
				0.0004323924696214903,
				-0.000606831281558214,
				0.0009481731823516714,
				-0.0008989605622262687,
				0.0008573909272808985,
				0.0005897987835829161,
				0.000876345453908269,
				0.0005756422503449914,
				0.00019302729461092996,
				-0.0002703918839536497,
				0.0002320101150370599,
				0.0001396765908504966
			],
			[
				-0.0004478777628508883,
				0.00034882139116340855,
				-0.0007692958328827718,
				-0.0005803651534617453,
				0.0008633027376634894,
				-0.00021844613679329042,
				0.0006332705612255246,
				0.0004433793452763145,
				-0.0006521686312203868,
				0.0006663839057851561,
				-0.0003942362092510661,
				-0.00016662831270600447,
				-0.0009712211696573156,
				-0.0002643237137742667,
				0.0009351434157055781,
				0.00043929605097719473,
				-0.0006175385801416573,
				-0.0007849261929875271,
				-5.9873349133622946e-05,
				-0.0006662951809264669
			],
			[
				-4.6706902957991455e-05,
				0.0005534308470497666,
				0.00017016518710293504,
				-0.0004735130209227676,
				0.000601231890337848,
				9.174812689956638e-05,
				-0.0007288406827078094,
				0.0007169346768093811,
				-0.0004368235469735778,
				-0.00025156237470151926,
				0.0008808069803303662,
				-0.0006590042490448597,
				-0.0007981388120870323,
				-4.2756410254740466e-05,
				-0.0007127850873154828,
				0.0008332682798812289,
				0.0008827593967479417,
				0.000334088038297594,
				-5.9098261835340135e-05,
				4.855580649850821e-05
			],
			[
				-0.0004296064521771048,
				-0.0005852018990389269,
				-0.00028816129807274747,
				0.0001830106022251421,
				8.952787264901061e-06,
				0.0006743662681630263,
				0.0009515109439000061,
				-0.0002875545995094258,
				-0.0009771704672016381,
				-0.0008466083343407552,
				4.311317559053322e-05,
				-0.0004542939966118831,
				0.0005495359053719773,
				0.0005222414860260626,
				-0.00031153835041731635,
				0.00023972398067823573,
				0.00040885437131922726,
				-0.0002742435316996103,
				0.0006238891701569186,
				-0.0005691303683973397
			],
			[
				-0.0009706676608874744,
				0.0009185134888203233,
				-0.0007434739945359173,
				0.0003604985018765491,
				0.0003771419352656398,
				0.0006698214806384725,
				-0.0007824467091566627,
				0.00011121072863350926,
				-0.0008888926357126894,
				-0.000517178850922669,
				0.0003293315099610497,
				-0.0007060387942565062,
				0.0003237486911040839,
				0.00021098119161262188,
				-0.00022645965226842832,
				0.000205896796701206,
				0.0009752779620789661,
				0.0006116436588251921,
				-0.0004271829251542989,
				-0.0006986480829129402
			]
		],
		[
			[
				7.058129562620267e-05,
				-0.0005334863614989956,
				-0.0005845560205013007,
				0.0006410256842127816,
				-0.00048526564373209153,
				3.230327230863681e-05,
				-0.00014611019425487442,
				-0.00021528731012392653,
				-3.221082708765332e-05,
				-0.0005144583106109362,
				-7.825002840891083e-06,
				0.0006721127500483534,
				-0.00040472966317756304,
				-0.0006434005473738418,
				-0.00032371847473541913,
				0.0009943881074312958,
				0.0008156449968636324,
				-0.00046775023769512016,
				-2.3101934000181647e-06,
				-0.0008969036728903859
			],
			[
				-0.0008750872296288115,
				-0.00032550530080526397,
				-0.000843043414497225,
				0.00010341790341381052,
				-0.0006619338757680633,
				-0.0009684999229003872,
				0.00010840901523324529,
				0.00017140803943594025,
				0.0005550704677734287,
				-0.0003192445002706181,
				-0.0005562542356234823,
				-0.00042754467653128626,
				-0.0007545076112587488,
				-0.0007732553519848264,
				0.00036022791494159717,
				-0.00012279389880329639,
				-0.0009565999122033184,
				0.00016341459728541662,
				-6.241438968738523e-05,
				0.0001873804905079652
			],
			[
				0.0004979039198422768,
				-0.0007996597628599574,
				-0.0003499978472303986,
				-0.00020923066625180885,
				5.127387833050588e-05,
				-0.00035325934132865466,
				0.0008949499516768121,
				-0.0006117258817888872,
				0.0003553585947642438,
				0.0009548621082662956,
				0.0002303106422480636,
				0.0003976717672250804,
				-0.0006501470993674826,
				0.00022806152254473936,
				0.00021672764867545526,
				-5.4646422265846955e-05,
				-0.0005981634551636266,
				0.00010540879420695582,
				0.00018983741359148852,
				-0.0004204461610910204
			],
			[
				-0.00018127706646904108,
				-0.00023839361352426323,
				-0.0007340227286882948,
