{
	"model_params": {
		"input_dim": 10,
		"units_per_layer": [
			20,
			20,
			2
		],
		"acts": [
			"tanh",
			"tanh",
			"identity"
		],
		"init_type": "uniform",
		"batch_size": 100,
		"decay_rate": 0.95,
		"decay_steps": 500,
		"epochs": 150,
		"lambd": 0,
		"limit_step": 500,
		"limits": [
			-0.001,
			0.001
		],
		"loss": "squared",
		"lr": 0.01,
		"lr_decay": null,
		"metr": "euclidean",
		"momentum": 0.6,
		"reg_type": "l2",
		"staircase": false
	},
	"train_params": [],
	"weights": [
		[
			[
				-0.0005667145132120515,
				0.0005144311435432022,
				2.8637795635242562e-05,
				0.0007067776410891679,
				-5.8389690756955486e-05,
				-0.0007631245952723984,
				-0.0006862618998247267,
				0.00012312167185593082,
				0.0005436186877819139,
				0.0006242635554677049,
				-0.00010864091825048858,
				0.000164487080617949,
				-0.0004588587260829218,
				0.0005846549921498514,
				0.00014530368488351454,
				0.0003596722592757553,
				-0.0002596242224637799,
				-0.00023025307222048982,
				-0.00036353084854014335,
				-0.0001667389763740294
			],
			[
				0.0007360250933403096,
				-0.0008336774820224455,
				2.838552095274353e-05,
				0.0009376124530557858,
				-0.0009109407256842538,
				0.0007864036785100459,
				0.0007746445126674917,
				0.0006026003934874412,
				-0.000731305071395201,
				0.0008121800452327648,
				-0.00048283729597885293,
				0.0008279962813580572,
				0.0009348301678028224,
				-0.0008133770743797519,
				-0.000788151507253399,
				0.0003653390791238944,
				-0.0008266084684638708,
				-0.0007951003171814804,
				-0.0009265722894198405,
				0.0008015237886856413
			],
			[
				0.0003469483570150611,
				0.0001867629948437738,
				0.00013830597031510542,
				0.0005802472262166048,
				-1.802208171991569e-05,
				0.0004556017161197487,
				0.0003425363129873481,
				0.0008058447422367222,
				-7.067208951262987e-05,
				0.00030718491185085747,
				-0.0003243779517818164,
				0.0004742168335758908,
				0.00035606559889780616,
				0.00038007526998194425,
				0.00012035233642262392,
				-2.0951685685598968e-05,
				0.0005055791214631771,
				-0.0008806837259817937,
				-0.0005015532553287166,
				-0.0001857509810995377
			],
			[
				-0.0005787302500813438,
				0.0004203177301672081,
				0.0005281416613168741,
				-0.0005100973627319212,
				-0.00023073280328411543,
				-0.0007175762148502465,
				-0.0004919479705188141,
				0.00020861190572004002,
				0.0004822072745486268,
				0.0005703850484345893,
				-0.0004914163816091324,
				0.00044000927657124106,
				-0.00047522445427679717,
				0.0005573168528014074,
				-0.00042944217216877266,
				-0.00034862697238295713,
				-0.0005557532163921084,
				0.0003023158593967923,
				0.0004997013507187728,
				0.0007277069511717714
			],
			[
				0.0008950202777451449,
				-0.0003814360742870242,
				0.00020652988890647902,
				-0.00012349750656740692,
				0.00028751765567259623,
				0.0002552634725899675,
				-0.0009753724205060388,
				-0.0002675659178857999,
				-0.000976284672986699,
				-0.000843086962939597,
				-0.00015163317911138455,
				5.604546654482622e-05,
				-5.199929320238582e-05,
				0.0008338816785562044,
				0.0005323997669025307,
				-0.0007088074028403202,
				0.0008454350513700496,
				-0.0005400622924856951,
				-0.0002766221326889638,
				0.0002776856965914286
			],
			[
				-0.0003459701446642966,
				0.0005464616701835931,
				-0.0007317462535398915,
				0.00039912139508582745,
				0.0009063762291557733,
				-0.0009598347114152564,
				-2.0790142881683613e-05,
				-0.0007126551721219623,
				0.00030982269928961554,
				0.0007335920951176654,
				0.0006442458114763183,
				-0.0007187936478140751,
				-0.0005304833043854713,
				-0.0008510659408468375,
				0.00047984350763066795,
				0.0004075467483535145,
				-0.0007274324265888155,
				-0.000957704251966274,
				0.0007786716114565103,
				-0.0005305868857767109
			],
			[
				0.00021690763493391048,
				0.0003749248640307454,
				0.0008141533625311212,
				-0.00018719936141699885,
				-0.00025760895356955,
				-0.00039463331447570126,
				-0.00030702082600768496,
				0.0004958439399599397,
				9.18877729025908e-05,
				0.0004609966094364696,
				0.000862990552512594,
				0.00028147787106722706,
				0.0003055570368345178,
				-0.0006601243857592037,
				-0.0003977483054971472,
				-0.00026945414016865297,
				0.0005480342942160105,
				-7.810419232451293e-05,
				0.0009251003247328889,
				-0.0009490742937110431
			],
			[
				0.0008144209819087639,
				-0.0007802758249011699,
				0.00020976024756974273,
				-0.000872740888656667,
				-0.0006246576154627381,
				0.0008571208864374081,
				0.00048060404325993376,
				0.0007705694933310952,
				0.0009770844820352776,
				0.0008975493236432659,
				0.0006758665284172128,
				-0.000993490377718054,
				0.0009165045447228856,
				-0.000431153389397164,
				-0.0005714289420718868,
				-0.0009973364786630152,
				-0.00012097945276825302,
				-0.00035217033512180103,
				0.00046356431674990004,
				9.528465688009823e-07
			],
			[
				0.0007107256748833776,
				0.000359284001744322,
				0.0006139704350633353,
				0.0006843753487159744,
				-0.0003777070441847852,
				-0.00011536684794548433,
				-0.0009674881216199929,
				0.0005003447731198188,
				-7.629905878156484e-05,
				-0.0005839539605858668,
				0.0006610224797715882,
				-0.00024194189374899806,
				0.0003509900669419713,
				0.0001528983460411114,
				-0.0009979348757169456,
				0.00013224817047666508,
				0.0009013117154991566,
				-0.0007295561411152516,
				0.00042269207917866244,
				0.0004168442674249615
			],
			[
				0.000565351422966682,
				0.0001824763153469263,
				0.00024311762818558682,
				-0.00039607585799517704,
				-0.0008153090279630655,
				-0.0009512870474302537,
				0.00048088470389375166,
				0.00022008536872576614,
				-0.0002177867245985077,
				-7.719821872790742e-05,
				-0.00016001272680049713,
				0.0007296045766822608,
				-6.544565618828678e-05,
				9.30503177736402e-05,
				0.00015816714853665093,
				0.00015973815279510923,
				0.00039523374524509224,
				-0.00017077095197887897,
				0.0004589277897070064,
				-0.0004559390516314495
			]
		],
		[
			[
				0.00037761865915504037,
				0.000792073538590832,
				-1.785304099940631e-05,
				-0.00019107445128268988,
				0.0008156568009660779,
				-0.00027935303658298727,
				1.0521542198762114e-05,
				-0.0006110815193010888,
				-0.000899815277842156,
				0.0007731936523495491,
				-0.0005131540913738335,
				-0.000189829298571301,
				0.0002895515925197879,
				0.00013291709569715222,
				-2.0056271666286755e-05,
				-0.0007185614110892398,
				0.0007064328250750626,
				-0.0007970869244034951,
				-0.0007661416853863574,
				0.0009886367133365545
			],
			[
				-0.0002180538605474027,
				0.0006062912982054431,
				0.00016229393904537487,
				0.0008312303809035304,
				-0.000320113106049027,
				-0.0005277715038085027,
				-0.0008752176753534704,
				-0.0005357467871315912,
				0.0008762366428011828,
				0.0006050113878101992,
				-0.000270448595222752,
				0.000578654772669231,
				-0.0008871198599864892,
				-0.0008485041961507826,
				6.659181617185402e-05,
				-0.00020640628566440003,
				-0.0001968630739302026,
				0.0006271447157150238,
				-0.0007996575901494434,
				0.0007456194634569728
			],
			[
				1.5561112728287516e-05,
				0.0008838377353380586,
				0.0009136063244298369,
				0.00027515896195022733,
				-0.0001250733251688652,
				-7.189215128711732e-05,
				-0.000829542275224044,
				0.0009881339421215513,
				-0.0006306133464056516,
				-5.976819793222657e-06,
				0.0009786573972393854,
				-0.0009722528316284728,
				-0.0007926058598032085,
				0.00044461676298677565,
				0.0006192753798333415,
				0.0008700276176301948,
				-0.0005389496324681473,
				0.000595052235829881,
				0.00019809565352596806,
				-0.0007293082078863129
			],
			[
				-0.0009496342625111669,
				9.794618595932651e-05,
				0.00043075995329150884,
				-0.0002597639481184586,
				0.000759660051112982,
				0.0007897064557206878,
