{
	"model_params": {
		"input_dim": 10,
		"units_per_layer": [
			20,
			2
		],
		"acts": [
			"tanh",
			"identity"
		],
		"init_type": "uniform",
		"batch_size": 16,
		"decay_rate": 0.95,
		"decay_steps": 500,
		"epochs": 700,
		"lambd": 0,
		"limit_step": 500,
		"limits": [
			-0.001,
			0.001
		],
		"loss": "squared",
		"lr": 0.001,
		"lr_decay": null,
		"metr": "euclidean",
		"momentum": 0.4199289601348085,
		"reg_type": "l2",
		"staircase": false
	},
	"train_params": [],
	"weights": [
		[
			[
				0.0009298975508824497,
				0.0002997672220756804,
				0.0009082938974299254,
				0.0009714881364367707,
				0.0007862789025388241,
				-0.0002784664173410505,
				-0.0002673022988730105,
				-0.000903220786055059,
				0.0008589885883693025,
				0.0009625915604917442,
				0.0007523487145963128,
				-0.00020573352659815282,
				-0.0007469634076526209,
				0.0002241486763148639,
				0.0003297468917401005,
				-0.000663915624156034,
				0.0008776840735150483,
				-0.00031097644092805603,
				0.0006475108765114466,
				0.0009550336438407768
			],
			[
				-0.00023319891796923752,
				-0.00010244384709422595,
				-0.0008524906427580989,
				0.0006751377317970287,
				0.00042600295859101796,
				0.0007304521114817541,
				0.0005982061843734468,
				0.0008270596808732462,
				0.00011063357936050636,
				0.0009895916228737996,
				-0.00033363632484954527,
				-8.368368517787904e-05,
				-0.0005489220048375545,
				0.0005019959237814462,
				-0.00045685779042808124,
				-0.0007940739509127464,
				-0.00012040535546494445,
				-0.0003073442395108792,
				6.975204812815572e-05,
				-0.0003926597644284841
			],
			[
				-0.0008476030747791905,
				-0.00016498117782378177,
				0.0002500574333592115,
				-0.0007781072516825498,
				0.00014393028407528653,
				-0.00043569255616482286,
				0.0007612267818436094,
				-0.00041890443677308786,
				-0.00014215435238037273,
				-0.0005541306189706705,
				-0.00040333224502473277,
				0.0004920851419002402,
				-0.00022203013985043116,
				0.00037989836562763585,
				-0.000765137363228654,
				0.0008710006990623699,
				-0.0006266306168067432,
				-0.0009108042512109918,
				0.0001091506443686714,
				0.00013356762533667374
			],
			[
				0.00048228073003086873,
				0.0004882411660677914,
				-0.0004645427173712518,
				-0.0002758940280530402,
				0.0001016581216508731,
				-0.0007524571583348582,
				0.00015493654323153467,
				0.0007237977308776824,
				-0.00026128272684450217,
				-0.0003633887413446135,
				0.0002479778433193175,
				0.0009510190121447479,
				0.0004694061078122586,
				0.00016423053670173364,
				0.00035768567439759197,
				-0.0009008437306003107,
				0.000437676040928095,
				0.0009496823018975691,
				-0.0009078815524444626,
				-0.0009055491265558027
			],
			[
				0.00041395859712999093,
				0.0009978499033022822,
				-2.3828578942022513e-05,
				0.000699575056136936,
				-0.00023778754426146103,
				-0.0006756177695672395,
				0.000228187443148752,
				-0.0008250374060334147,
				-0.0007473400284737635,
				-7.352479513735282e-05,
				-0.00015213942833284567,
				0.00026322644502746635,
				-0.0005023006997177666,
				0.0008736464998875099,
				0.0009446935197946374,
				0.0009177999077082284,
				0.0001631324310562767,
				6.262731454260311e-05,
				0.0007472624747238822,
				0.0007996212779085904
			],
			[
				0.00047690841366910815,
				0.00018012056178267786,
				0.00037527561802440964,
				-5.035032216107419e-05,
				-9.101644452595031e-05,
				0.000729846730127345,
				0.0007598617186880367,
				-0.00018155447756846655,
				-0.00044306367701725025,
				0.00025198877356376564,
				-0.00030913048841217704,
				0.00042927881449096703,
				-0.0006362148734323286,
				0.0008341428979291117,
				-0.0005083803725767391,
				0.00023789898864160657,
				0.00027731660340412734,
				-0.0007377921308830005,
				0.000984313880271385,
				-0.000183442008532134
			],
			[
				0.00047142526801053296,
				-0.0008841461664460592,
				-0.0006416835484099976,
				0.00040952515456922243,
				-0.0008072829536670161,
				-5.9187919949773844e-05,
				-0.00010859298766729465,
				0.00026362039893079487,
				-0.00023572909786479944,
				-0.000617143905381508,
				-0.0001335462119097182,
				-0.0005816365663943128,
				0.00032241740862926343,
				-0.00010453927965608687,
				-0.0006049019999475649,
				0.0008978534123937106,
				-0.00023486871653655302,
				-0.0003278565120550243,
				-0.0009749743074288586,
				0.00018141460174457753
			],
			[
				-0.0006216275971748814,
				-5.393999943146372e-05,
				0.0004190550098299229,
				0.0007877345819881094,
				-0.0005539837209268217,
				-0.000850390618306041,
				-0.0007864818675218667,
				0.0003937843919242438,
				0.000514411433030581,
				0.00032052409325670876,
				0.0008452858263702638,
				-0.00021004346824698365,
				-0.0007470446903847412,
				0.0003311195091604119,
				-0.0009078293850382211,
				-0.00010923985619101816,
				-2.8500833626104224e-06,
				0.0009845971011996561,
				-1.815991423091191e-05,
				-0.0005206359337694313
			],
			[
				0.0004754484929154225,
				-0.0006457318237147185,
				0.000695528686428655,
				2.1840093917646847e-05,
				-0.0005949118130984237,
				-0.00021873853419458267,
				-0.0006364038438742309,
				-0.0005502642912637264,
				0.0009743261174369761,
				-0.0005783131022771051,
				0.0009384580512456313,
				-0.0008226948200358659,
				0.0003399493157780632,
				-0.0006774996199137504,
				-0.0007288858445927775,
				-0.00039746753525467856,
				0.0007964313285592401,
				0.0005466095362648507,
				0.0003044516268182853,
				0.000803895832159459
			],
			[
				0.00011460291240265419,
				0.000453121432983048,
				-0.0005444593125565869,
				-0.0007420295570519509,
				0.0009687062452339132,
				-0.0004700390800270915,
				-0.0006552141549154153,
				-0.0005130810362010982,
				0.0005526625345342411,
				0.0008316292991955828,
				-0.0009089066259873315,
				-0.00048072639601291604,
				0.0006076420532714138,
				0.0006413296619935266,
				-0.0009743061582381525,
				-0.00045422053453653306,
				-0.00047401281575763484,
				0.0002643653248097888,
				0.00010735917155965365,
				-0.0008323985444615729
			]
		],
		[
			[
				-0.00027425684253403794,
				-0.0008909491017536939
			],
			[
				-0.0003474854737641731,
				-0.0008480692128098606
			],
			[
				0.0009835004667375115,
				-0.0005246001049618422
			],
			[
				-0.0002809665592472375,
				-0.00022356183231308786
			],
			[
				-0.0003542965618548872,
				-0.0008427686297739354
			],
			[
				0.00011674787803202876,
				-0.0001649691986411226
			],
			[
				0.0009551080021011908,
				-0.00031948863365668196
			],
			[
				0.0009686076884368343,
				-8.926759961624064e-05
			],
			[
				8.045289297362837e-05,
				0.0009385682955135161
			],
			[
				0.0007405833064563598,
				0.0007642422001410965
			],
			[
				-0.0005281370967161565,
				-0.0006675347302310944
			],
			[
				0.0007042087536779863,
				0.00048747116004678177
			],
			[
				0.0009801540794581493,
				0.00014452202607625054
			],
			[
				0.0008263358241657366,
				4.6259964847617484e-05
			],
			[
				0.000787390290704255,
				0.0004192759172428268
			],
			[
				8.123816714652988e-05,
				-0.0005200655766503357
			],
			[
				0.0007274502176221305,
				0.0006232682996785942
			],
			[
				-8.489297143577886e-05,
				0.00019046003776429597
			],
			[
				0.0003711058404564241,
				0.0006216000667959626
			],
			[
				0.00011455256904125332,
				-0.000587212790328773
			]
		]
	]
}