{
	"model_params": {
		"input_dim": 10,
		"units_per_layer": [
			20,
			20,
			2
		],
		"acts": [
			"tanh",
			"tanh",
			"identity"
		],
		"init_type": "uniform",
		"batch_size": 91,
		"decay_rate": 0.95,
		"decay_steps": 500,
		"epochs": 150,
		"lambd": 0,
		"limit_step": 500,
		"limits": [
			-0.001,
			0.001
		],
		"loss": "squared",
		"lr": 0.007185958238678252,
		"lr_decay": null,
		"metr": "euclidean",
		"momentum": 0.7977428112252327,
		"reg_type": "l2",
		"staircase": false
	},
	"train_params": [],
	"weights": [
		[
			[
				0.00012829470761244622,
				-0.0005240310728624089,
				-0.0006023712608035333,
				-0.0006680579990167897,
				0.00020430656079727886,
				0.0004367513128294802,
				-0.0006878504691380973,
				-0.0008152306276873165,
				0.0003243551979745915,
				0.0005422657508441522,
				-0.0008076303109130283,
				-0.000772022558072271,
				4.540853402460257e-05,
				0.0007313560803013472,
				0.00021077163906012297,
				-0.0007991272485060069,
				-0.0007037134784457515,
				2.253495007156596e-06,
				0.00017658184338692484,
				-0.0009023487693251504
			],
			[
				0.0005646968364948742,
				-0.0009550777154756511,
				0.0003311642245901925,
				-1.3065757655265822e-06,
				0.00045918155325890713,
				5.0545785946239444e-05,
				-0.00023301655429318498,
				-0.00018950656094679388,
				-0.0006556700574754988,
				9.120597096034231e-05,
				-0.0007246339656400847,
				-0.0006714205564070401,
				-0.0007297754953317764,
				2.826029835816565e-05,
				-0.00010567761327684314,
				0.0003766270027176948,
				0.0009453682885695092,
				0.0007832998047177572,
				-0.00039203805105179673,
				-0.0004967573831490116
			],
			[
				-0.00039151991088287575,
				-0.0009504879359096141,
				0.0005144903722811862,
				0.000994283076666979,
				0.0005788281244388938,
				0.000675746704498474,
				0.0009247939106875949,
				7.005603493503553e-05,
				0.00036727267545448973,
				-0.0004736438367587164,
				0.00019177682380739345,
				-0.0003867157851899465,
				0.00032478068888169473,
				0.0007385125317337807,
				0.0009415825638039849,
				0.0008332324243336235,
				-0.00042971095489406717,
				0.0007755512703941836,
				0.00046097771509347554,
				-7.389777007910103e-05
			],
			[
				-7.242272046668766e-05,
				-0.0007550810947114311,
				-0.0004403295232220004,
				-0.00031999489213203837,
				-0.0004918240520076025,
				0.0001547745934011638,
				0.0003120206688283062,
				0.000526402877096878,
				-0.0002714552375578345,
				-0.0007672451856333489,
				0.0004856755439041195,
				-0.0002614496454123685,
				-0.0005756112076042474,
				-0.0005125906000789813,
				0.0008419705855322933,
				8.518353327488775e-05,
				0.0008620108005810314,
				0.0002830184849080214,
				-0.0009359255909652418,
				0.0002668727749082793
			],
			[
				0.0005450325326843432,
				-0.00026599933330892457,
				-0.00010855533697734997,
				6.726852194148796e-05,
				0.00031138190416295035,
				-0.0007852394374568709,
				0.0006325426734034457,
				0.00013829740277059195,
				0.00092692414844917,
				0.000514787595503963,
				0.0001649681423920898,
				-9.323608735483703e-05,
				-2.6708696262968575e-05,
				0.0008365090604406436,
				0.00016322416947049927,
				0.0008971122270885097,
				0.00021384448231555764,
				0.0003336073755155996,
				0.00029880693407706264,
				-0.0007464731300330537
			],
			[
				-0.0002011014272984182,
				0.000967909604544427,
				0.0005156622056496246,
				0.00034557152696292103,
				0.0008330656739032913,
				-0.0004741598554221433,
				0.0002056475107582766,
				6.405172946853514e-05,
				0.0007810114430372287,
				-0.0003423744465575083,
				0.0007411776583057684,
				-0.00038518198593687724,
				0.0007262108944656905,
				-0.0007071781996806845,
				0.0006831001997698778,
				-0.0007147417414537884,
				-0.00043062426369084976,
				0.0007472799051040633,
				5.343497634155035e-05,
				0.0009140551244427308
			],
			[
				-0.0003424774892191886,
				-0.000547585512546438,
				-0.0008860181876416175,
				0.0004346940147863124,
				0.0003883270299632573,
				0.00014301605362992314,
				0.0002088200234641399,
				-4.4456770187814034e-05,
				-0.00012842504889540394,
				-0.00025038504577268685,
				0.0008758237644181468,
				0.0007252414265075441,
				-0.0003069707750499455,
				-0.0009121331143877674,
				-0.00042514196278881317,
				0.0006550138260434462,
				0.0009131584665406215,
				0.0007088512133550024,
				0.0004582100515979747,
				1.688794229849546e-06
			],
			[
				8.119744220881847e-05,
				-0.00028913127765116213,
				0.0005905415515615364,
				-0.0005354202248645335,
				-0.0004087726254587365,
				-0.0008981220073901397,
				0.00028106792201022107,
				0.00018727103438989255,
				0.0007521507002794076,
				-0.00048017218807605653,
				-0.0004392191024378294,
				-0.0003162728029340174,
				7.803903825782076e-05,
				-0.0009326810021066983,
				-0.0004495086599885359,
				0.0008071510298393702,
				-0.0007388860430502657,
				-4.45907300860648e-05,
				0.00024015370906172655,
				0.0003308323401104167
			],
			[
				-0.0008639761181346366,
				-0.0001911347364575458,
				0.000664675062484717,
				-0.00021191582562432858,
				-0.0008285961825094896,
				-0.000661949466683681,
				0.00042699582191479805,
				0.0004707006384755963,
				-0.00020329978174788473,
				-0.00011574763311719542,
				-0.0004876872386932492,
				0.0004927511797731905,
				-0.00019950403558416732,
				0.0004305412636567106,
				0.0008245746754848699,
				0.0006539004347680209,
				-0.0008809251099988442,
				-0.0006642972818651763,
				0.0005236582990919667,
				0.000781121936295246
			],
			[
				-0.0006101572510303295,
				0.0001768288702220101,
				-0.000500857910242035,
				-0.0006390670949607265,
				0.0005126111857673855,
				-0.0008542580163041616,
				0.0005213447489042331,
				0.0007796252419687867,
				-0.0005575512664720735,
				-0.0007596159547330508,
				0.0008279518860375939,
				-2.489721564764033e-05,
				-0.0006645829723638365,
				-0.0009251012449348017,
				-0.00092907997534182,
				0.00035345160466691795,
				-4.6415855865122e-05,
				-0.00024368489469636418,
				0.00012996133481513444,
				0.0008164267614128176
			]
		],
		[
			[
				-1.6659801225182586e-05,
				0.0005625279038855551,
				9.038268619993256e-05,
				0.0005223130590260032,
				1.5271148222474303e-05,
				0.0003384550392389945,
				0.00046674921800870205,
				-0.00047890580564748596,
				-0.00011839605829334682,
				0.0004907086336103917,
				-0.0006497702084225906,
				-0.000920899726645541,
				-0.0004864895269703109,
				-0.0008552790841032978,
				0.0006627981132856988,
				0.00023414230684800567,
				-0.00025159969208496565,
				-0.0004258988547487406,
				-0.0005286718026103919,
				-0.000705082006245193
			],
			[
				0.0005839991320240811,
				0.0003596644081255635,
				-0.0005552029905094953,
				0.000447249349053949,
				-0.0009803356997222774,
				0.0003601556754218838,
				-0.000587091949176948,
				0.0005365046558380394,
				0.0007940376912249187,
				0.0006466879377870275,
				-0.0002129163965114005,
				-0.0003545694373569806,
				0.00023526766453320228,
				-0.0005941350309090728,
				0.0004152304376769708,
				-0.0006401086038435935,
				0.0004679714959976405,
				-0.0007303440459899215,
				-0.0001796231735198046,
				-0.0003503457399994809
			],
			[
				0.0004922050505751961,
				0.00032133588084035146,
				0.0005038603946796788,
				-0.000620108008191363,
				-0.00030573072031048003,
				0.00048075382310573873,
				-0.000980887563148198,
				0.00020425926442420826,
				0.0004241925769121258,
				0.00043859801096604524,
				0.0003319388085557427,
				3.3888362333109844e-05,
				0.0002440285581237992,
				-2.5922884073778865e-06,
				0.00023940270593102316,
				0.0004159474062105984,
				-0.0009158860222393879,
				-0.0006057230795363562,
				-0.000912466078270886,
				-0.0008004928646894758
			],
			[
				-0.00046337460355687203,
				-0.0005429121476584538,
				-0.00026308012082467075,
				-0.0009490673837817934,
				0.0009428483743627643,
