{
	"model_params": {
		"input_dim": 10,
		"units_per_layer": [
			20,
			20,
			2
		],
		"acts": [
			"leaky_relu",
			"leaky_relu",
			"identity"
		],
		"init_type": "uniform",
		"batch_size": 200,
		"decay_rate": 0.95,
		"decay_steps": 500,
		"epochs": 800,
		"lambd": 1e-05,
		"limit_step": null,
		"limits": [
			-0.001,
			0.001
		],
		"loss": "squared",
		"lr": 0.005,
		"lr_decay": "exponential",
		"metr": "euclidean",
		"momentum": 0.6,
		"reg_type": "l2",
		"staircase": true
	},
	"train_params": [],
	"weights": [
		[
			[
				-0.000570415516718687,
				0.0006220864527533298,
				-0.000224076799649396,
				0.0005591395029243542,
				-0.0006586940599826255,
				-0.00020893592168944443,
				0.0007552678364961497,
				0.00040162988582575815,
				0.0007777018929211274,
				-0.0004583453348852711,
				-0.00025123742879756253,
				0.000696685786290956,
				-0.0004657552595163758,
				-0.0006361929798079195,
				-0.00040147743262480297,
				0.0009176822765099863,
				0.00038787802477020187,
				0.00022394522506994762,
				-0.0005074091607146345,
				0.0008141780456449486
			],
			[
				0.0003943202128133161,
				-0.00030317024168769206,
				-0.0005744048150666983,
				0.00025805822552165303,
				0.0008462781837973042,
				0.0005768826712333737,
				-0.0005606365534505753,
				-0.0009124431312352464,
				0.0002824942745418707,
				0.0003752890315862191,
				-0.0007295036504177924,
				-0.0009620298486727836,
				-0.0005960230267671876,
				0.0002971505040200984,
				-0.0007882027533957687,
				-5.590384071585701e-05,
				0.00025713230729773866,
				-0.0003542590404596211,
				0.0006832140568345333,
				0.0007029380508546377
			],
			[
				0.0004269993547141369,
				-0.0006209099570009598,
				-0.0009320946506375516,
				-0.00028707634535363375,
				0.00018073693512985997,
				-1.48558902821705e-05,
				-0.0007146852003625782,
				0.00018946876714768406,
				-0.00032798380194557387,
				0.0009031562672885973,
				0.0009583598730437187,
				-0.0009092709644475419,
				-5.3325889616992386e-05,
				0.00025230727470112384,
				-0.0003159778337407655,
				-0.0003326343784535855,
				0.0003571750756890641,
				-0.00038032998346396445,
				-0.0006125372114289289,
				-0.00036232176447126155
			],
			[
				-0.0009462895912382976,
				-0.0007198157787362664,
				0.000487075280297924,
				-0.0003333412038266497,
				0.0008295077691002806,
				-0.0008037626595513381,
				-0.00021988484736493305,
				-0.0001719476084827827,
				-0.0006366712389829859,
				-0.00032436233154503765,
				-0.0002885537958630446,
				-0.0007982935726687641,
				0.0003085272470075922,
				-0.0005015317345358403,
				0.0003338642114717803,
				-0.0008876666959374098,
				0.0009290580864771982,
				3.512263335324621e-05,
				0.0009107287474254516,
				0.0009908225059479378
			],
			[
				7.278114766088618e-05,
				0.00040481182316692496,
				-0.0007501905798593591,
				0.0005722111268988629,
				-0.0005362251981105874,
				0.0006602082373729471,
				0.00021424047146936082,
				0.0009693062801552029,
				-0.0001634679689957579,
				0.0004886413482205053,
				0.00028384262601645793,
				-7.70312942125601e-06,
				-0.00045335447347769043,
				-0.0008103423441078151,
				-1.911474512999653e-05,
				0.0001495099120909589,
				-0.0007914999526050546,
				0.00087391090670586,
				0.000375529630372928,
				0.0006138767559767714
			],
			[
				-0.0005497498120547128,
				2.892487674934787e-05,
				-0.0001766491745454823,
				0.00017547176279988637,
				-5.847698693411019e-05,
				0.0009533494181700442,
				6.441672324615727e-06,
				1.9755635685750122e-05,
				0.0006663078865498545,
				-0.0008591096283790178,
				-5.925390075701769e-05,
				-0.00013607941956079235,
				-0.0008005056067076493,
				0.0005955491385100269,
				-0.00016445040832335463,
				-0.0005894269614250964,
				0.00041006853167830184,
				-0.0007417013228444829,
				0.0007095275956385723,
				0.00012049144595708151
			],
			[
				-0.00036964138301283443,
				-0.0003421362259167415,
				-0.0007742792180294023,
				0.0007595958316474378,
				2.4511478015194115e-05,
				0.0005584329836155891,
				0.000748099839316128,
				-0.00040673201690670697,
				0.0009814733234698113,
				3.12537969559927e-06,
				-0.0006855374089561222,
				0.0007290237788606688,
				0.00037365954168378933,
				-5.270181945728593e-05,
				0.00016604117895153742,
				-0.00021000380927980555,
				-3.3012318983365345e-05,
				0.00014834744305233338,
				-0.00039549276456154493,
				-0.00056196637606358
			],
			[
				-0.0005956504571312598,
				0.00014864415483651803,
				-0.00045493722485480273,
				-2.0197513770167045e-05,
				-0.0004202644271247178,
				0.00011365630853943701,
				0.0002510126622761483,
				0.0006598255373026138,
				-0.0004953079824741533,
				-0.00043936979690174143,
				0.0004129143742773896,
				0.0007267451744939789,
				-5.193812100154241e-05,
				0.00038813797029623267,
				-0.00046810574863496936,
				-0.0008001844983685722,
				0.0002306444960167057,
				0.000948460036938047,
				-0.0008081221630956297,
				0.0004337651034242995
			],
			[
				0.00038030976114378245,
				-0.000856490231822234,
				-0.0008367055442293925,
				9.689950946599663e-05,
				0.0008723341201965897,
				-0.00046666860950166523,
				-0.0003012861334714407,
				0.0008623516736133423,
				-0.0007266066617904599,
				-0.0005996786305602575,
				0.0003186362988609559,
				-0.0003667246689649952,
				-0.00011955469696958937,
				0.0007705232714998399,
				0.0009168080292523398,
				-0.0006230006580058192,
				0.0001409545637391953,
				0.0005233662675093887,
				-0.00016903742721185598,
				0.0008359573808841853
			],
			[
				0.000765262881243669,
				0.0007706601758061618,
				0.0006509092100277418,
				-0.0009879293305633254,
				0.0008302678014237583,
				-0.00036283416588906055,
				-0.0001169724487044137,
				-0.0008755494529271259,
				0.0004123577647783749,
				0.0005038188597739671,
				-0.0007630997255804266,
				-0.0008017496557536779,
				-0.0004841316713013981,
				-0.0005450696278337583,
				-0.000990519729337462,
				0.0003447557520612455,
				-0.0006192882338958741,
				-9.545164507688609e-05,
				0.00046441552204238364,
				0.0002961336869964177
			]
		],
		[
			[
				0.00047808259027799045,
				-2.5736939798482144e-05,
				0.0007657255841459613,
				-0.0009434133658315635,
				5.282141704072182e-05,
				0.0008745814498874061,
				-0.0005663513407516577,
				-0.0006436597777071247,
				0.0005535753349090347,
				-2.80778842458914e-07,
				-0.00013090758341830465,
				0.00040040039061489414,
				-0.0009006277980136652,
				-0.0008679447778665455,
				-0.000623976490579806,
				-0.0005146423645102183,
				-0.0002754938445147932,
				-0.0004901555470375423,
				0.0008035860197335065,
				0.000269244537331622
			],
			[
				-0.0006325949702991203,
				-0.0005661786597553405,
				-0.0007037162625084315,
				-0.000785867673210062,
				0.000747332595122436,
				-0.0003282178232200386,
				0.00044596166788418864,
				-0.0006931135251938126,
				6.945809778596021e-05,
				0.0002689577686160571,
				0.00015887162713509179,
				0.0001227225872575356,
				-0.00019541081785560217,
				-6.86955794413518e-06,
				0.00017961321547815714,
				-0.00042712765720763393,
				-6.840935692736696e-05,
				0.00016628659102017385,
				0.0008908139212085444,
				0.0009999399673565582
			],
			[
				0.0008927337578267733,
				-0.0004228601251561673,
				-0.0008078559055837448,
				-1.9818074918996793e-05,
				-6.527269922321883e-05,
				0.0009213831402852778,
				-0.0003490263884448504,
				0.0009800675115684055,
				-0.0009614736092246612,
				0.0006583418044585111,
				-0.00017979234783105922,
				0.0008811132665254523,
				-0.0001784385894209946,
				-0.0007099749113332172,
				-2.1649340271761176e-05,
				0.000339912458587328,
				0.00018856295963997575,
				0.0004474884593638473,
				0.00037650077137468016,
				-0.0009427173557087614
			],
			[
				-0.0007961416768654268,
				0.0006031229014406348,
				-0.0008545878778479143,
				0.0003682036815130668,
