{
	"model_params": {
		"input_dim": 10,
		"units_per_layer": [
			20,
			20,
			2
		],
		"acts": [
			"leaky_relu",
			"leaky_relu",
			"identity"
		],
		"init_type": "uniform",
		"batch_size": 200,
		"decay_rate": 0.95,
		"decay_steps": 576,
		"epochs": 800,
		"lambd": 1e-05,
		"limit_step": null,
		"limits": [
			-0.001,
			0.001
		],
		"loss": "squared",
		"lr": 0.005655844946607864,
		"lr_decay": "exponential",
		"metr": "euclidean",
		"momentum": 0.7709349296879282,
		"reg_type": "l2",
		"staircase": true
	},
	"train_params": [],
	"weights": [
		[
			[
				0.00034159187303639386,
				0.0008364014177126339,
				-0.0002129825807459638,
				-0.0004775785428689388,
				-0.000695680165711451,
				-0.00031710271488663057,
				0.000970590747921721,
				0.0008794076523798303,
				-0.0007380918743830451,
				0.0008802615913595924,
				-0.000492989582497662,
				-6.183283512348604e-05,
				-0.00043579717076088896,
				-0.00031831367091488525,
				-0.0007859862731717458,
				0.0009422858419207607,
				-0.0009561834492474045,
				0.0003990569364025493,
				0.00016843212142060994,
				0.0007221814255510231
			],
			[
				-0.00037405685821496177,
				-0.0002630054751136011,
				-0.0002724333203477161,
				0.0005786174347987266,
				-0.0001117884461415595,
				0.0005018674468039146,
				0.0001475288531873778,
				-0.0007431672693297049,
				-0.0009236825076061906,
				-0.00040874691214689695,
				0.0003982349626631147,
				4.000222354576472e-06,
				-0.00024718368852412725,
				-0.00018254052030745687,
				3.353956319634369e-05,
				0.0003565263880217968,
				-0.0007602423755957455,
				-0.00022011447974492877,
				0.00021484568180809085,
				0.0008520523562477696
			],
			[
				0.0008718759977486181,
				-0.0004810166160539697,
				0.0004342070058409844,
				-0.0007708504883317999,
				0.0005430015279928406,
				0.00031667919224751396,
				0.00021535558973091338,
				0.0009111638981195874,
				-0.0006970020493483837,
				-0.0004057090748027565,
				-1.4818986370504147e-05,
				-0.0006328107310076237,
				0.0005139313379463823,
				-0.0006195566787843378,
				0.0006081250377923024,
				0.00021610722180953243,
				0.0005679692064414765,
				0.0005976526526118655,
				2.1791043963706545e-05,
				-0.0008161948217292063
			],
			[
				0.0006909917237955983,
				0.0007971984455841107,
				0.0006814905045689353,
				-0.0007435553211251194,
				-0.0008091576720528615,
				0.0006320875236120647,
				-0.00010212996472694466,
				3.0019586548048248e-05,
				-7.520978184095712e-05,
				-0.0009640227652564473,
				-0.00017527024446593084,
				0.0005446206043749891,
				0.000640986395078434,
				0.0007325421451248187,
				-0.00035790194688317103,
				2.229564504858386e-05,
				3.8382160037618357e-05,
				-0.0005190349868562692,
				-0.0005235931467799753,
				-0.000850501023939165
			],
			[
				-0.0002672050095606673,
				0.00036007052850796795,
				-0.0006649953105397988,
				-0.0007791771173349118,
				-0.0007810107101635062,
				0.0007222307187038173,
				5.056115394425596e-06,
				0.0002920921501238906,
				-0.0008913887576215838,
				-0.0004636508137036483,
				-0.0005038173019322796,
				0.0004922350724471008,
				0.0004171621487769016,
				0.00020613297243046833,
				0.0005035920674060937,
				0.000574292004930547,
				-0.0005940055169892748,
				0.0009148430541896695,
				0.00018815273407198746,
				-0.0008914142414799073
			],
			[
				-0.00031787633212003463,
				0.0007987847937588482,
				0.0005075003602650174,
				0.0008632561984098215,
				0.0002449263457554604,
				0.000993736648079874,
				-0.00017996956792018179,
				-0.00026369653296926334,
				0.0007516594374491201,
				-0.0008295585346398704,
				-0.0002421563608061883,
				0.0005662204899752074,
				-0.0001491286643541237,
				0.00033970675367713,
				-0.0002729706188029046,
				0.0005784089559605888,
				0.00030221086872099317,
				0.0009135139216149314,
				-0.0007899245823345602,
				-0.0005091310808259683
			],
			[
				-0.0007028899756977609,
				-4.0251630549073395e-05,
				0.0009317250229661175,
				7.032637082449861e-06,
				0.00017254212404276838,
				0.0006918097727585753,
				0.0007229757976657814,
				0.0008091568240847522,
				0.0008524682125888414,
				-0.0005555740098705944,
				-0.0001522498928224243,
				-0.0002619637003385193,
				0.0007625424551146499,
				0.000600463740604259,
				-0.000943858943854943,
				-0.00018350423540818776,
				-0.0008066063749474592,
				-0.0002528518698571489,
				-0.0005092693319518058,
				-0.0001988358140074919
			],
			[
				-0.0004378541235916948,
				-0.0005995426929264187,
				0.0006056466877458963,
				0.00030821927589448866,
				-0.0004454356583772195,
				-0.0006174307539143218,
				0.0008827475266322629,
				0.000572215632736797,
				0.0003341758893735049,
				-0.0002726100916311807,
				-0.0001885652537496576,
				-0.0003414590280261036,
				-0.00013101053027075762,
				-0.0004060518907528372,
				0.0003330388842256466,
				-0.0007248239232245699,
				-0.00019257306585962366,
				-0.0009545941207616524,
				0.0005999455388726606,
				0.0009488825432421109
			],
			[
				-4.430343940226185e-05,
				-0.0006440091289998365,
				-0.0009446712729807921,
				0.00016532753138661944,
				0.00035979048215290074,
				-0.0008486840660647966,
				0.00021201254022125437,
				0.0005077938407548124,
				0.0007822370550266404,
				0.0004142258539074513,
				-0.0006203675853484263,
				0.0001343412742092166,
				0.0008012160263999222,
				-0.00024643539421726683,
				-0.00015606955898340362,
				0.00014508156134059838,
				0.0003419739552432558,
				0.00022255445519952046,
				-0.0003779743416965069,
				-0.0004046184231408492
			],
			[
				-0.0005946450144536527,
				-0.0007333258382396652,
				0.0003832481826727119,
				-9.45836153708892e-05,
				0.0008647164020916388,
				-0.00029949435413969975,
				0.0002177210406908497,
				-0.0007499313277911528,
				4.432969246325564e-05,
				0.0009250220315118278,
				-3.117186916006085e-05,
				0.0004463515924569999,
				-0.0005829167064263384,
				-0.00013812714409941116,
				0.00039382400460836325,
				0.000619480112442218,
				-0.0006440786236236129,
				-0.0006003016769134249,
				-0.00023689076821941453,
				0.00038790059374062117
			]
		],
		[
			[
				-0.0005104834658477809,
				0.0007250807574997345,
				0.0005934904164499862,
				-0.0007479756252669641,
				-0.00019340405261250538,
				0.00025385546184293834,
				0.0006389016729881972,
				-0.0008361674406658843,
				-0.00013098168498762463,
				-0.0002745879516293311,
				5.694153852294501e-06,
				-0.0009552816321052682,
				-0.00012737283607632043,
				0.0007496592169251182,
				0.0009760972010813373,
				-0.00012070521833691108,
				-0.0006815872613600191,
				-0.0009496341145878346,
				0.00046336261383785873,
				0.0005511448980568738
			],
			[
				6.513632317816601e-05,
				0.0006631768400786164,
				0.00020718906154704262,
				0.0008972127241959169,
				3.427541679918355e-05,
				0.0006459336084307979,
				-0.0001539065681390912,
				0.000518528860178959,
				0.0002426188202329406,
				-1.793933618201649e-05,
				-0.000259724740369993,
				0.00043910577141719853,
				-8.228878747688136e-05,
				-0.0004407907158644706,
				-0.00014594035987657006,
				-0.000875852086607998,
				-0.0008066472809517538,
				0.0009013755364464002,
				0.0008098056197139427,
				0.00010189966256590765
			],
			[
				-9.155202233937997e-05,
				0.00021541455967697093,
				-0.0009115546315965131,
				-5.013388393912009e-05,
				-0.0005406667580471318,
				0.0008406420774868958,
				0.0007100588443153689,
				7.853443718924239e-05,
				0.0007816236191388842,
				-0.00037376940717715823,
				-0.0009420870011490154,
				0.0006773414138700068,
				-6.781084509297928e-05,
				-0.0006789828700157437,
				-0.0008473332121782211,
				-0.0007351570101192624,
				-0.0008901449786522269,
				0.0005913958367612725,
				0.0002571662888028138,
				-0.00047793277894614145
			],
			[
				-0.00018070955710392238,
				-0.0009637185455146087,
				-0.0006571215636207268,
