{
	"model_params": {
		"input_dim": 10,
		"units_per_layer": [
			20,
			20,
			2
		],
		"acts": [
			"tanh",
			"tanh",
			"identity"
		],
		"init_type": "uniform",
		"batch_size": 100,
		"decay_rate": 0.95,
		"decay_steps": 500,
		"epochs": 150,
		"lambd": 0,
		"limit_step": 500,
		"limits": [
			-0.001,
			0.001
		],
		"loss": "squared",
		"lr": 0.00891214076925288,
		"lr_decay": null,
		"metr": "euclidean",
		"momentum": 0.6,
		"reg_type": "l2",
		"staircase": false
	},
	"train_params": [],
	"weights": [
		[
			[
				1.5537498993088098e-05,
				0.0009202981941036209,
				0.0005384193961262061,
				-0.0009484201738755775,
				-0.00016283259102032482,
				0.0005569260784535428,
				0.0008532940409658736,
				-0.0007127902559633432,
				-0.0007928457834195995,
				-0.0006097091982543274,
				0.000597870355912501,
				-0.00013444254799008703,
				-0.0004389367590711706,
				0.0002555418409863684,
				-0.0005095500522387664,
				-0.0006174742712386284,
				-0.0007568309046748532,
				-0.0008357013257395416,
				0.0007250540204286962,
				-0.0006620347145630465
			],
			[
				-0.00043278413827575464,
				0.000275951458584881,
				0.000162162795702333,
				-0.0003171294854168276,
				-0.000764270529022415,
				-0.0005781637845398471,
				8.56628954391044e-05,
				-0.0002204832951441649,
				0.0007733973444803818,
				0.0004449816325142041,
				-8.030517473776454e-05,
				0.0008273923693644912,
				-0.00015900165947142276,
				0.0003302719596718097,
				6.442871290626489e-05,
				-0.0005695801202741191,
				0.00043316327814340444,
				-0.000245327277613959,
				-0.00029192314100618983,
				-0.0009076847740139835
			],
			[
				0.0005641119939857242,
				0.00043617475642484366,
				-0.0006295427258404627,
				0.00040371828207608185,
				-0.0004105095483368899,
				0.0008535027728457222,
				0.0008371211605896457,
				-0.0006531370873908077,
				0.000580321559821419,
				0.000491474553925015,
				-4.943930969925807e-06,
				0.0001676123761991655,
				0.0002459046927041648,
				0.0009499950552194173,
				0.0006754192128099273,
				0.00047308265321103766,
				0.0007250194438690111,
				0.00015149004269823687,
				0.000746254612943799,
				0.00020062007461352227
			],
			[
				0.00032168579889910783,
				0.0008316934045069534,
				-0.0005740438529420975,
				-0.000391749685277931,
				0.0006585839333613118,
				0.00024260441380925053,
				0.0002082404059305567,
				-0.0005686518859429426,
				-0.0009380720525493062,
				0.000327809129486985,
				0.0001530724448208327,
				8.101181166402069e-05,
				-0.0005457550791628533,
				0.00035805804152059585,
				-0.00012352882778753147,
				0.0008862744621573892,
				0.0005707780751638763,
				0.0009412964670482036,
				-0.00020326115798668032,
				4.7150106043481e-06
			],
			[
				-0.0007154456312194822,
				-0.00027229361892350766,
				0.00032673885263583566,
				-0.0007065051993446442,
				-0.0003620167733153723,
				-0.0005926980381924228,
				0.0003274669703927692,
				-0.0007415491596076094,
				-0.0009395389575139383,
				0.0009626782378889883,
				-0.0008297057667874801,
				-0.000994437765303943,
				-0.00030600435779446996,
				0.0005632950998305871,
				-0.0009490633178160817,
				-0.00022020166449408123,
				-0.00013461461756494094,
				0.0008059146087251094,
				-0.0006145073948893263,
				0.000713046219113211
			],
			[
				-0.0007266551640304595,
				-5.3504865374406365e-05,
				-0.000161477211102921,
				0.0008145066453804388,
				-0.00028875843270231936,
				0.0006234186851679692,
				-6.119172220729044e-05,
				-0.0007549821145997837,
				0.0007026233410992017,
				0.00032509320673037266,
				0.0008465463000329671,
				3.5952115184210596e-05,
				-0.0003946725115412524,
				0.0005287240363932699,
				-0.0007493580208885633,
				-0.00015879297098494267,
				0.0003266584285136114,
				0.000379250147022447,
				-3.6915576418537354e-05,
				0.00019077028363766657
			],
			[
				0.0005888320621118626,
				0.0008145515772538647,
				0.0008827240870399879,
				0.0009622285726247275,
				0.00028248119504495394,
				1.382805238914599e-05,
				-0.0008270286384965741,
				0.0007081182469682917,
				0.00038660453138323865,
				-0.00022557725532138667,
				5.4722740232696424e-05,
				0.0005927886002329598,
				-0.00066862883132913,
				0.0003362887706492594,
				-0.0002899506888067205,
				0.0006705415470949362,
				0.0005389464436537422,
				-0.0001195372073370558,
				0.0001086925501522203,
				0.0006829428450204657
			],
			[
				0.0009658765059203695,
				-0.0001219685017308632,
				0.0009671737877451872,
				0.0004490254399541966,
				-4.902780277222347e-05,
				0.0001568237137801339,
				8.835047902499074e-05,
				4.006901662773283e-06,
				-0.0009390961221561041,
				-0.0006555544829405019,
				0.0007703409831995088,
				-0.00034547421087105176,
				0.0002813390333528539,
				-0.0006903032900486168,
				-0.00019534108303361246,
				0.00014241135017605704,
				-0.000827299009551773,
				0.0006808943791780859,
				0.00033509910715805624,
				-0.0003048120644126448
			],
			[
				0.00014617704140590967,
				-0.0009820726704599509,
				-0.00014980822700697558,
				-8.238059942226417e-05,
				-0.0005132293728186954,
				2.2841360020125915e-05,
				0.0007541950132747654,
				0.0008123865595076323,
				-0.0009281482656026316,
				-0.0006014288143119115,
				0.00014131733932734353,
				0.0007998209403904638,
				-0.00017756282609577667,
				0.0006599441262539227,
				-0.0008484681087158714,
				0.0008164119441981879,
				0.000779981934223576,
				0.0005529163290908933,
				-0.0005272229883144545,
				0.0009306873571298278
			],
			[
				0.0007604446230114875,
				-0.000696100386548237,
				-0.0008517355198806313,
				-0.0003270509133290212,
				0.00022499803409513136,
				0.0005440330355609244,
				-0.0006798205509035446,
				0.0007673027772815565,
				-0.0008671788898786144,
				-0.0005284970881984701,
				0.0006877724916576709,
				0.0008689776799181469,
				-5.067238430384697e-05,
				-0.000546772317063412,
				-0.000563182080614816,
				-0.00031818345543123926,
				0.0005013037687467423,
				0.00018915597011219748,
				-5.528317002298142e-05,
				0.000462799641637439
			]
		],
		[
			[
				-0.0005190764591333332,
				0.0007076075396874305,
				-0.00010520513766726141,
				0.0004460306679204735,
				5.4463943831813307e-05,
				-2.9229011173391287e-05,
				0.00045254595515550737,
				-0.0007465735083958241,
				0.000583450319856736,
				-0.00019737084973948103,
				-0.0006218838273459124,
				-4.29922891655647e-05,
				0.0005327282329496245,
				-0.0005240753960365858,
				-0.000519100757197873,
				-0.0002902929930407689,
				-2.0582196115106902e-05,
				-0.0009344254269175034,
				-0.00021649512908304724,
				0.0001855349926609324
			],
			[
				0.0001603884145861881,
				-0.0004539457151557405,
				-0.0005975863897429703,
				0.0008658159060781823,
				-0.0002118584204289666,
				-0.00010167901017709769,
				0.0008246694833891626,
				-0.0009443134870603236,
				-0.0009982922463840141,
				-0.0005214467599671821,
				-0.00025831647281546145,
				0.0008212242227508965,
				-0.0006702909839111381,
				-0.00043889192294368985,
				0.0008398011562963555,
				0.0001326150994733744,
				-0.0007234792970725336,
				0.0002193293358471191,
				0.0003923873954966258,
				0.0003261681677597201
			],
			[
				0.000726282503364564,
				-0.000151540370344142,
				0.0004372787888547755,
				-7.20071588172622e-05,
				-0.0008923401378314764,
				-0.0009072652126604659,
				0.0007131756668310681,
				-0.00018975603125987893,
				0.00017211783832933093,
				-0.00010182316770392498,
				-0.0009190375443402577,
				-0.0001894961034851093,
				-0.0008463127228162384,
				-0.00039819967639925704,
				0.000676839185914397,
				0.0008350006638836679,
				-0.0008572509533900669,
				0.0001708517640833958,
				0.00039374165548592484,
				-0.00021211373208852424
			],
			[
				0.00015618017866001724,
				0.0009346307613216185,
				-0.0003372893655554175,
				-0.0009220952232267049,
				8.943576553994493e-05,
