{
	"model_params": {
		"input_dim": 10,
		"units_per_layer": [
			20,
			20,
			2
		],
		"acts": [
			"tanh",
			"tanh",
			"identity"
		],
		"init_type": "uniform",
		"batch_size": 100,
		"decay_rate": 0.95,
		"decay_steps": 500,
		"epochs": 150,
		"lambd": 0,
		"limit_step": 500,
		"limits": [
			-0.001,
			0.001
		],
		"loss": "squared",
		"lr": 0.00891214076925288,
		"lr_decay": null,
		"metr": "euclidean",
		"momentum": 0.6,
		"reg_type": "l2",
		"staircase": false
	},
	"train_params": [],
	"weights": [
		[
			[
				-0.0006043462438399449,
				0.0008483637469861253,
				0.0007657308943450545,
				-0.00010904711614393434,
				-0.0002697656066854994,
				-0.0003561531746974989,
				0.00016087687721952522,
				0.0009854139052438856,
				-0.0009612620177343236,
				7.16920688056265e-05,
				0.0009280986306142601,
				-0.00019300385699778098,
				0.0006212314250612972,
				-5.132192016021127e-05,
				-0.0009544329770908586,
				0.0008546889892891978,
				-7.00774735371292e-05,
				0.0008547945827168352,
				0.0008145092042320023,
				0.0006055114460988631
			],
			[
				-0.0008225239682019603,
				-0.0007414345702693492,
				-0.0009893320079383623,
				0.0006295722008423936,
				0.0008248377777746454,
				0.0008269734078911475,
				0.00021764997266399263,
				4.360543359126267e-06,
				-0.0003743111012586755,
				0.0007369687212053647,
				0.0006593362706994476,
				-0.0005872605204026331,
				-0.0009493041271927867,
				8.745390424185775e-05,
				0.0005778593413644751,
				0.0007484089191566044,
				-0.0006417893385370024,
				0.0009043728779365449,
				0.0008185769121139745,
				-0.0008131500457225525
			],
			[
				0.00014105669092138182,
				-0.0009147648215740713,
				-0.0005204976341826633,
				0.0009895893683307976,
				-0.000965242897757276,
				-0.0008821885176204545,
				0.0002976576199801291,
				-0.0005602445512029768,
				-3.7248371147345746e-05,
				0.0006328532559772375,
				0.0001452304202785228,
				0.00011130953017443796,
				0.000873795880501846,
				-0.0008402988426425625,
				-0.0006538578978559813,
				0.00011808477203099281,
				8.540530887534044e-05,
				0.00019497773763816587,
				-0.00046794453563219786,
				-0.0005267006908987553
			],
			[
				-9.435722185194176e-05,
				0.0008632346918477302,
				-0.00017907059783092022,
				0.00018435737119758028,
				-0.0005270485235309015,
				0.00012814377676792867,
				-0.0001713397543677644,
				-0.0009492961788120707,
				0.0002992824751661357,
				-0.0007798854864473688,
				0.0006127412726438749,
				-0.0008899879060737926,
				-0.00037837614496545255,
				-0.0008925528675255834,
				-0.00013232730259523783,
				0.0008091187296437802,
				-0.0009563213927183451,
				0.0003361553268138996,
				-0.000608025889333676,
				0.00013069090374364062
			],
			[
				0.00022602226487180893,
				-0.00025959672997816826,
				0.00042970901679219016,
				-0.0004868987485797826,
				1.431997183333456e-05,
				6.596346671233419e-05,
				-0.000855399790853608,
				0.00019566035835921888,
				-0.0003951993348339489,
				0.0008839825079038422,
				0.0008038671254672392,
				-0.0006788231090381296,
				-0.0004953016916566704,
				0.0004384527840514702,
				-0.00012656899391282853,
				-0.0006154461340324741,
				-0.0009730732230351149,
				-0.0006323020379765238,
				-0.0008520034348523888,
				0.0002652713923495776
			],
			[
				-0.0008066940594848315,
				0.000361104536960507,
				0.0005029178366311845,
				-0.0009874034914049029,
				-0.00034000057077716427,
				0.000622151760419621,
				-9.73048922316488e-05,
				0.000744787402777866,
				-0.00012146953434719835,
				0.00015029859893737267,
				-3.7319272016539135e-05,
				0.0007203087961567683,
				-0.0009926166921749712,
				-9.039993832148303e-05,
				0.0006920791395301066,
				-7.895119589771782e-05,
				8.44144653980995e-05,
				-0.0009761826558885281,
				0.0006680140705756015,
				-9.23897575526955e-05
			],
			[
				-0.00034384743065703476,
				0.0007250550896009149,
				-0.00020433641422027261,
				-0.0006745835041941292,
				0.00014002556658150372,
				0.0007430525528175898,
				0.0009604011222272418,
				7.281527466030096e-05,
				-0.0009582963400072875,
				-0.0008261283816876126,
				0.0004754530710757354,
				0.000898763149622948,
				0.0002524072786366648,
				-9.260420761684693e-06,
				-0.00048357082624859646,
				-0.0007797171811646981,
				-0.00019069761892640696,
				-0.0005255373588001285,
				-0.00015490950756000136,
				0.0002956254320968931
			],
			[
				-0.00041510654146159306,
				0.0007207664527371282,
				-0.00018039532817265287,
				0.0005662138319512573,
				-0.0007243210651473597,
				0.000685942443049935,
				0.0005496283733391332,
				-0.00012663200029364012,
				-0.00029835714576915344,
				0.0008258922963660853,
				-0.00022932397961269318,
				0.00016788406655039593,
				-0.00022328519933651945,
				-0.0007778120028468429,
				0.0005794211978789633,
				-0.0009461456954386791,
				0.00021787943108904318,
				-0.0004310398755498461,
				-8.090970172455259e-05,
				-0.000648279484679323
			],
			[
				0.0005369086221612509,
				-0.0007241773424596125,
				-0.0007954465747487341,
				-0.0005936871670099045,
				0.0004944035912347205,
				-0.0009909425404576939,
				0.000702770855034097,
				-0.00037404503860720536,
				-0.0007448864899276791,
				-0.0006139105200040251,
				0.0002962473764955222,
				-0.00017225611643194565,
				-0.0007347845205260615,
				0.0007424441263516261,
				-0.000485399904927132,
				-0.0009149026279055203,
				-0.0004416385058046388,
				0.0007987159012951244,
				-0.00015388337254813725,
				0.0006860850677342283
			],
			[
				0.0007540021031628374,
				-0.00032261001673237577,
				0.0008993697218778538,
				-0.0005244053719350343,
				0.0007475737767833285,
				-0.00047416779699544095,
				-0.0004950584596203569,
				-0.0007092110035839865,
				0.00012439524733137328,
				-0.0003594128118931475,
				0.0009377710918633542,
				0.000699597099275479,
				-0.0002557294328819499,
				1.5644999886588445e-05,
				-0.0004411764809242011,
				-0.0006836701624583464,
				0.0009855310668816439,
				0.0005919014262404825,
				0.0006602666910363487,
				0.00019471226042554147
			]
		],
		[
			[
				-0.00012953438443674226,
				-0.0003613762640948901,
				-0.0005662728643237604,
				0.0008735578049026537,
				-0.0008759084078010248,
				-0.0007697077913728632,
				-0.00017532902988205029,
				-5.146636026298211e-05,
				-0.0007604808012718807,
				0.0006762726562592712,
				-0.0005095664062522459,
				-0.0005190002770266522,
				-0.0005857319053356644,
				-0.0007839927613521154,
				-0.0009620111198162706,
				0.0004916763729478882,
				0.0005002087164842801,
				0.0008190670112430841,
				0.0003538793623781237,
				-0.0009322683163962595
			],
			[
				-0.000836836649997236,
				0.0009558100257102053,
				0.000847490522200461,
				-0.0007251310668740802,
				-0.0006722169521389419,
				0.000885144865962375,
				0.00042493173899846,
				-0.00010196568557580888,
				0.00022657738191419227,
				0.0005617967513044391,
				0.000860901344001311,
				-0.00028029774123961796,
				-0.00024538102851029615,
				0.0008071369761473272,
				0.0007271531589788424,
				0.0005603174491708319,
				0.000570149688952014,
				6.673711687394247e-05,
				-0.0008503557786422822,
				-0.0008793819965436154
			],
			[
				0.0002656180250432776,
				-5.6331677083280894e-05,
				-0.0008528637556565129,
				-0.0006886097958141539,
				-0.00014535928395680302,
				0.0004572297371135503,
				-0.00017429976410308304,
				0.00021004157491555245,
				0.0005127014108014087,
				-0.0001316412083645917,
				0.00038119064284794523,
				0.00014989314379560965,
				-0.0008843410745900191,
				-0.0005931524994086182,
				-0.0009061433741680191,
				-0.00037456717645040086,
				-0.0008837825149384073,
				0.000292798494692044,
				0.0003569821007551421,
				0.0007705059241906434
			],
			[
				0.0009094279810072502,
				0.00039930510137529767,
				0.0001567832943266097,
				-0.0007512589494432038,
				0.00029798672414717937,
