{
	"model_params": {
		"input_dim": 10,
		"units_per_layer": [
			20,
			20,
			2
		],
		"acts": [
			"tanh",
			"tanh",
			"identity"
		],
		"init_type": "uniform",
		"batch_size": 91,
		"decay_rate": 0.95,
		"decay_steps": 500,
		"epochs": 150,
		"lambd": 0,
		"limit_step": 500,
		"limits": [
			-0.001,
			0.001
		],
		"loss": "squared",
		"lr": 0.007185958238678252,
		"lr_decay": null,
		"metr": "euclidean",
		"momentum": 0.7977428112252327,
		"reg_type": "l2",
		"staircase": false
	},
	"train_params": [],
	"weights": [
		[
			[
				-7.204727015071885e-05,
				0.0007114119272692825,
				-0.000501307772399965,
				0.00037797265390726023,
				0.00048201951264758756,
				7.532825799356612e-06,
				0.0003907464028593886,
				0.00034989329492416863,
				-0.00015944160359422632,
				-0.0006423176471545206,
				0.00096740013712584,
				5.51549927751908e-05,
				-0.000733186866145052,
				-0.00021190523922351076,
				-0.000553598868457585,
				0.0006540869368196586,
				-6.857481644267894e-05,
				-0.00022439904412772948,
				4.675796128625581e-05,
				-0.0009829588321740327
			],
			[
				-0.0006974167365600594,
				0.000688042030073542,
				-0.0008376446599816711,
				-8.207614923748797e-05,
				0.0007862603463404756,
				0.00046551013498259946,
				0.00048653494334666364,
				0.0007369900697411038,
				-0.00047635017029555235,
				0.0007102794863764002,
				0.0005762408518382672,
				0.0002047528016801757,
				0.0001115562245527172,
				0.0007373269046959997,
				0.00045740220736250757,
				-0.0009274150443856634,
				-6.356178550452802e-05,
				-0.0007710017311364094,
				-0.0003992597288088542,
				0.0001745782114184265
			],
			[
				-0.0005255428724922802,
				-0.00011340598206486879,
				-0.000539940871349116,
				-0.00022987740488027337,
				0.0003568233356871357,
				-0.0006909379585889004,
				-5.879975908543384e-05,
				-0.0003320620011371049,
				0.0006502299973495627,
				0.00015921443906016493,
				-0.0005287519646245504,
				0.0009227466077328585,
				0.000986031224584254,
				0.0002109250677952907,
				-0.0007302704222008135,
				0.00044752140732666934,
				-0.0005814176728978469,
				0.0005656214731516169,
				0.0009579851360514377,
				0.00042373036130579993
			],
			[
				0.00030073828670048523,
				0.0008815458203651836,
				-0.0004860946669141311,
				-0.0006820477246142407,
				0.00015397584774133263,
				0.00042604390307935747,
				-0.0006568297486158887,
				4.539041125160739e-05,
				-0.000622090165363355,
				-0.0004941748394506113,
				-0.00011842117970508334,
				0.0002626389945513249,
				-0.00016501804656360796,
				-0.0007119064803043477,
				-0.0005607033120273706,
				0.0005709197983654012,
				-0.00024515029572297657,
				0.0004206708101875971,
				0.0009182738257046,
				0.000256033838413201
			],
			[
				0.00021355169022956358,
				0.0003426643512827207,
				0.0007618795025745454,
				0.0004526099291399478,
				-0.0006727421193965073,
				0.000568654123492664,
				0.000434849535865617,
				1.5838830827027625e-06,
				0.000559636178045525,
				-7.08246254799745e-05,
				-0.0003714663620282768,
				0.00046540427745722277,
				-0.0009527475212114567,
				-0.0005640746544013531,
				0.0003547996569943793,
				0.0005885193370782193,
				-0.00013524132271731395,
				0.00021893670416401386,
				0.0009764191520968044,
				0.00019229251874345135
			],
			[
				-0.0003333257416458877,
				-0.0008684270290969463,
				-0.00030989385115156145,
				-0.00043200984075812015,
				0.0007017578282021751,
				3.3362870817327858e-06,
				0.0004397752203185465,
				0.00039906648025872233,
				0.0004961530939551638,
				5.492937576426389e-05,
				0.00025915547430809633,
				-5.175244364053139e-06,
				0.00013895693216767896,
				-3.6807132068188446e-05,
				-0.0001200336964027526,
				0.0007156843266170033,
				6.149351056616414e-05,
				0.0009809827476915953,
				0.00017547304324973842,
				0.000988923630821089
			],
			[
				-0.0004782205220749871,
				-0.0003913376989525994,
				0.00021937855031818913,
				-0.00039087178803117676,
				0.0009353729405115593,
				0.00022811515796741658,
				0.00041149897727833567,
				-0.0002817655325871597,
				0.0006161699301142885,
				0.0003942598004705502,
				-0.0005555665303950044,
				-0.0003189248882288809,
				0.0008495421628269516,
				0.0005373677293941726,
				-0.0007922805378650999,
				-0.0009620840646288826,
				0.00021448764068218067,
				0.00044180618415105887,
				-0.0005938114242312062,
				-1.5100131857596769e-05
			],
			[
				-2.8530415821119534e-05,
				-0.0009056964903529558,
				-6.25969131374444e-05,
				-0.0003296893934170446,
				0.0004046822070379497,
				-0.000996166252038798,
				0.0002907269873930066,
				-0.0006130365790187935,
				-0.0009074794269607361,
				4.396179902393959e-05,
				-0.000145477164450369,
				9.929391030611659e-05,
				-5.367355521425734e-05,
				0.0005864796005314817,
				-0.0001430374563340369,
				0.000730719860271217,
				0.00012343622511211752,
				-8.776041653073621e-06,
				9.308198821380599e-05,
				0.00018041966030211162
			],
			[
				-0.00011894463134656699,
				-0.00027820575296188285,
				-0.00020438811634210935,
				-0.0006674137943929453,
				0.0007450632512275746,
				-0.0002115507652007229,
				0.0008077789544487333,
				-0.00042686214298640393,
				-4.3098461736994545e-05,
				0.0002943927194032621,
				-0.0009738647679752996,
				0.0007337258519247714,
				-0.0005254043871577858,
				-0.0002832558622847852,
				5.5792196235556705e-05,
				-0.000616136930534509,
				-0.0002452575436117574,
				0.00022421652856772774,
				3.4740280026657145e-05,
				0.00010929196847976868
			],
			[
				0.00044534079648563267,
				-0.000124751710570665,
				-1.5111465280817941e-05,
				-0.00021017664476894414,
				1.9956174637975966e-05,
				0.00010715305146269285,
				0.0006267073299997836,
				0.0004402254272559843,
				-0.0005091199398467924,
				0.0009444992995376665,
				-2.0261824922810116e-05,
				-0.0006571593582125352,
				0.0002602553510327756,
				0.0008036314678608175,
				-0.0002074460908224249,
				0.0003535092674050674,
				-7.238632949937735e-05,
				0.0008109960843485989,
				0.0007676721439100406,
				-0.0007484843827078708
			]
		],
		[
			[
				-0.0009259183030763911,
				-0.0008020399499808424,
				-0.0009470833867199971,
				0.0009500346454159288,
				0.0003536328076749623,
				0.000647328037257162,
				0.00011190010149721217,
				-0.0009109827120306342,
				-0.0005255596906428228,
				2.343156628648816e-05,
				0.00047106801687762045,
				0.00020978897723214485,
				0.0003105160281172252,
				-0.0005183019031168812,
				0.0006346081846056685,
				-0.0006288723552514894,
				-0.0008861594271037958,
				-0.0007837020222764108,
				-0.000983507375744957,
				0.0001652118931349479
			],
			[
				0.00015837444400118778,
				0.0003952207400598727,
				-0.0006290756685275562,
				0.00039320801397936295,
				-3.527753336711871e-05,
				0.0008771473902731914,
				0.000326777666757886,
				-0.00012414528699397653,
				0.0009775293468028655,
				-0.0007136737237896962,
				0.0009133074876168769,
				0.0007223277556511771,
				-0.0004738755981769158,
				0.000256984085067112,
				0.0009994592011138967,
				-0.00010154095533021804,
				0.00028338314894629205,
				-0.0005684659436478187,
				0.0008059708375355446,
				-0.0006090585563473128
			],
			[
				0.0003064935094778123,
				-0.0006428288206759838,
				-0.00021085694899954685,
				0.0007292566201568306,
				-0.0004203053933015603,
				0.00024284483690614755,
				9.392311925845629e-05,
				0.0008162943038934551,
				-0.00012164926272306676,
				-0.0003969611085890112,
				-0.0002892941321796951,
				-0.00023916938981639532,
				-0.00011071181584580735,
				-0.0003905470794920556,
				-0.0005177239005533705,
				0.0003126945530488761,
				0.0007295654644322584,
				-0.0008340675305486309,
				0.0004682371365181547,
				-6.99778706431957e-05
			],
			[
				0.0001009894459255711,
				0.00010800223124058251,
				0.0003314676464477595,
				0.00028868277805236967,
				0.00028601313294365814,
