{
	"model_params": {
		"input_dim": 10,
		"units_per_layer": [
			20,
			2
		],
		"acts": [
			"tanh",
			"identity"
		],
		"init_type": "uniform",
		"batch_size": 16,
		"decay_rate": 0.95,
		"decay_steps": 500,
		"epochs": 700,
		"lambd": 0,
		"limit_step": 500,
		"limits": [
			-0.001,
			0.001
		],
		"loss": "squared",
		"lr": 0.0021435193860245855,
		"lr_decay": null,
		"metr": "euclidean",
		"momentum": 0.6,
		"reg_type": "l2",
		"staircase": false
	},
	"train_params": [],
	"weights": [
		[
			[
				0.00042038454356757766,
				-0.00011847042192555078,
				0.00017217096839762308,
				0.0008027058308564903,
				-0.00012968502228205895,
				0.0006479144924762925,
				0.0004126911554735767,
				-0.0007653213268645911,
				1.8121514935510964e-05,
				2.6084711490033342e-05,
				-4.629366484006222e-05,
				0.0009710047152121214,
				-0.0007389773380888113,
				-0.0003503759194385599,
				0.000643445624211497,
				0.00041701851914521327,
				-0.0005818286246919826,
				0.000601827968679997,
				-0.0003186736602495226,
				-0.0002219410798697456
			],
			[
				0.000895131412915068,
				-0.0005408548971048339,
				-2.5470927745974647e-05,
				-0.0008283967055498392,
				-0.00016362112120463744,
				-0.0002407404292587771,
				4.2597124552147146e-05,
				-0.00019674652396668723,
				-0.0005211403208792908,
				-0.0003054326837071266,
				0.00033920487983658256,
				0.0001281724259363324,
				0.0004938612517061825,
				0.0005102039887507715,
				-0.00011696520720580667,
				-0.0009407138200748065,
				-0.0001698613091647165,
				-0.0006441817447088592,
				-0.0006036610760136189,
				-0.0005449295502509324
			],
			[
				-0.00034807561636022435,
				0.0004305144486315318,
				-2.6253195626698496e-05,
				0.0005220225293735073,
				-0.0007108515709369748,
				-0.000860225054792142,
				-0.0009158857672575085,
				-0.0004802459896788633,
				0.0009445337146570206,
				0.0005630988211769523,
				0.00047580484674979856,
				0.000424395502778204,
				-0.0006182092033878677,
				-0.000498594430401806,
				9.106407087787504e-05,
				-0.00046547633262213517,
				0.0007089023485725254,
				-0.00010485448601810958,
				0.0009177904233222671,
				-0.0006292028230554536
			],
			[
				0.00046394487039851974,
				0.0005138039210111881,
				0.0006826070679954404,
				-0.0006609402771401649,
				-0.0007104261809159739,
				-0.000617588568840232,
				0.00016390617635732622,
				2.7427048640873454e-05,
				-0.00039262192866549195,
				-0.0009548671671899813,
				0.0006631990512278281,
				0.0008528533241806138,
				-0.0007949086943342176,
				-2.58235725864004e-05,
				0.0009538642286187416,
				-0.0006347592163281266,
				-0.0001518261382032482,
				0.0009407130961047289,
				0.000685497891977332,
				0.0005332402144610112
			],
			[
				-0.0006896046396130551,
				-0.0009321773728829466,
				0.00020681348888938224,
				-0.0005215359368407858,
				0.0001647487975078904,
				6.027863318881191e-05,
				0.00019536152736746417,
				0.0008150428886474037,
				-0.0007548033391160192,
				-0.0005137108608999008,
				0.0005535306450919146,
				-0.00024097102852066031,
				6.579219080700351e-05,
				0.00038660708567069403,
				-0.0008653053646178675,
				-0.0006202410303944015,
				0.0004563909367149529,
				5.335909032404859e-05,
				8.669785804528364e-05,
				-0.0003488922621921231
			],
			[
				0.00018398171109750114,
				0.0001473748706035823,
				0.0009814212334738914,
				-0.0006285848123947228,
				-0.00098895867498182,
				0.0005728816617449864,
				0.0009183896726397919,
				-6.079209018304056e-05,
				0.00045298892361761087,
				-0.0004354862525950574,
				-7.23931034165644e-05,
				0.0002984217630261955,
				-0.000469039346859736,
				-0.0009039622009218009,
				0.00031869680833917103,
				-8.625785746945759e-07,
				-0.00019193242363735959,
				0.00045443626730159786,
				0.0005583331301728142,
				0.0009010168912625741
			],
			[
				0.0003694875468768972,
				-0.0007728963753809937,
				9.694108235831409e-05,
				6.818131713705387e-05,
				-0.000869166784837464,
				-0.000205890366541714,
				-0.0002771386495180841,
				-0.0006549689000984547,
				-0.0002230340229731609,
				-0.0008666205162762684,
				0.0001488728732068048,
				0.0008208278628817926,
				0.00025021005388229864,
				0.0008615726283647813,
				-0.00037276192992097344,
				0.0004417900051977752,
				-0.00021273852062444673,
				0.00043694775804452583,
				9.891752324511175e-05,
				-0.0003475338094154585
			],
			[
				-0.0008921639710076124,
				0.0008939566140737424,
				0.0006892013380039631,
				-0.0004276679583451883,
				4.110696898356608e-06,
				0.00035135215290049357,
				0.0005644990934950093,
				-0.0007108576865130021,
				1.760524188138923e-05,
				-5.224817892265964e-05,
				-0.0005277272633752861,
				0.0002976596118995751,
				0.00028951948170337556,
				-6.746791855275934e-05,
				2.9797311526438136e-05,
				0.0005888672795820358,
				-0.00012679486110660947,
				0.0001088199303079468,
				9.761213416179144e-05,
				-4.9660777523228075e-05
			],
			[
				-0.00036238782056956546,
				-0.0009029416467469511,
				0.00034438379455926384,
				0.0007038203682668152,
				0.0003759876396847383,
				-8.561914912700349e-05,
				0.0003143649733227231,
				0.00018446542246532485,
				0.0006978768710750802,
				-0.00098990764370237,
				0.0007045244363532951,
				0.00025050433565249747,
				0.0007734301403303937,
				-0.0004617514398442493,
				0.0006770071315099894,
				3.058914624975897e-05,
				-0.0008790688742793658,
				0.0006514167151318317,
				0.00023271147717299537,
				-0.0009562606483254068
			],
			[
				8.679017970579322e-05,
				0.00014124424840160463,
				-0.0007901477865900648,
				0.00036024574057037665,
				-0.0001477176916320264,
				0.0007234686285938897,
				5.6217081484965375e-05,
				5.586954788164289e-05,
				-0.00029395688603812324,
				0.00016950148833614676,
				-0.0008117032253425111,
				-2.668122353554161e-05,
				0.0007079661360587636,
				-0.000690513433261406,
				-0.00017452285502240344,
				-0.0007569281907622474,
				-0.000696672790255787,
				0.0009605312673707511,
				0.0005637100383030363,
				0.00013828818167179965
			]
		],
		[
			[
				-0.0006298308715897403,
				-0.00026756610033761355
			],
			[
				0.0006839367495707421,
				6.743509751143666e-06
			],
			[
				-0.00037439059624225473,
				-0.00044412040837531316
			],
			[
				-0.0003513736108005359,
				-0.0005406547495304437
			],
			[
				-0.0003700550976199668,
				0.0006814254187928216
			],
			[
				0.00047211677390847145,
				-0.0003972792890101334
			],
			[
				-2.8756369023156874e-05,
				0.00038677617334695194
			],
			[
				-0.00028876866867701167,
				-0.0006832511742493113
			],
			[
				0.0008027099782876713,
				0.0004873021353207264
			],
			[
				-0.0009538374419314528,
				0.0009610758095430325
			],
			[
				-0.0006472922293536694,
				-0.0008922852339308993
			],
			[
				-0.0005187385823650301,
				0.0007198484071034232
			],
			[
				0.00023651184681696465,
				0.0009409915767544963
			],
			[
				0.000673171128703932,
				-0.0004930776439968757
			],
			[
				0.000774036670611381,
				0.00015400967964124355
			],
			[
				-0.0008422876516180331,
				-0.0002943172466254578
			],
			[
				0.0004215655586927117,
				0.00030765824483415657
			],
			[
				-0.0007801973660340005,
				0.00041456756860636405
			],
			[
				0.0006280889445356129,
				-0.00014321903628656792
			],
			[
				0.0008328406036131281,
				0.00018963854205920308
			]
		]
	]
}