{
	"model_params": {
		"input_dim": 10,
		"units_per_layer": [
			20,
			20,
			2
		],
		"acts": [
			"leaky_relu",
			"leaky_relu",
			"identity"
		],
		"init_type": "uniform",
		"batch_size": 200,
		"decay_rate": 0.95,
		"decay_steps": 500,
		"epochs": 800,
		"lambd": 1e-05,
		"limit_step": null,
		"limits": [
			-0.001,
			0.001
		],
		"loss": "squared",
		"lr": 0.005,
		"lr_decay": "exponential",
		"metr": "euclidean",
		"momentum": 0.6,
		"reg_type": "l2",
		"staircase": true
	},
	"train_params": [],
	"weights": [
		[
			[
				0.00017806438564638583,
				0.0003777463446902438,
				0.000964896118117385,
				-0.00032759810952909675,
				0.0006193664708033972,
				0.0006951898680994007,
				7.491828545486611e-05,
				0.000473492827808441,
				3.4303770209921734e-05,
				-0.0008289162213360719,
				0.0008809436299933803,
				0.0008613561856480605,
				0.0006794724595221161,
				0.00018605094237500192,
				4.559196154669382e-05,
				0.00018819446058492202,
				0.00014032729399248442,
				-0.0009442512530965463,
				-0.0003531845408284029,
				-0.0002884815651736114
			],
			[
				4.5618269589737344e-05,
				-0.0008217525575799218,
				0.0004831201361616159,
				-0.0009863810649597521,
				-0.0008103472711653159,
				0.00034814399318939485,
				0.0003166065821618403,
				0.0003492344835194091,
				0.0002291014406103839,
				0.0008239691113434576,
				0.0009717241212229308,
				0.0002681920249187691,
				-0.0007488386651987256,
				-0.00010803979592497349,
				-0.00011485131608143112,
				0.0006902471836617206,
				-0.0001764687131772351,
				-0.0006246738545219296,
				-0.0006044931855331863,
				-0.0006675880520438501
			],
			[
				-0.0003019654311136752,
				-0.00038480010304021463,
				-0.0002893472535506407,
				-0.0009604881326526709,
				0.0008007976507014797,
				-0.0006281564989342057,
				0.000728769264877467,
				0.0009490213444130601,
				0.0009726110115082925,
				0.0008721117241490522,
				0.0009330021099265829,
				-0.0005153097237388524,
				-0.00010068836185123022,
				0.000465323272461718,
				-0.00047990023823004995,
				-7.852236039078116e-05,
				-0.0009732198650553914,
				-0.0002519667853780126,
				0.0009538180963750737,
				-0.0007370683854807145
			],
			[
				-4.343961491138628e-06,
				-0.00021005739111649535,
				-0.0004753296340988247,
				-0.0009513642406307311,
				-0.0009537236879162543,
				0.0007279388082823378,
				-0.0007256207103502934,
				-0.0006619257421746885,
				0.0007364620696463822,
				-0.0002047352889770988,
				0.0006693491297323419,
				-0.0007066766707688671,
				2.9630256267841257e-05,
				0.00042742067559419514,
				-2.472829866574048e-05,
				0.0003608799055959224,
				-0.0004649012521737146,
				-0.0006243317900000838,
				0.0008523169402571472,
				-0.00012538918399267998
			],
			[
				-0.0007731966022880758,
				-0.0008736174825989544,
				0.0009581915470549093,
				-0.000747219803795396,
				-0.0006693315485189606,
				0.0009248223502498192,
				-0.0004797325834348054,
				-0.0008070726351720428,
				0.0003055750618111571,
				-0.0004915183909611227,
				0.0007402432413637766,
				0.00010650902660239701,
				0.00032785072490400333,
				-0.0009754063948070171,
				0.000712879724962268,
				-0.0009146349309357071,
				0.0009432716859840383,
				0.0008408610939085734,
				5.868623798343663e-05,
				-0.0002393034106007863
			],
			[
				-0.0006274791127380852,
				6.559781302156297e-05,
				0.0007218027074611479,
				0.0006744170989870868,
				0.0009711600603561771,
				-0.0009390062982829802,
				0.000649532367395965,
				0.00026236030894568967,
				-0.0009653857166479711,
				-0.0005890923813445896,
				-0.0009368011089691726,
				-0.0009140576803101688,
				0.0007975742312859055,
				-0.0009057802566502848,
				-0.0004599016654639081,
				-0.00019684926218386265,
				-0.0006049422802596969,
				-0.0001891102074953468,
				0.0006423163682441411,
				0.0006250997345710772
			],
			[
				-4.0884111448347225e-06,
				-0.00021992643123844573,
				0.00017160544574600588,
				0.0006844412860683483,
				0.0009613024773656139,
				0.00012716944121686329,
				0.00038167106096960966,
				0.0002675754895078541,
				-0.0003219292630760307,
				-1.4939128329461478e-05,
				-0.0005339580796538696,
				-0.0008301627620579164,
				0.0005498230407021188,
				-0.00032901562588251193,
				0.0008439331872170175,
				0.0003711277944499847,
				-2.497144630660955e-05,
				0.0004323513407459411,
				0.00019551690384087038,
				-0.0008594493327383441
			],
			[
				0.000951164623431644,
				-0.0007445990631618904,
				0.0006572143002046419,
				-0.0007093690895792666,
				-9.122759672567857e-05,
				-0.0004755776619811869,
				-0.0006712080040109634,
				0.0007991880673268168,
				-0.0008990827240205559,
				0.00021777940547950065,
				-0.0001969204686780861,
				0.0004585170835456206,
				0.0002619824892079465,
				-0.0003971971732691051,
				-0.00013318356809044116,
				-0.00010395637955927636,
				0.00018309851647670345,
				-0.0007308951441241234,
				-0.0006226738491006607,
				0.0009013918578987946
			],
			[
				-0.00030886411595669255,
				0.00026437039600996884,
				-0.00023884773553857301,
				-0.0003822782752710348,
				-0.00020140096288697752,
				0.0009312480331880918,
				-0.0002755786320946434,
				0.0005816241019006481,
				-0.0006077418336034369,
				0.0005281648574102036,
				-0.0009608902809397491,
				-0.0009045109849895852,
				0.00026027520233400363,
				-0.00018341747878516186,
				0.0006207365629938748,
				0.0005588528335924636,
				0.0007490218247405524,
				0.0005394035668048924,
				0.0008773632906021753,
				0.00026088386423456103
			],
			[
				0.0004794740607978378,
				6.84871411979625e-05,
				-0.0005999475682963304,
				-0.0001560542538650196,
				0.0007088826059286363,
				0.00010658182962812587,
				0.0007052301943720678,
				-0.0004866840296403734,
				-0.00048704333788237577,
				-0.0008540268117105665,
				-0.000830333605205877,
				-9.082140037209793e-09,
				0.00016549801483363089,
				-0.0003982645569040375,
				0.0006042923917581012,
				-0.00017344609611924142,
				0.0007876323414618878,
				0.000512319176528683,
				-0.0009118479318596979,
				-1.615495860575857e-05
			]
		],
		[
			[
				-0.0007648357893350892,
				0.0002722186990629545,
				-0.0004820088435149015,
				0.00016051999204806156,
				0.00045599083662019335,
				6.592228258650058e-05,
				0.0008451658805298454,
				-0.00041173624945230755,
				0.0007065814905362303,
				-6.878522509425804e-05,
				0.0006683829437394266,
				-0.0003480832958976638,
				7.472033480590426e-05,
				-2.8993974767148344e-05,
				-0.0005136875463260136,
				-0.0003409428275327591,
				-0.00022548090477726278,
				-0.0004342684348781525,
				-0.0008039879193165636,
				-0.0007486542327064995
			],
			[
				0.0007686378899780322,
				-0.00026299435742594746,
				-0.00047782172440322525,
				-0.00017728378112499919,
				0.0009371805261070745,
				0.0001325859060862819,
				0.0002709002044774772,
				-8.637490337355441e-05,
				0.0004899143859280017,
				-2.2343761183565587e-06,
				0.0004419303149075149,
				-0.0007711499633544785,
				-0.0007655752728124481,
				2.2214715105962944e-05,
				0.0005770802614600979,
				-0.00042010915693307753,
				0.0005304294995669731,
				-0.000952000615087049,
				0.0008409806124578835,
				-0.0005589978250009871
			],
			[
				-0.0004185930907840763,
				0.0007433287929263311,
				8.789262431939653e-05,
				0.0005762906511617408,
				-0.000443941079590303,
				0.00030433858246925113,
				-0.00016547251773618753,
				-0.00024901826488602484,
				6.989344184472066e-05,
				1.205255863228824e-06,
				0.0008810040856852242,
				0.0005999576199154615,
				-0.0006415607896720836,
				-0.0002805276722372892,
				-1.7713878342547496e-06,
				0.0009111050476897794,
				0.00017752342016851496,
				-4.719960033610043e-05,
				-0.000832653847827205,
				-0.0007682429134656908
			],
			[
				0.0009964378609022277,
				-0.0006581820177591876,
				0.000860573146010114,
				-0.0005952685987936732,
