{
	"model_params": {
		"input_dim": 10,
		"units_per_layer": [
			20,
			20,
			2
		],
		"acts": [
			"tanh",
			"tanh",
			"identity"
		],
		"init_type": "uniform",
		"batch_size": 91,
		"decay_rate": 0.95,
		"decay_steps": 500,
		"epochs": 150,
		"lambd": 0,
		"limit_step": 500,
		"limits": [
			-0.001,
			0.001
		],
		"loss": "squared",
		"lr": 0.007185958238678252,
		"lr_decay": null,
		"metr": "euclidean",
		"momentum": 0.7977428112252327,
		"reg_type": "l2",
		"staircase": false
	},
	"train_params": [],
	"weights": [
		[
			[
				-0.0003813722633845591,
				0.0008679318514444047,
				-0.00034236054718075296,
				0.0007569315336480021,
				0.0003309295128757343,
				-6.775850692735958e-05,
				0.00023668705541314366,
				-0.0003891130975062091,
				-0.00028419014461462315,
				0.0006281614014666513,
				-0.000984985205732627,
				0.0008610016035364263,
				0.0007417298982294609,
				-0.00027283872936845264,
				-0.00030107457957948664,
				0.0005700206772350498,
				0.0004960506489843437,
				0.0004056227017090162,
				0.0001471928774054161,
				-0.0005837500560357445
			],
			[
				0.0003040045255663193,
				0.00011169687070487636,
				-0.000761347638431324,
				0.0003571852678141668,
				0.00026040888337152453,
				0.0008734955042875899,
				0.00028931362941147154,
				0.0007078656775804683,
				-0.0006330988879985749,
				-0.0009374465801018238,
				0.0003937724812156228,
				-0.0004600023856114559,
				0.0003373066327780386,
				8.403840112825673e-05,
				-0.000611774491970607,
				-0.000611816410430144,
				-0.00036826908341346836,
				0.0005517074877131368,
				-0.0006566224468587356,
				0.00020863439280455805
			],
			[
				0.0006170692054748416,
				-0.0009777000611119445,
				0.0002540809953763105,
				0.000526922832867982,
				4.178584749126436e-05,
				0.00029508036064931236,
				0.0003638332572140741,
				0.0008725607972634775,
				-0.0002283471207892953,
				0.00015039918855601678,
				-0.0004655652235240602,
				-0.00024253763762152624,
				-0.0009649172864030504,
				0.00020454346122188638,
				0.00016895949251644104,
				-0.0007475793014928307,
				-0.0009130517997380301,
				-0.000302832327334197,
				0.0006674534069847189,
				0.0006019104854307913
			],
			[
				-0.0003862250150681297,
				-0.00036379541217078696,
				-9.775481599058101e-05,
				-0.0005149126439496412,
				0.0007900603296180277,
				-0.0002592184939028046,
				0.0002665875207598146,
				-0.0006992615611678041,
				-0.00028190796206375773,
				0.0005933208305066787,
				0.00018449657838411787,
				0.0005557265532194718,
				-0.0008117217021160748,
				-0.000806764622133747,
				0.000831300099466732,
				0.00044624559046800485,
				-0.0008359342279503786,
				-0.00013211843269145924,
				-0.0004473372234472346,
				-0.0008359846039247567
			],
			[
				-0.0008085982043052793,
				0.0002319739892071035,
				-0.0007290526726769177,
				0.000400933047117412,
				0.0009008717133871741,
				0.00032568740375004995,
				-0.0004766051314535587,
				-0.0002970314587815401,
				0.0009466056261010353,
				0.000235635995006927,
				-0.00020809843412819063,
				-0.0006991876716258101,
				-0.0007908047257458848,
				-0.0006024794298597054,
				0.0006335003526567193,
				-0.0009588330501769948,
				-0.0004458727668782776,
				-0.00028093728992643863,
				-0.00035065119233774003,
				-0.00028026227615454637
			],
			[
				-0.0006352485649576886,
				0.0009649935633240523,
				-0.00017218383017533225,
				0.0003488891039978531,
				-0.00020882508203380428,
				-0.0009562145016891046,
				0.0005480522286949196,
				0.00024445056021741435,
				0.0006198596699283623,
				1.0955368092249165e-05,
				0.0003981128006587103,
				0.0005902392429417264,
				0.0009958914841617424,
				-0.00014214663366013804,
				0.0009116844004436475,
				-0.0005564434180655957,
				0.00010541488404113681,
				0.0004208891007564696,
				-0.0001955036899235834,
				-0.0008019492297849712
			],
			[
				0.0009647789854451217,
				-0.0006632399536339739,
				-0.0007460366370855166,
				0.0004767241852074336,
				-0.00017306466498883744,
				-7.976559304806344e-05,
				0.00015371780738297498,
				-0.00016942801507026167,
				0.0007052186734267771,
				0.0007763362947791185,
				-0.0006695057768713207,
				0.00018982998301294391,
				-0.0003404522223148214,
				0.0008643872940527952,
				-0.00035537538444991906,
				0.000663130902680162,
				0.00048561891970160106,
				-0.0005978024884755238,
				0.0008277864524260956,
				-0.00022760288827793464
			],
			[
				0.0003209665530772804,
				-0.0005027901374611124,
				-0.0007222450472233165,
				-0.00014917073775084025,
				0.000559168416348958,
				0.0005060426102739244,
				0.0006221568715030316,
				0.00038076719058761466,
				-0.0006664203800916461,
				-4.87718632222236e-05,
				0.00018103035987236215,
				0.0006830978839951576,
				-0.00039551401957508593,
				0.0007688858016261691,
				0.00019882769781734335,
				0.0006315431103388525,
				-0.000989048783091459,
				-0.0006306919817841281,
				0.0008612467217148474,
				-0.0009184271333248158
			],
			[
				-0.0009339111991358337,
				0.000439939931677974,
				8.390691304035916e-05,
				0.0007693456091761221,
				-0.0004296560762218893,
				-0.0006561955975874077,
				0.000939793484165619,
				-4.038092769175102e-05,
				-0.0008604086285887813,
				0.0003484755345688976,
				-0.00031860388898271035,
				-0.0009889191819220549,
				0.0002767056753840106,
				0.00013335119951055768,
				-0.0009241437809411299,
				-9.676462971220138e-05,
				-0.0007548580642423889,
				-0.00031863534673083583,
				-0.0009401634488175573,
				0.0005631256689247271
			],
			[
				0.0005501226855460469,
				0.0005250339089030072,
				-0.00027736215035286955,
				0.00047695118479506313,
				-0.0005940381861807058,
				-0.00033273255407501924,
				0.00025806732095973845,
				-0.0008819278711373648,
				0.0007496745195977067,
				0.00015484668145795987,
				0.0007751671760086727,
				-0.0006082399968053858,
				-0.00041001089720018365,
				-0.000615159039367515,
				-6.451227939793249e-05,
				-0.0005669894325045926,
				0.0004539681290223606,
				-0.0005228677724602824,
				5.681839042077767e-05,
				0.0007152325621119023
			]
		],
		[
			[
				0.00036652610632770667,
				3.505227925245454e-05,
				0.0008957696609287729,
				2.250402663410097e-05,
				-0.0009278831881392876,
				0.0006416848766461125,
				6.479588879568492e-05,
				0.0009757359757434107,
				0.0005806315682749762,
				-0.0007708677076411519,
				-0.0007478650139633844,
				-6.625742635574315e-05,
				0.00015048131398271098,
				0.0008518373976664246,
				8.342994513840124e-05,
				0.0008930484098465131,
				-0.00027454669786271247,
				0.0007881966165933828,
				-0.0007858396866526128,
				-0.0007194395709060331
			],
			[
				-0.0007113564309825754,
				-0.0005326293508310467,
				-0.0005816377311301578,
				-0.00022539915337568383,
				-0.00011107523125484956,
				-0.0005675263039896902,
				0.0006365324280437905,
				0.0008318897851132096,
				0.000836846001571311,
				0.00017092312938918916,
				5.331329343096175e-05,
				0.00011108764303763329,
				-0.0004554969007661189,
				-0.00030174436391366987,
				-0.0006781463704731292,
				-0.00037019845469326424,
				-0.00011399798524081419,
				-0.00041804081998428485,
				0.0009958782484648068,
				-0.0008197934405679201
			],
			[
				0.0006181757528172093,
				-0.0008154437183005032,
				3.656507760714284e-05,
				-0.0006004041839766864,
				-0.0008898323817433409,
				-0.0008588686130670093,
				-0.0007255637986541197,
				0.00020052154439652021,
				0.0006054719608376679,
				2.409941064995683e-05,
				-0.0005336304496131683,
				0.00013462730765182048,
				0.0005580972881957978,
				-0.0009209588363275459,
				0.00010256277063329226,
				0.000585318939025989,
				0.0008907582379188285,
				0.0007625995228411884,
				0.0007872673250540298,
				-0.0009634127247693274
			],
			[
				-0.0003538060630578912,
				0.0007199425332028279,
				-0.00018372480390092892,
				-0.00046467831383005564,
