{
	"model_params": {
		"input_dim": 10,
		"units_per_layer": [
			20,
			20,
			2
		],
		"acts": [
			"tanh",
			"tanh",
			"identity"
		],
		"init_type": "uniform",
		"batch_size": 100,
		"decay_rate": 0.95,
		"decay_steps": 500,
		"epochs": 150,
		"lambd": 0,
		"limit_step": 500,
		"limits": [
			-0.001,
			0.001
		],
		"loss": "squared",
		"lr": 0.00891214076925288,
		"lr_decay": null,
		"metr": "euclidean",
		"momentum": 0.6,
		"reg_type": "l2",
		"staircase": false
	},
	"train_params": [],
	"weights": [
		[
			[
				-0.00033524267217215043,
				-0.00015057157778008957,
				6.572424214338853e-05,
				0.0002698141470596459,
				-0.0007789923224604118,
				-0.0008939931671836683,
				0.00039672020408687515,
				-0.0009183100316950248,
				-0.0006935046628078516,
				0.0006433785104348656,
				-0.00015034821804022738,
				-0.00013485097008388155,
				-0.0009639096206392,
				0.00098765695750302,
				-0.0003633532401687982,
				-0.000552224094785773,
				-0.0006287139200521861,
				0.0007079803379442895,
				0.0003771082575550985,
				-0.0009408233295601653
			],
			[
				8.150818596971694e-05,
				-0.00011601989069378194,
				-0.0009077298350739843,
				-9.279403147585284e-05,
				0.00047920759805426924,
				0.000805511670070075,
				0.00022541339619024233,
				-0.0007925911540337916,
				-0.0008417572957052235,
				-0.0005132343304563489,
				0.0007536351200436585,
				0.0008475874532353671,
				-0.0007953343327465845,
				0.0006173676510283922,
				5.458827602338552e-05,
				0.0003749943727163628,
				0.00014416315264690607,
				8.658326009376542e-06,
				-0.0006431441332277497,
				0.0007133781336728521
			],
			[
				-0.00032956152331205127,
				-0.00013516317048618224,
				0.000214562762346581,
				-0.0003207921628295944,
				0.0005232763853218051,
				0.0009133023122474143,
				0.000914334566854859,
				-0.00018998157174414908,
				0.0008239371080028006,
				-0.00047331863775549633,
				-0.0008670550861780473,
				-0.0006182117155954139,
				6.444633038135564e-06,
				-0.00028331332000090966,
				0.0005102903510488398,
				0.0002523794647073727,
				-0.0006427392304718484,
				-0.0003180302063041083,
				0.0009438913716551625,
				0.0009163556543374553
			],
			[
				-0.0002493709406646416,
				-0.0002927985116654839,
				-0.00038722375350488947,
				-0.0005660226138588202,
				0.0004768790320906222,
				-0.0005876793880562481,
				0.00033783047671001923,
				0.00034009197383455775,
				2.4822491930489698e-05,
				0.0008213603881859993,
				0.0006648838431383996,
				0.0008237923741518372,
				0.0005829148630539308,
				0.00018596535376705337,
				0.00026058355704515175,
				0.0001644108915190266,
				-0.00043938575220623505,
				0.0005295397486173904,
				-0.0004550585384089662,
				0.0005984436092272888
			],
			[
				0.0005851638011967677,
				-0.0005918044517827825,
				0.0007555557838446376,
				0.0007104879213816636,
				-0.0006070105520442327,
				-0.0005624022800486239,
				0.00014230112023512985,
				0.000458018227016197,
				0.0009540535622843379,
				-0.0008779370972319743,
				-0.000956913980136729,
				0.0006920154238404998,
				-0.00027889583641804586,
				-0.0004644875169186153,
				-0.0008591394051846673,
				0.00030842822104658395,
				-0.00011495668911097568,
				0.0006070735793056177,
				-0.0005920652995230688,
				0.00018562691989310455
			],
			[
				0.0005602609239098197,
				0.00014703487509344962,
				0.00022074345648334637,
				-0.0001485801616588218,
				1.954454191425742e-05,
				-0.00017400657326643182,
				-0.0006386291490236863,
				-3.2111808469546875e-05,
				-0.0005033698263693622,
				-0.0008163093223098661,
				-0.00022508992626098646,
				-0.0007589138365453768,
				-3.5296413425732324e-05,
				6.908463690397473e-05,
				-0.0009671244289809518,
				-0.0009288419687323317,
				0.00012130153586945502,
				0.0004061953460552112,
				-0.00019892256961689394,
				0.00039257358618403925
			],
			[
				-7.133724694663825e-05,
				-0.000793187618423936,
				0.0009491414764381477,
				-0.0006862321799152931,
				-0.0009942453483620924,
				-0.0006938934260932499,
				-0.0005722659794965301,
				-0.0001485741975168882,
				-0.0007193426150608051,
				0.0003187588971488833,
				-0.0006776647258736735,
				-0.00043328688788177923,
				0.0008669609255458682,
				0.0005385409093878995,
				0.0005538858120524494,
				-0.0007762132314795052,
				0.0005936297636553991,
				-0.00030665726575218534,
				-0.0002774872030837179,
				0.0008552306538465728
			],
			[
				-0.00039866544750815367,
				0.0003865538380503459,
				0.00037803857491593477,
				0.00038188082048825896,
				0.0006883638613415324,
				-0.0007543863884271889,
				0.0009125441188790396,
				-0.000757188180697395,
				0.0007018051182580292,
				-0.0005416273107690993,
				-0.0004196355038046846,
				-0.00010479757484989393,
				0.0005150167368158402,
				0.0007408859034986478,
				0.00028116651711554744,
				0.0007801047248812067,
				-0.0007019248818083908,
				-0.0005245691837031932,
				-0.0001382570983185996,
				0.0008015037884348335
			],
			[
				-0.00040124778598310496,
				-8.167610520897893e-05,
				-0.0003344964533354591,
				0.000979964171672181,
				0.00040297960804332243,
				0.0003970615705891818,
				-6.024420338063003e-05,
				-2.3807118120258838e-05,
				-0.0002718444776283977,
				0.00032101797884662425,
				0.000535682658441344,
				0.0004997137808446315,
				-0.0003746110998518466,
				-0.0007877880812563308,
				0.00033736476743609334,
				-0.00017362341438924745,
				0.0008537041647776976,
				0.0009508213317909148,
				-0.00043262265152676106,
				0.0009151039722108589
			],
			[
				0.0008903937988658406,
				0.00038314235242965376,
				0.0008004440264921136,
				0.0005516160193817722,
				0.0008971207728855099,
				-0.0007189206965482473,
				0.000657761381471711,
				-0.000717944265779751,
				-0.00019745017127915498,
				5.761270354855434e-05,
				-0.0008666660589653399,
				0.000592813901969632,
				0.0006048759359979024,
				-0.0006266521608226756,
				-0.0007533388502674156,
				-0.00014990437686287627,
				0.00031650714366586474,
				-0.0004833950587178628,
				0.000414910270815125,
				-0.0004493358016723905
			]
		],
		[
			[
				0.0002467815151155292,
				-0.0006006224931001879,
				-5.4293282801901326e-05,
				-0.00036456957089448807,
				0.0006521809194244351,
				-0.0008141236894053139,
				-0.000480033319942548,
				0.0007458514992830308,
				0.00043537761559312945,
				0.0007263858328436887,
				-0.00031499470924186107,
				-0.0006627258874981004,
				0.0005966504420473818,
				0.00032878600370492674,
				0.0003135199920203081,
				-6.0542707083568906e-05,
				-0.0005085022371968888,
				0.00042252360671104594,
				-0.0005413089649877532,
				-0.00028923048091945814
			],
			[
				0.000998057492138136,
				-0.00011890777672855823,
				-0.00026972286614037873,
				-0.0005408438280347692,
				-0.00038073818495691777,
				-0.0006557168922312604,
				0.0004005186704840989,
				0.0005974156255590967,
				0.00023440599087164345,
				0.0008601221501261095,
				0.00012493169866202103,
				0.0005810825548911022,
				-0.0007563353161820297,
				0.0004951413583773585,
				0.0001950908706561216,
				0.0008502563469915605,
				7.023478115407151e-05,
				9.439055596377347e-05,
				0.0006831521973645611,
				0.0004867159118932096
			],
			[
				0.00026174810273551065,
				0.0003229752384405905,
				0.0007678039412290882,
				-0.0009481362288408877,
				-5.354816221093267e-06,
				-6.756641635504801e-05,
				0.0008209359550730687,
				-0.0009953968964538287,
				-0.00024619065946794615,
				0.0002271027011809285,
				6.396673846628394e-05,
				0.0001947725459922891,
				0.0006130994189415566,
				0.0004764793584293692,
				-0.0003565375138374631,
				-9.018496223673679e-05,
				0.00046339532123272306,
				-0.000440900698040299,
				0.0005729927179986996,
				-0.000252772701326961
			],
			[
				0.0007206755840757774,
				-0.00039117464493264255,
				0.0009111327286109689,
				0.0002576873700997145,
				-0.0004426253189763232,
