{
	"model_params": {
		"input_dim": 10,
		"units_per_layer": [
			20,
			20,
			2
		],
		"acts": [
			"tanh",
			"tanh",
			"identity"
		],
		"init_type": "uniform",
		"batch_size": 91,
		"decay_rate": 0.95,
		"decay_steps": 500,
		"epochs": 150,
		"lambd": 0,
		"limit_step": 500,
		"limits": [
			-0.001,
			0.001
		],
		"loss": "squared",
		"lr": 0.007185958238678252,
		"lr_decay": null,
		"metr": "euclidean",
		"momentum": 0.7977428112252327,
		"reg_type": "l2",
		"staircase": false
	},
	"train_params": [],
	"weights": [
		[
			[
				-0.00010847530404541712,
				-0.00026743955987674226,
				0.0002679391732122178,
				-0.000427414322764442,
				0.0007039699533972332,
				-0.0002543253247131845,
				0.00039559185106862707,
				-0.000922001928046917,
				-0.00021990729983658013,
				-0.0005497506418936839,
				0.0009585934542474905,
				-0.00038463923530222615,
				0.00019504537346580844,
				-0.0009252961562247504,
				-0.0001101472200708307,
				0.0005582115322117565,
				0.0009085529603848968,
				0.0005370264902046214,
				0.000269787938484448,
				0.0005250981956861464
			],
			[
				-0.0009856782868355792,
				-0.0007140834213008526,
				0.00022569392083929447,
				-0.0004298063672248726,
				-0.000785750261777114,
				0.0006107962143146088,
				0.0009069543512629022,
				-0.0006639372627215363,
				-0.00031824289738482546,
				0.00027980783695171277,
				0.000671379283938808,
				-0.0005962690237318405,
				-7.905259567870626e-05,
				-0.0008476765057054234,
				0.00011510798077654931,
				-0.0006261229267209944,
				0.00035628218612004416,
				-0.0009396547044531329,
				-7.745301924618289e-05,
				-0.0007568773037216496
			],
			[
				0.0007338311311503815,
				0.0007123433726186664,
				-0.0006946433198498753,
				0.00031486817730866845,
				0.0008915587374816443,
				2.61687335705522e-05,
				-0.0005160152987542818,
				-0.0005656489184689146,
				-0.0009777176050269295,
				0.0003038773079854949,
				-0.0004007730543629047,
				0.0007457635756393994,
				-0.00037151451142063575,
				0.0005760905371327448,
				-0.0008773286765316251,
				-0.00071830188519027,
				0.0008850147841502594,
				6.467307360859763e-05,
				-0.00045405761211839656,
				0.0003770834267110303
			],
			[
				-0.0009083269952052679,
				-0.00020339129192526026,
				-0.0007812943259274496,
				-0.0008092768879736683,
				0.0006010523667469556,
				0.00017495619523364672,
				0.00046810318817785447,
				-0.0008900314776080494,
				0.0001779304103218676,
				0.0009343850204122988,
				0.000989588946350613,
				0.0009145336789114333,
				7.874985262292487e-06,
				0.00038572092587275974,
				0.000496957585769774,
				-0.00021002614186750514,
				0.00019321278328953014,
				0.00016909882591356596,
				-0.0006064521012001472,
				0.0006549907581068742
			],
			[
				0.0004860925528199407,
				-0.0001912971695571679,
				-0.000692814952682497,
				-0.0006720968385603044,
				0.0007990243763853547,
				-0.00029809946100789594,
				0.00035389867132240376,
				-0.0009552103194269477,
				-0.000708468150661268,
				0.0006928514420818663,
				-3.1527089199747684e-05,
				0.00043554192132362764,
				-0.0009759796674634069,
				-0.0005333143467805406,
				0.0007287387864276628,
				0.0009401084466726158,
				-0.00015699971605134008,
				0.0007323397483224036,
				-0.0001002581150728874,
				-0.0008593034733542775
			],
			[
				-0.0004508009513803288,
				0.0006117102436017736,
				-0.0009832959387949503,
				-6.865800874241714e-05,
				-0.0006058672838296661,
				0.0002253159049630186,
				-0.00023891684793003807,
				-0.0006256871334342822,
				0.000439815258168553,
				0.0009381798061353329,
				-0.0006458941547128458,
				0.00022131433286121972,
				0.0006954534430422569,
				-0.00073580609234733,
				0.0008959851210812539,
				0.0005241152509944478,
				0.00021217029734730284,
				0.00055900643432935,
				0.0001835427809713428,
				-0.0006489260941794847
			],
			[
				0.0001526398777167504,
				9.465092220922473e-06,
				-0.00014048266107353818,
				0.0006616046916873783,
				-0.0003044993294718909,
				-0.00034246546833659284,
				0.0005596371078066288,
				-3.296629769502027e-05,
				1.0640582540938576e-05,
				0.0007872427791783437,
				0.000662251927631651,
				-6.866339620767415e-05,
				-0.0006294218002041805,
				0.0005618481327497168,
				-0.0006165426231789872,
				-0.0006770467395073674,
				-4.114706606049448e-05,
				-0.0002535860788193252,
				-0.0005600100534168873,
				0.0007016880524061662
			],
			[
				0.00047060796302626664,
				-0.0007699113614296065,
				0.0008060830842935175,
				0.0007646538133242327,
				-0.0007667511362717723,
				-8.11199464565859e-05,
				0.0007750222572842651,
				-0.000713336850605134,
				-0.00021786172666495517,
				0.00033308452407047255,
				0.00020758002226516753,
				-0.0004939973395429316,
				0.00040289258194582504,
				0.0006371566528999958,
				0.00045253383901448893,
				0.0009637572650038153,
				0.0007055962627128475,
				0.00015169023454137905,
				-0.00026335736065594335,
				-0.0009693140905434743
			],
			[
				-0.0009685691265989244,
				-0.0002803395772184689,
				-0.0007890055540773258,
				-0.000889873726959868,
				4.6638236310049324e-05,
				-0.00015351967019058702,
				-0.00067431902945847,
				0.0001834511015973688,
				-0.0007174296381817203,
				-0.0003343884024012717,
				-0.0004421668638534233,
				0.000633152667015969,
				-0.0007988682998322278,
				-0.0005079313799283778,
				0.0004571348742777527,
				0.0005446442200173994,
				4.722091522641023e-05,
				-0.00039816128723979083,
				0.0006736621483156213,
				-6.421988195834567e-06
			],
			[
				-0.0006342291055238332,
				-0.0001475711272926599,
				-1.7390020740257325e-05,
				-0.00031706288135305164,
				0.00012126900599069364,
				-7.859237865234922e-05,
				-0.0005272086633715187,
				-0.0006292180621642262,
				-0.00018469653883981568,
				0.0008488968720343232,
				0.0006138774291257138,
				-8.727314452915212e-05,
				-0.000675263551883118,
				0.00045584051140595914,
				-0.00036455425149347037,
				0.0005401627044653314,
				0.000127564666710558,
				2.7868778028964942e-05,
				0.0009497465304893911,
				9.667874541791294e-05
			]
		],
		[
			[
				0.0003485653563752118,
				-5.361244675047535e-06,
				-0.0006120447723614562,
				-0.00043687519768564333,
				-0.0008207422454259002,
				-0.0005098248331398787,
				-0.0006683349746536289,
				0.0005907524340175501,
				-0.0007991712941620593,
				0.0005533190701416551,
				0.0007524795369128197,
				0.00019038846533271756,
				-4.834859097586474e-05,
				0.0005676335301013722,
				0.00038845481992852773,
				-0.0005408638297789652,
				-0.0005084393198376706,
				0.0009869191072719745,
				-0.00029843587120102094,
				-0.0007596903742967154
			],
			[
				0.0008001142751953001,
				-0.0006351919780388494,
				-0.0001547870980690458,
				-0.0009498637379197834,
				0.0003562241682152729,
				0.00048398102022284345,
				-0.0007440788920078491,
				0.0009837437375933523,
				-0.0005974633184401499,
				0.0002512093170934503,
				0.0007190503796720617,
				-0.0009490311756522416,
				-0.0006038101494075239,
				0.0005256958642214436,
				-0.00035272540800788206,
				0.00034079629849785294,
				-6.791161741161763e-05,
				0.0009291567529669193,
				-0.00027559940276697154,
				0.0007527652101973401
			],
			[
				0.0005958877749977012,
				-0.00039823533081290077,
				-0.0009704136765808417,
				0.0007701432755507591,
				0.00033422293867154903,
				-0.0008148185400237264,
				9.799284913263972e-05,
				0.0005143928049342898,
				-4.601513469753768e-05,
				-0.00028220826742578913,
				0.0007604340182597944,
				0.0006097980258913198,
				-0.00042032534911412773,
				0.0003091431127995321,
				0.00039916118218163836,
				-0.0009218531754518409,
				-0.0005583796640677356,
				-0.0006136171727550987,
				0.0006018679883495967,
				-0.0007237391496763082
			],
			[
				2.2693528959830426e-05,
				-0.000976627529100006,
				0.00032138820726651984,
				-0.00013720682696180206,
