{
	"model_params": {
		"input_dim": 10,
		"units_per_layer": [
			20,
			20,
			2
		],
		"acts": [
			"tanh",
			"tanh",
			"identity"
		],
		"init_type": "uniform",
		"batch_size": 100,
		"decay_rate": 0.95,
		"decay_steps": 500,
		"epochs": 150,
		"lambd": 0,
		"limit_step": 500,
		"limits": [
			-0.001,
			0.001
		],
		"loss": "squared",
		"lr": 0.00891214076925288,
		"lr_decay": null,
		"metr": "euclidean",
		"momentum": 0.6,
		"reg_type": "l2",
		"staircase": false
	},
	"train_params": [],
	"weights": [
		[
			[
				0.000635164548930704,
				0.0004260455479056953,
				0.0006459839263129258,
				0.00015023459821046897,
				0.0005192134658704934,
				-0.0005921696208994731,
				-0.0003061830893662372,
				-0.0009693430006448425,
				0.00014460286190404788,
				-0.0003214564385080347,
				-0.0007715650266777024,
				0.000945170811683154,
				8.605574591353843e-05,
				-0.00045314284157842134,
				-0.0005555024700163775,
				-0.0005162119357006727,
				0.0009457393894314785,
				0.000133858790353577,
				0.00034818358865338554,
				-0.000858744562518856
			],
			[
				0.0006001841380278556,
				-6.685006133113909e-05,
				3.9166861423253676e-05,
				0.0007894066306054265,
				0.0007593336873687598,
				-0.0004991115747813024,
				-0.0008500176430436319,
				0.00014619869224675747,
				0.0002990726183349688,
				0.0008684093851298764,
				-0.00017432697355834617,
				0.00010876997923228542,
				-0.0009879012817578829,
				-7.892601293531861e-05,
				-0.0005640107189547232,
				0.0004925323164612701,
				0.0009288915032813797,
				0.0005328563994015179,
				0.0009075874194495346,
				-0.00023112863113958725
			],
			[
				0.000736585260907238,
				-0.0003750312535994027,
				0.0006537536795790709,
				0.0009001480438495914,
				0.000495954474830474,
				0.00054153745697615,
				1.1746619725078308e-05,
				-0.00012164378710218828,
				0.0007222848199651851,
				-0.0003186711511587605,
				0.0008927726104008547,
				0.0007968325249394269,
				0.00044962579670952793,
				-0.000547379374028744,
				0.0008402792479371274,
				-0.0004462407173345249,
				0.000268333934433962,
				-0.0006739500964757135,
				-0.0003902832722321377,
				-0.0002947138098485265
			],
			[
				-0.0005597053165277888,
				-0.00032254522181907074,
				-0.0003768268631281096,
				-0.0003987092396220619,
				-0.0003801802739548623,
				0.0003137949948060451,
				1.459823442059925e-05,
				2.5036016706557994e-05,
				7.35669728709875e-06,
				-0.00052202824513914,
				0.00018853739791156515,
				-0.0009674949418791139,
				0.0008021982033636524,
				0.0002586694788930062,
				-0.0007609786607926082,
				0.00015627022849907493,
				0.000607748322695262,
				0.0008886330551449782,
				-0.0006221236696291391,
				0.000579537776660508
			],
			[
				0.0009530703281060669,
				-0.00045282997106295506,
				-0.00041421064948003196,
				0.0003784565847272045,
				-0.0006035564719819642,
				-0.00016589715593080335,
				-0.0005814622279754543,
				-0.0003130652572354611,
				-0.00032469814238297574,
				-0.0005372928507070718,
				-0.0009441265386437314,
				0.0004980780765189848,
				-0.0005841790914656291,
				-0.0009567708250301166,
				-0.0009442605977224019,
				0.0009347151899091739,
				-0.0006587048981156027,
				-0.00012504726248442058,
				7.0864187793333745e-06,
				8.168818105672572e-05
			],
			[
				0.0007427383460566913,
				-0.000884737483689257,
				0.0005109420523460157,
				-0.0004225805798173288,
				-0.00023782261653497124,
				0.0009720574779003475,
				6.871948645145818e-07,
				0.00027078225576399094,
				0.000906638992700674,
				0.00045135214597044073,
				-0.0009942240780963514,
				9.009697917457802e-05,
				0.0008863973922484674,
				-0.0007763939647664333,
				-0.0007889331763484693,
				0.0006212481839136354,
				0.0008070509571002082,
				-0.0006578680527574402,
				0.0005298526115438676,
				8.887383131104057e-06
			],
			[
				-0.0007535388785867983,
				0.0003431739456477448,
				7.104749283844808e-05,
				-8.584969257883232e-05,
				0.0005900427807825047,
				0.00044777842722345954,
				0.0002723782959090568,
				-0.0009607886331719887,
				-0.0005860618672453922,
				0.0006070180677032406,
				0.000399902561475704,
				0.00024004562082277745,
				0.00040971047400186356,
				-0.0008597590819897971,
				-0.00010831987180195003,
				0.0007317054564119423,
				-0.0009381720730469137,
				0.0003607490003713432,
				-0.0007511722373858627,
				0.0006535903301851699
			],
			[
				-0.0008560517724233983,
				-0.000997056969149416,
				0.00012360407591403204,
				-7.445941787084581e-05,
				-0.00017433883151377234,
				0.0003010376379251516,
				0.000869015368702744,
				0.0005318598503140288,
				0.0004133220268198606,
				0.00016782520227836151,
				-0.0009039976760307925,
				-0.0004317152212024231,
				0.000652853105171929,
				0.0006928929705812255,
				0.0007881054312705602,
				-0.0007071670077419062,
				0.0005700888939094261,
				-0.0005995827716434696,
				0.00035461667441819694,
				0.00012778440539515964
			],
			[
				0.0004844180640161933,
				-0.0003400854505742233,
				-0.0007909505906148233,
				0.00043312373365222544,
				0.00018535760953810915,
				-0.0008179436899571227,
				-0.00018430393958062958,
				-0.0003776130435093608,
				-8.664321585444897e-05,
				-0.0003908128275288183,
				-0.000912216214177211,
				0.0007922005059006201,
				0.0005353062353122956,
				0.0008042388161660504,
				-0.00023435941428148332,
				-0.00031578631974792917,
				-0.0009037021825126151,
				0.0006715306443132428,
				-0.0006008185405901323,
				0.0006650287062442328
			],
			[
				-0.0001821562466565945,
				-0.0005284640674576102,
				-0.0006190111295466572,
				-0.00013645995032554375,
				-0.00045015755208293326,
				0.0009414459088750726,
				0.00034116315872779264,
				0.00039545186935348526,
				0.000657753963604898,
				-0.0009332373480703245,
				0.0007794276880051299,
				0.00017394888729704632,
				-0.0006631274933810054,
				-0.00015296576690369964,
				7.285715741387182e-05,
				-0.00021060671197548758,
				0.0008135746377177485,
				0.00010732974018898018,
				-0.0007368316687587193,
				-0.0005706247860753904
			]
		],
		[
			[
				-0.00047937581536550947,
				-0.0007820331324446975,
				-0.0009621487068161907,
				-0.0005971836182987076,
				0.0008796022220418523,
				-0.00019323930500614003,
				0.0009468207871030838,
				-0.0008418794535086325,
				-0.0005751429909879192,
				0.0007740876403868142,
				0.0006170515839536441,
				0.00039478795729897334,
				0.0004845607846237956,
				0.00011043789883223901,
				-0.0006825469474922594,
				0.0003464925778997052,
				0.0007575801691453621,
				-0.00024014558336857923,
				-0.0008708800266848575,
				-0.0003306214566155503
			],
			[
				0.000885024999637389,
				-0.0001340100609305919,
				0.00038012200917796166,
				-0.0005835079784355863,
				0.0005505070289427117,
				0.00046207962069734357,
				0.0009738027335865558,
				9.416595001509806e-06,
				0.0005722944239591843,
				2.0820076804768444e-05,
				-0.000819699564376946,
				-2.52328429211537e-05,
				0.00030933883401712764,
				0.00038215955894726106,
				0.0008280444649442285,
				-0.0008920315973341176,
				0.00044968109052723757,
				-0.00029208507292559057,
				0.00013900722803853187,
				0.0006624910462343721
			],
			[
				0.0004948881312994355,
				-0.0007590621395232307,
				0.0008563636742504989,
				-0.0006450525626845642,
				-0.0007481455220397406,
				0.000208979699046622,
				0.0005810085190202279,
				-6.831987348097663e-05,
				-0.00032481014210602674,
				-0.0002794931694687421,
				-0.0002982453533463982,
				0.00013691355339527254,
				-0.00011060916195397108,
				-0.0005319571546036881,
				-0.0009581340962699297,
				-0.0004997138018468864,
				0.0004364246768864713,
				-0.0006310160370075369,
				0.0005703941735206743,
				-0.00012973210722604198
			],
			[
				-0.00010102898656187871,
				0.000771770242802304,
				-0.0006891276016380626,
				-0.0006425862725465548,
				0.0008297835556458817,
