{
	"model_params": {
		"input_dim": 10,
		"units_per_layer": [
			20,
			20,
			2
		],
		"acts": [
			"tanh",
			"tanh",
			"identity"
		],
		"init_type": "uniform",
		"batch_size": 91,
		"decay_rate": 0.95,
		"decay_steps": 500,
		"epochs": 150,
		"lambd": 0,
		"limit_step": 500,
		"limits": [
			-0.001,
			0.001
		],
		"loss": "squared",
		"lr": 0.007185958238678252,
		"lr_decay": null,
		"metr": "euclidean",
		"momentum": 0.7977428112252327,
		"reg_type": "l2",
		"staircase": false
	},
	"train_params": [],
	"weights": [
		[
			[
				0.000401587275643303,
				0.00047573268843256224,
				0.00025570450743351084,
				-0.0005322717017205527,
				-0.0007601781081822028,
				0.0006711240854892916,
				0.0005641635350302548,
				-0.00033274292504921227,
				0.0006315873485099339,
				-0.0002505012937825266,
				0.0008648919783551051,
				0.0008959598131523818,
				4.0671458981760954e-06,
				-0.000700249721035312,
				-0.0006146515032701256,
				0.0007318101198631034,
				0.00012648522576095569,
				0.0005572956551228893,
				0.0007516354171101594,
				0.00010251284997275486
			],
			[
				0.0008684354598715856,
				-0.0009637859009798165,
				-0.0006784589878414858,
				-0.00027483615655704986,
				-0.0006790134555873235,
				-0.0002944462539797519,
				-0.00023612005527267406,
				-0.0004609464137483783,
				0.0008260098143663388,
				9.459132985942102e-05,
				0.0003933435074543049,
				0.0008030395108688316,
				1.3922778510725483e-05,
				-0.0005715213336814069,
				0.00017168223678510068,
				0.0007024270881229968,
				-0.0001082475752119716,
				-0.0002540137350133565,
				0.0006102459736976212,
				-0.0005399172921789712
			],
			[
				-0.0003428216705158101,
				-0.0008351131150442597,
				-0.0008921306260144903,
				-0.0009896006817432374,
				-0.00023326159360068945,
				-0.0009773360644971675,
				0.000371947227960591,
				-5.89961472105407e-05,
				-0.00030191810068247557,
				0.0009673784312347381,
				0.0006223852293501587,
				0.00044258049355584586,
				-0.0009398568022110163,
				0.0007678358775040294,
				-0.0009693732183527657,
				-0.00019845135128790804,
				-0.000930588497042721,
				-9.516648031333808e-05,
				0.00052297619841543,
				0.0004645300815507491
			],
			[
				-0.0008049819137150183,
				-0.00042635081022597164,
				3.8711831789770825e-05,
				-0.00014721541591614519,
				0.00010904952026321224,
				0.00041968978517122426,
				-0.0006013782794855504,
				-0.000335825874431775,
				0.0005823293308882757,
				0.0008680090948514729,
				-0.000970978836446939,
				0.0005322935505151904,
				0.000704700488559311,
				0.0008140422547817199,
				-0.00019899553028517448,
				-0.00017891959315759882,
				-0.0001565221127516063,
				-0.0002618842547383515,
				-2.9871999992498745e-05,
				-0.00028886260536366607
			],
			[
				0.0009317816517091224,
				-0.0007230668748741146,
				-0.0005932285021743915,
				0.0002938650944372273,
				-0.00038561165386848334,
				-0.0005847415074133471,
				0.00045091379646440555,
				-0.0009968949410295337,
				-0.0009089974407348505,
				-0.0005691925197600343,
				0.0005721710227034513,
				-0.0002179218140071844,
				0.0006146644613755606,
				-0.0005802490777365836,
				0.0009498165113635173,
				-7.615100378765291e-05,
				0.0006199081879585838,
				0.000644425314160585,
				-0.0008250339381531837,
				0.00012655681554664465
			],
			[
				-0.0006197955731829811,
				-0.0004190170825597719,
				7.867622419860149e-05,
				0.000766442064737592,
				0.0007674977584279548,
				0.0009473417267223318,
				-0.0004980897617431767,
				-0.000890561997831199,
				-0.0009081051060091059,
				-0.0004000764578499207,
				-0.0005388957779181796,
				0.00037073877677613475,
				-0.00031700229520494007,
				0.0002756394709571212,
				-9.445502253828517e-05,
				0.0005044090231793646,
				-0.0007343166842152149,
				0.0005320975406079801,
				-0.0005983281733914555,
				0.00030880863431523363
			],
			[
				-0.0002408073264022066,
				-0.0008767364480445463,
				-0.0005805594834801279,
				0.0006260341290802176,
				0.0009025918957562542,
				0.0007353502802150984,
				-0.0009281081502476896,
				-0.0007762954223314522,
				0.0009318126758283264,
				-0.00027620059180109705,
				-0.0002721805012739693,
				0.0007705685979247764,
				0.0005433542447752359,
				-0.0006752429434221157,
				-0.0006791080684877251,
				-0.0007343763740261975,
				-0.00016709056162683038,
				-0.0003250947065223666,
				3.657842421638988e-05,
				9.8743222718647e-05
			],
			[
				0.00013520587655376642,
				-0.0009344014662847312,
				-0.0009357321425084979,
				0.000660942814455674,
				0.000516438143602999,
				-0.0007707521990496485,
				-0.0006972842242492798,
				0.0003725530135675716,
				0.00024858708591539913,
				0.0005543073980141071,
				0.000985188202232882,
				-8.594693548029755e-05,
				-0.0005099930489025965,
				-0.0003784199073879746,
				-0.00016384344990863096,
				-0.00017494198699201662,
				0.0002040771498202582,
				-0.000809446789874908,
				3.0441524352995677e-05,
				0.0009006776244357261
			],
			[
				8.691801263965024e-06,
				-0.00041013629243597774,
				0.0009863352468900111,
				-0.000571017597999171,
				-0.0002736199948051379,
				0.0006778067875009678,
				0.0004137549584827813,
				0.00096477957945133,
				0.0004903907326973213,
				0.0005709955030763307,
				-0.00034827895364162155,
				-0.00014206810819424227,
				-0.000915834447107031,
				-0.0007412554255255119,
				0.000976674628271351,
				0.0009078871184862529,
				0.0005893477929296671,
				0.0006202359588492717,
				-0.0005332589462787938,
				0.00016323700383275106
			],
			[
				-0.00017828271507720663,
				-0.0007177750101665251,
				0.00025484597836597555,
				0.0009725973136055291,
				0.0008576868545028097,
				0.0007025706188325722,
				0.0005906728732247742,
				-0.00026762289111458926,
				0.0008550444514450698,
				0.0006650567398866637,
				0.0007967015021185287,
				-0.0006721601385746838,
				0.0007259125823936541,
				-0.0008550389381650032,
				0.0009114142630990726,
				0.0006413786878778694,
				-0.0004952927386610738,
				-0.0008864012764683309,
				0.00030448737523921057,
				0.0005026111821827945
			]
		],
		[
			[
				-0.0001090645833571347,
				0.0001465610998846584,
				-0.0005322073923749311,
				0.0008122096247288868,
				0.0007684119939890773,
				0.0001260255021753461,
				-0.0009105654623253194,
				0.0003022778236174584,
				0.0009488495765688555,
				0.0008180840404762336,
				0.0006994763684869281,
				-0.00035934159628678275,
				-0.0006138149883129931,
				-0.00029775780271228494,
				-0.000596665359593061,
				0.0006414592455120966,
				-0.0007252234791970385,
				0.0008635947459695811,
				0.0006595511433319244,
				-9.675875383459616e-05
			],
			[
				-0.0005087723274656608,
				0.00048593382423019714,
				-0.0007882159405335181,
				-0.0006894485103411095,
				0.0007864828828475503,
				-0.000654723151914571,
				0.0004260065234666303,
				-0.0005860375793550019,
				-0.0009879388417660198,
				0.00048738560220590787,
				0.00015170323905468576,
				-0.0006214410243722315,
				0.00047431378989057447,
				0.0006116392162371189,
				0.00020606760842038427,
				0.0007656570580341184,
				4.199090526326062e-05,
				-0.0002028742680523554,
				0.0007890937545583744,
				-0.0006084252752208503
			],
			[
				-0.0008048469810172401,
				-0.00038862499203043833,
				0.0007856046354358323,
				-0.0006366002519956914,
				8.63704096378049e-05,
				-0.00042360843069839005,
				0.0005727407277835866,
				-0.0006861718640496501,
				0.0009544145181984592,
				-0.0003495310454577269,
				0.0001538463307920999,
				-2.091923398703818e-05,
				-0.0005000454885761969,
				0.00010382635118406144,
				0.0005936205304934512,
				0.0004747921841517385,
				0.0007046519252271153,
				0.0007391912574951807,
				0.0003216206636614291,
				-0.0008774472551924452
			],
			[
				-0.00019889765266241312,
				0.0009173621179056634,
				3.3410915561398174e-05,
				0.0007656690373803313,
				0.0009013880775564957,
