{
	"model_params": {
		"input_dim": 10,
		"units_per_layer": [
			20,
			2
		],
		"acts": [
			"tanh",
			"identity"
		],
		"init_type": "uniform",
		"batch_size": 16,
		"decay_rate": 0.95,
		"decay_steps": 500,
		"epochs": 700,
		"lambd": 0,
		"limit_step": 500,
		"limits": [
			-0.001,
			0.001
		],
		"loss": "squared",
		"lr": 0.001,
		"lr_decay": null,
		"metr": "euclidean",
		"momentum": 0.4199289601348085,
		"reg_type": "l2",
		"staircase": false
	},
	"train_params": [],
	"weights": [
		[
			[
				-0.000797407550275456,
				-0.0004470780197671451,
				-0.0009855410076637905,
				0.0002445211211011603,
				0.0007623463890451898,
				0.0006816870882219777,
				0.00027047426919987716,
				0.0005053497616790651,
				0.00010539292388211008,
				-0.00026997964011599217,
				-0.00028885025247159745,
				-0.0008477009666693037,
				-0.00037577480080375376,
				-0.00040719086988096564,
				0.0009424903385916623,
				-0.0005260290260468779,
				-0.00035993442309312435,
				0.0003369255202244684,
				-0.00041510521807776193,
				0.00018945227946990956
			],
			[
				-0.000682904877808249,
				9.192866014271221e-05,
				0.0006235721623828571,
				0.0007360054216747789,
				0.0004321280430614695,
				0.00036722361141853913,
				0.0009747448903693365,
				0.00034684091523837267,
				-0.0006357633374777343,
				3.150398159723557e-05,
				-0.0005383416536174411,
				-0.0009715314176110804,
				-3.665422218158932e-05,
				0.0002030091741595857,
				0.000576534057342083,
				-0.00046283958779527983,
				0.0007882367704560805,
				-0.00021231095057522938,
				0.00015025878459035266,
				-0.0006999174227024525
			],
			[
				-0.00011678929896583371,
				-0.0006023578830982382,
				8.852830316260878e-05,
				0.0009840564067724682,
				0.00037311002167783017,
				-0.0008863852317373482,
				0.0004990994382515635,
				-0.0009986934151533426,
				0.00036248050597874966,
				0.00032707025689214346,
				0.0004438924529746983,
				0.0006795413218871982,
				-0.0006785875601035335,
				0.0001889182776745506,
				0.0004953358912431756,
				0.0008587095850897382,
				-0.0002724367450178198,
				0.0008682167951096149,
				-0.0006020184786110221,
				0.00014395689435019784
			],
			[
				-0.0007472388411761173,
				-0.0006006118784615495,
				0.0006432301477267003,
				-3.241322884593755e-05,
				0.0005317552229320282,
				-0.0009609640937795321,
				-0.00033648771807543603,
				-0.0007586523430607384,
				-0.0005935165518151121,
				-7.796984834391172e-05,
				0.0007414528374604437,
				0.0005524934197498603,
				-0.0009725470886764642,
				6.012958296399795e-05,
				0.00046760468698708586,
				-0.00020763021408066497,
				-0.0006653912370596125,
				-0.00033433735763417345,
				0.0006113846246701192,
				-0.00021427429530212973
			],
			[
				0.0003335565885778083,
				-0.0009903346285922228,
				-0.0007204796972183012,
				0.0007977705113096998,
				-0.0004414952889683801,
				-0.0007121367677000852,
				0.0007487486781389819,
				6.705557398485281e-05,
				-0.000220869161431489,
				0.00024290863201590555,
				5.7655219890311244e-05,
				0.0005736793120885877,
				-0.0003860567842977656,
				0.0003543240001968556,
				0.0004864354281600956,
				0.0009718282789466359,
				-8.295354610182162e-05,
				-0.0003537910409126026,
				0.0007270511135573459,
				-0.0002174013032736128
			],
			[
				0.0008771495109966554,
				-0.000800480862725423,
				0.0005292381013323889,
				-0.0007318409323505648,
				0.0005064178871458133,
				-0.0006958440658972448,
				-0.0009620193953714034,
				0.0002064829342562338,
				0.000186963499902092,
				0.00020636873669342345,
				-0.0007629130983458649,
				0.0002836284703439944,
				-0.0004642063511965922,
				-0.0008931726987861737,
				-0.0008303168495275952,
				0.0008087932701630325,
				0.0002461461911972935,
				-0.00039107714355373453,
				-0.0002858431634952392,
				9.255694662106597e-06
			],
			[
				0.0007413726376376282,
				-8.679335597656164e-05,
				0.0007397597249306999,
				-0.0007581161766291245,
				0.0007551307388639749,
				-0.0006897562265431184,
				0.00047320956584820644,
				-0.0009676693508994275,
				0.000544324614401827,
				0.00022680494334409375,
				0.000479560016366681,
				0.0001511081123731666,
				0.0008170331591279196,
				-0.0004439119532408677,
				-0.0005000216443480679,
				0.0005920762285896331,
				-0.0003433978058203582,
				-0.0008395739774688727,
				-0.0008802905564933479,
				0.0003507847600618338
			],
			[
				-0.00022373872090304572,
				-0.0003302625384339784,
				2.8237268891594938e-05,
				0.000556933497646038,
				-0.00011891745110198927,
				-0.0009746994776851808,
				-0.0005449860280096845,
				0.00025653071836724247,
				0.0002562885303325742,
				-0.0006974012486278937,
				0.0005747664593449219,
				-0.00025140235477482385,
				-0.0006402675575460485,
				-0.0003755423643688753,
				-0.0009663532442547582,
				0.0005741150906578504,
				0.0009808707379753696,
				0.0006874689870085913,
				0.0007408257026193235,
				-7.008389105465484e-06
			],
			[
				0.0009407802585899667,
				-0.0007188183708885815,
				-0.0007357622340717158,
				0.0003489519893958902,
				-0.00021143356813046706,
				0.00027030332159635865,
				-0.00048355910257559206,
				0.0002788213904192697,
				-0.00042404956019857364,
				-0.0005759413541957155,
				2.6365509093714e-05,
				0.0007158395429260939,
				-0.0006114425002983416,
				-0.00048242006980127924,
				0.0006673504739057314,
				-0.000697520663479289,
				0.000538343804427948,
				6.472367903555482e-06,
				5.793103674414982e-05,
				-0.00023898518414802955
			],
			[
				-0.0009513788420610739,
				-0.00013283611741730006,
				-0.0005042455483493267,
				0.0007543225938870587,
				-8.231120977966397e-06,
				-0.0006414821617405913,
				-0.0002803719470452899,
				-0.0003434060411296898,
				-0.00036276983675772386,
				0.0008175010326210421,
				0.0008355354006721004,
				0.0009659040589963925,
				-0.000631720015748086,
				0.0003572353698876175,
				0.0002973356659012223,
				-0.00036135726061574467,
				-0.0009771428869979905,
				0.0002930586868619663,
				-0.0009286133764468516,
				-0.0005432165778162673
			]
		],
		[
			[
				-0.0008955589309007577,
				-0.0005795712203852555
			],
			[
				-6.808263059116264e-05,
				-0.0003651318253955296
			],
			[
				-0.00013057407620416445,
				-0.0008180563625071971
			],
			[
				0.0006713908682776046,
				-7.060053386573003e-05
			],
			[
				0.00027815528282614096,
				0.0005226357225234719
			],
			[
				-0.00029384795236304354,
				-0.0005540313164546002
			],
			[
				9.079748514183826e-05,
				0.0007909054237267617
			],
			[
				-8.95312555313423e-05,
				-0.0009857983194444804
			],
			[
				0.0009706447433616137,
				0.0005863492656840092
			],
			[
				0.0009681607008521402,
				0.0007230370421151848
			],
			[
				0.00019671762750262636,
				0.0004990674689746338
			],
			[
				-0.0003462225468277107,
				4.3889019388575895e-05
			],
			[
				0.0004266815927748127,
				-0.00014715421815765018
			],
			[
				2.2911195602313235e-05,
				0.0002402050194976785
			],
			[
				-0.0007204358742591804,
				-0.00043203053152381
			],
			[
				-0.0004037920729866567,
				-0.0005456822627323719
			],
			[
				-5.263364084661835e-05,
				-0.0006814567404745775
			],
			[
				0.0007158639525987243,
				-0.0006265454688518257
			],
			[
				-0.00056685426172965,
				-0.0008503387978839541
			],
			[
				0.0005194619361471801,
				-0.0003043250429979412
			]
		]
	]
}