{
	"model_params": {
		"input_dim": 10,
		"units_per_layer": [
			20,
			20,
			2
		],
		"acts": [
			"leaky_relu",
			"leaky_relu",
			"identity"
		],
		"init_type": "uniform",
		"batch_size": 200,
		"decay_rate": 0.95,
		"decay_steps": 500,
		"epochs": 800,
		"lambd": 1e-05,
		"limit_step": null,
		"limits": [
			-0.001,
			0.001
		],
		"loss": "squared",
		"lr": 0.005,
		"lr_decay": "exponential",
		"metr": "euclidean",
		"momentum": 0.6,
		"reg_type": "l2",
		"staircase": true
	},
	"train_params": [],
	"weights": [
		[
			[
				0.00048673497693611334,
				0.00042973587620228357,
				-0.0002253794874791901,
				-1.070985972334332e-05,
				0.00047587535832286395,
				0.0007485375474817701,
				-4.0217218744663494e-05,
				0.00047199154007151784,
				0.00034213553678470493,
				-0.0002990381374821262,
				0.00047367139482377366,
				-0.0009122719006918198,
				0.0007618185103722178,
				0.00013907717657941324,
				0.0008403433346904658,
				-0.000690471168144474,
				0.0008844999256026264,
				-0.0005236092167138326,
				0.0002565570731251159,
				0.0006379218421673006
			],
			[
				-0.0008539016400112065,
				-0.0004698270675427876,
				-0.0009008431033987516,
				-0.00020093871713857032,
				-0.0004244988859498424,
				-0.0001980031046533204,
				0.0007822561740425558,
				0.0004851087135462578,
				0.00042175313403339763,
				0.0009825863466798607,
				-0.0004160108596593462,
				0.0005257253625770206,
				0.0007358716829166416,
				-0.0007365392399863304,
				-0.0008100240232344118,
				0.0005917907176273896,
				5.3505303514815626e-05,
				0.0002441691902693977,
				1.3452355052752992e-05,
				-0.0008076794504471298
			],
			[
				0.0005967232291499665,
				0.0006618065359360323,
				-0.0006249381432297274,
				0.00021837082334733634,
				9.980348055004733e-05,
				0.0005073341037028414,
				0.0006457837828345945,
				-0.0004163741170980002,
				0.0006387454470888623,
				0.0004069346702367429,
				0.0006241490653443094,
				0.0004390016589805,
				3.915910889553168e-05,
				8.077413293925209e-05,
				-0.0004867153051941218,
				0.000646669698335103,
				-0.00012201844317170224,
				-0.0006347529754690591,
				0.00022890836469159322,
				0.00015504724421097475
			],
			[
				0.0009063199062453056,
				0.000447784970313631,
				-0.0007573554296306013,
				-0.0009714001863567423,
				9.244186967614508e-05,
				0.000799783129888992,
				0.0009687827659337666,
				0.0007369255577718149,
				0.0009238748879044462,
				-0.0007209406316537033,
				0.0001285332842931744,
				-0.0007558097025095958,
				0.00035692271212359314,
				-0.0001553038173507784,
				-0.0007254828092762183,
				-7.62056727933334e-05,
				0.0005973097125472793,
				-0.0009169238744537697,
				0.0006033555923593984,
				0.0002737649619165342
			],
			[
				0.0009457562756905276,
				0.000644740318653912,
				-0.00017973727147015887,
				0.0008469600875372744,
				0.0006915234672348375,
				5.199252201780924e-05,
				-0.00022305697868934995,
				-0.0003023079219446967,
				-0.00029500542116173807,
				-4.508781219002159e-05,
				0.0009332487254616138,
				-0.000925339720774681,
				-0.0007810389119424825,
				0.0009528116375201925,
				0.00029767033273530165,
				-0.00021033659070903799,
				-0.00010317102939667194,
				-0.0007321844562618871,
				-0.00014744107453466837,
				-0.0004068474881608002
			],
			[
				-0.0005635643439921101,
				0.00025653118922398994,
				0.0008151675613438951,
				8.107750339347679e-05,
				0.0006500292352229133,
				-0.00020887901486754082,
				0.0007501399480096846,
				2.4346418274025835e-05,
				-0.0004858529307529049,
				2.033685777216355e-05,
				-0.0008754125204539265,
				0.0002962121942863842,
				0.000235495720987724,
				8.790879645521497e-05,
				-0.00010793998967240808,
				0.00037527765970154017,
				0.0009041729749890922,
				-0.000373209144842763,
				0.0003752403964179241,
				-0.0007571589526361717
			],
			[
				-0.00017033777581774642,
				-0.00017529506987527625,
				0.00042367221042355157,
				0.0007494393029362438,
				0.00048499883691682896,
				-0.0006880608825554078,
				0.0008055497229043128,
				0.0006384491385516967,
				0.0005923737657141336,
				-0.0007417842852171633,
				0.0006287521144183201,
				-0.000519303547809809,
				-0.0009199607757417101,
				0.0008327592024894572,
				0.000893650892707818,
				-5.2313031537064205e-06,
				-0.0001177459156907674,
				0.000919694815297316,
				-0.0005179187492602984,
				0.0009478883524176821
			],
			[
				0.0007395572007928746,
				-0.00025944916348281423,
				-0.00020499429587328357,
				0.00032720138529776575,
				-0.000894138871096307,
				0.00012536870209294546,
				0.0008870167933277971,
				-0.0006879165091426687,
				-0.00041075315666348083,
				0.00040489812304704857,
				0.0004443795806015338,
				0.00013121170017764243,
				0.0009334943915608126,
				0.0007843795880877599,
				-0.0006049123431312287,
				0.00015673563006988155,
				0.0005822146665710472,
				-0.0005455188522451588,
				6.283293883680569e-05,
				-0.000515846824837723
			],
			[
				0.0008832159410223806,
				-0.00016153381765612765,
				0.0003516206291035802,
				0.0003677850580751721,
				0.0008801920207512741,
				0.0007715533573737976,
				-0.0005685206437917261,
				-0.00043610805624315894,
				-0.0005981675027949805,
				0.000993569997981157,
				0.0008733225040877476,
				-0.0007891276535096808,
				-0.0001091073022614304,
				-0.0002556134887600434,
				0.0007102430216830307,
				0.0003751916296945547,
				0.00036968170167066055,
				-0.0009145110685119795,
				0.0008892137263427542,
				0.0002100649329116245
			],
			[
				0.0003726476605365376,
				0.00011011711655082071,
				0.0009090380364765959,
				2.7053279402906383e-05,
				-0.00016732285340626365,
				-0.0005447154525176985,
				0.00029686167168180354,
				0.0006556358197678995,
				0.000913288294911375,
				-0.00045830094809351583,
				-0.0006228569640748683,
				-0.0007267532029474278,
				0.00010191079747239756,
				0.000798463337666954,
				0.0006556603719631421,
				-0.0003653427459462393,
				0.00014159868199671967,
				1.9948955598966377e-05,
				-5.646600541465237e-05,
				-0.0009647666546719929
			]
		],
		[
			[
				0.0009576608332173618,
				1.8530326673822e-05,
				-0.0002230754356493498,
				-0.0006414241307893045,
				-0.0009406140679038644,
				-0.0003952044033198152,
				9.990750358608884e-05,
				2.780396297851406e-05,
				-0.0005921496950416416,
				-0.0007736982451017846,
				2.3387217624543316e-05,
				-0.00011385169948894007,
				0.0006194237881407081,
				0.000496803805304517,
				-0.000687885707609655,
				-2.5310098227896696e-05,
				-0.0005423230350835371,
				-0.0004596708752955121,
				-0.00039726449625349634,
				-0.0009639215857935844
			],
			[
				0.0005847691460885865,
				-0.0008593416939602235,
				0.00016914369306180637,
				0.000955055313915521,
				0.0006114195557719285,
				-0.0006516542161545977,
				6.335397409012729e-05,
				0.0005922917297174132,
				-0.00031551268997792234,
				-6.049309793611517e-05,
				0.00037126756660517705,
				8.10567836181358e-05,
				0.0005144879336746709,
				0.0004288969860486347,
				-0.00025968035251727924,
				0.0006576910494367754,
				-0.0007471826510510118,
				0.0001613748839657239,
				-0.0005078735143510822,
				0.0007323850109965521
			],
			[
				0.00043187238289664324,
				0.00015661847129039438,
				0.0004715800687532816,
				-0.000424018957248409,
				0.0006173127629684849,
				0.00016735409424324557,
				0.00013348439974627093,
				0.0007229789973899473,
				-0.0006362549042810837,
				0.0004676565601307433,
				-0.0009043138177032508,
				0.0007403297492782639,
				-0.000497859665472119,
				0.0007841730199767323,
				-0.0005313565811953774,
				-0.00020986011047243423,
				-0.0009539048602187708,
				0.000380815630715932,
				0.0008265305706185338,
				-0.00027204293344473146
			],
			[
				0.0006951833076854091,
				0.0005516522522646893,
				0.00014907897384936635,
				-0.0009196198891309277,
				0.0003718475837985256,
