{
	"model_params": {
		"input_dim": 10,
		"units_per_layer": [
			20,
			20,
			2
		],
		"acts": [
			"leaky_relu",
			"leaky_relu",
			"identity"
		],
		"init_type": "uniform",
		"batch_size": 200,
		"decay_rate": 0.95,
		"decay_steps": 576,
		"epochs": 800,
		"lambd": 1e-05,
		"limit_step": null,
		"limits": [
			-0.001,
			0.001
		],
		"loss": "squared",
		"lr": 0.005655844946607864,
		"lr_decay": "exponential",
		"metr": "euclidean",
		"momentum": 0.7709349296879282,
		"reg_type": "l2",
		"staircase": true
	},
	"train_params": [],
	"weights": [
		[
			[
				-0.0001079909409351838,
				0.0006033665641191402,
				9.739997128901034e-05,
				0.0008703101492967115,
				-9.525314049298639e-05,
				0.0005217730102491701,
				0.00010485296450345682,
				-0.0002429150970649288,
				0.0006167121668682429,
				-0.0001840650030199083,
				0.0005108780132280738,
				0.0009387991337579142,
				-0.00040282258248711675,
				-0.0007113526075242229,
				-0.0002040051124098072,
				-0.00023939395809575938,
				-0.0001687394752020883,
				0.0008639575873388044,
				-0.00010607013031095126,
				-0.0009756303918567635
			],
			[
				-0.0009456731367360028,
				0.00026510014055690606,
				0.0007054857174300536,
				0.000887712795728251,
				0.0001814807221353137,
				-0.0008491906536216963,
				0.0007041571624667763,
				0.0003765419413198914,
				0.0008643604364211182,
				-0.00018560401882186813,
				0.0006773330411336664,
				-0.0006320885366014484,
				0.0004907336906511608,
				0.00017525332780195875,
				-0.00012794838323516313,
				0.00014211504296715973,
				0.0005444244083959305,
				0.0003030250032032347,
				-0.0003822461250153193,
				-0.0005679736235476736
			],
			[
				-0.0005597122628931061,
				0.0001890838291316642,
				-0.00026281657923792317,
				-0.0003648100801232352,
				-0.0001970035924433979,
				-0.0007744757003583513,
				8.92091079930915e-05,
				0.0006065054277953148,
				-0.0005096675901867978,
				-0.0004985276090185797,
				-0.0009491029617726952,
				-0.000545871661732213,
				-0.0009423093127170967,
				-0.0003510158227693034,
				0.0004752293361474371,
				-0.0002745032006062273,
				-0.00023453557277224024,
				9.523868106727103e-05,
				0.00011218971310211507,
				-0.0004290239743609761
			],
			[
				0.0008256906542000418,
				6.173295846296622e-05,
				0.0001475542614865601,
				-0.0008252676291667594,
				0.0008595980391221108,
				0.0008176192639901333,
				-0.0009824666994029294,
				-0.0005991769493465368,
				0.0003786825304617151,
				-0.000891490423845456,
				-0.0005890374846825421,
				-0.0001069424199328068,
				-0.0009413042340431424,
				0.0003489098010323933,
				-0.0004506830349431002,
				0.0008685097337841799,
				0.0005652617473425117,
				-0.0009474544405325492,
				-9.876795214957277e-06,
				-1.8959096166600107e-06
			],
			[
				0.0009147485955316981,
				0.00011851038914145826,
				-0.00041370329334691465,
				0.0008307960120806821,
				-6.19209482051377e-05,
				-0.00016966017257942446,
				-0.0007953515740282284,
				0.0002461238414119512,
				-0.0008028280542355714,
				-0.0006149435052712122,
				0.0009216780426720094,
				-0.00030609223215112677,
				0.000716098207963799,
				-0.0003867826018258935,
				-0.0003608367189003708,
				0.0006123060125498565,
				-0.0009057715300737909,
				-0.00033830082437381285,
				-0.0009837282745580518,
				0.00021265770898818608
			],
			[
				-0.0005855927151568335,
				0.0004932472334208222,
				0.00021824959652267132,
				-0.00036231850972918435,
				0.0004641361443375985,
				-0.0009773522152614956,
				0.0005302337208767842,
				0.0004483816428284364,
				0.000429620600599799,
				0.0009415211697300361,
				-0.0005643722626840988,
				-0.0008235391908912957,
				0.0005016144357928957,
				-0.0003363817336276536,
				0.0007973811352689547,
				0.0007091798325897494,
				0.0006932326363470493,
				-0.0009479902983469482,
				0.0007595751651309384,
				-2.9807493021369465e-05
			],
			[
				-0.0002530040578913133,
				-0.0004197189038617781,
				0.00013824821449273748,
				-0.0003061187293748362,
				-0.0006412745201922652,
				9.857035758208317e-05,
				-0.0006392165220125989,
				-0.0007524056802440893,
				0.000941189173649745,
				-9.429142195593496e-05,
				0.0009541078551935801,
				-0.0009267644526252153,
				0.0008673335220878869,
				0.0006053370661939499,
				-0.0006463628621882827,
				-7.736125140625884e-06,
				0.00010466773179157885,
				0.000803504225015385,
				0.0005536046261761579,
				0.0006261727437861346
			],
			[
				0.00025936212761201835,
				-0.0003609374882210994,
				-0.000872097314921828,
				-0.0004140686710914335,
				-0.0006244622703483929,
				0.0005024341288993321,
				0.0004820169757271235,
				-0.0005358774508098765,
				-0.0006667449252253951,
				0.0004055976820988806,
				0.0005936347417875112,
				-0.00020549592662902284,
				0.0001993323905703239,
				0.00034954410161519567,
				4.901699891877737e-05,
				0.0006641810588929064,
				3.460634660608841e-06,
				0.0005945368814203925,
				-0.0008976461980911453,
				0.0006208716163141289
			],
			[
				0.0008048827304657428,
				0.0006666053967240432,
				0.0002075775087036361,
				-0.0003037615686796025,
				0.00017257273398165515,
				1.9108085346717426e-05,
				0.0005549504446858043,
				0.0006122009311632687,
				0.0009088256129808066,
				0.00047169951236752223,
				0.0006439840836428253,
				-0.00025427557640707874,
				-0.0006652490696538284,
				0.0009006926003981073,
				0.0006692432507173318,
				-0.0007811000677670295,
				1.088571480623783e-05,
				-0.0003801365998839681,
				-0.0004009781418574652,
				0.00048383459421495593
			],
			[
				-0.0004787491532751638,
				-0.0005743367475759078,
				-0.0008762302613336664,
				0.0005988617448613358,
				-0.0007028315622958289,
				-0.0009015967444156217,
				-0.0006915249016109737,
				0.0002386845645127992,
				0.0006694221490588402,
				-0.0006613303310915237,
				0.0005759993440176677,
				0.0005490293121797986,
				0.00024760003864540453,
				0.00010966779347664781,
				-0.0005059782171499147,
				0.0002683178341288295,
				-0.00048100648250746245,
				0.000555742154402378,
				-0.0004732782906053093,
				-0.00038078776155743
			]
		],
		[
			[
				0.0003098678425670605,
				0.00038811970113242136,
				0.0006083938796281718,
				8.657819728010666e-05,
				0.00018952176867096976,
				-0.00046786281010226434,
				5.5847158314475606e-05,
				0.0001421919503189937,
				0.0005014961397979947,
				-0.0004677239811183367,
				-0.00041307246199516533,
				-0.00039551832238002467,
				-0.0007875486352467058,
				0.0004553572306882426,
				-0.0003773991062050548,
				-0.0004541699593722464,
				-0.0006797005397014677,
				-0.000966268001416031,
				0.0004329884951310547,
				0.0006022896837391488
			],
			[
				-0.0008586557262619265,
				0.0007246042606781737,
				0.0006326524866809519,
				-0.0006235848439207907,
				0.0003115760838195063,
				-0.00020988660318549575,
				-0.000699247898892803,
				-0.0005679094009451732,
				-0.0003670151982160559,
				0.0006233021594159308,
				0.0005213559329319546,
				0.00042131125190249187,
				0.0009368388067688654,
				-0.0007064170925868823,
				0.00022990684491376676,
				-0.0009876227978640156,
				-0.0006931384690522129,
				0.00016850914007791483,
				-0.0003063668478589912,
				0.00045009062508951573
			],
			[
				0.0005604215364529686,
				-0.0007121855404629594,
				-0.00023452722419704504,
				0.00019135037435213226,
				-0.0009233623900283044,
				-0.0004020762288297799,
				-0.0007561642177121221,
				-0.0003575081697588596,
				-0.0007194827113310476,
				-0.00021681440484628807,
				0.0004048774928304881,
				3.880367802982067e-05,
				0.000603494168946209,
				0.0008314761061015792,
				0.0003752344334185462,
				0.0007849573798806553,
				-0.0008059481346773485,
				0.0008335033034585725,
				-0.0002441226903621401,
				-0.00043411641837460245
			],
			[
				-0.0008367801381192528,
				-0.0003712968469855429,
				-0.0007643098769548651,
				-0.000510979548592109,
