{
	"model_params": {
		"input_dim": 10,
		"units_per_layer": [
			20,
			20,
			2
		],
		"acts": [
			"leaky_relu",
			"leaky_relu",
			"identity"
		],
		"init_type": "uniform",
		"batch_size": 200,
		"decay_rate": 0.95,
		"decay_steps": 576,
		"epochs": 800,
		"lambd": 1e-05,
		"limit_step": null,
		"limits": [
			-0.001,
			0.001
		],
		"loss": "squared",
		"lr": 0.005655844946607864,
		"lr_decay": "exponential",
		"metr": "euclidean",
		"momentum": 0.7709349296879282,
		"reg_type": "l2",
		"staircase": true
	},
	"train_params": [],
	"weights": [
		[
			[
				0.0005541645851703553,
				7.708511410472064e-06,
				0.0009532271421643312,
				-0.0009791017066924249,
				0.00013864710607070624,
				-0.0004215933594253832,
				0.0008820458763534561,
				-0.0007368533882188149,
				0.0008412541585309391,
				-0.0008316171663682452,
				0.0009755126005757675,
				-3.832819224224102e-06,
				-0.00043588789221262326,
				-0.00011414128601979683,
				0.0006672677216011049,
				-0.0007900232778557362,
				0.0005166540900062521,
				-8.192904931104191e-06,
				0.00046214934481538504,
				8.689355515289002e-05
			],
			[
				0.00014165444916416068,
				-0.0004471450786681841,
				-0.0009689110834882078,
				0.0008422969991260568,
				0.0009938658904260853,
				-0.0007581974989009035,
				-0.0008925180981981582,
				0.00043118104591781175,
				-0.0001802142682624919,
				-1.0632281115820945e-05,
				0.00037480068256141126,
				0.00026383807143451885,
				0.0003781358864860271,
				-0.00022880113415204304,
				4.9016888360468554e-05,
				-0.0005686356112461952,
				0.0005881602782505581,
				0.00018382523917351095,
				-8.04257470150263e-05,
				0.0004523983365935769
			],
			[
				0.0003749283293158006,
				-0.00030156656899241413,
				0.0007171624670122808,
				-0.0006321589155935386,
				2.3241504508809312e-05,
				-0.000863469696633592,
				0.000666302204417261,
				-0.0005448480516376461,
				0.0008759883210580147,
				-0.0006577041563614838,
				-0.0007295490199988313,
				0.0002076977157140635,
				0.0001450633400224056,
				0.00038391739336240006,
				-2.2201491915959694e-05,
				0.0008856414643414214,
				-0.0007489063650503574,
				-8.405653059389184e-05,
				0.0006600114512746115,
				1.4794061478408784e-05
			],
			[
				-3.9424457300135185e-05,
				0.000490347680592713,
				0.0004327121082369741,
				-2.7106778865364505e-05,
				-0.0003836024960991287,
				-0.0008234258557414582,
				-0.00041137055950984827,
				-0.0006244908055803172,
				0.0009379500339110926,
				-0.0007824690750658696,
				0.00027301329987586016,
				-0.0005005852119235308,
				-0.0009713646082830717,
				0.0008789139586651779,
				0.00010180290350281121,
				0.0006565514339489206,
				0.0006026753500193668,
				0.0002555275359461158,
				-0.0006204058958449723,
				1.6389807963357794e-05
			],
			[
				-0.0008605778721909043,
				-0.0007987212475790824,
				-0.0007999402477919842,
				-0.0002541839431498945,
				-5.53348774301976e-05,
				0.0005840488186107393,
				0.0007355998879794955,
				0.0002717162768876742,
				0.0006518218030055389,
				-0.0006083561009034039,
				0.0002034800928057568,
				-7.954494442664114e-05,
				-0.000907741241260214,
				2.5931193016745686e-05,
				0.0005095872503586519,
				0.00039384007759727356,
				-8.131524857077268e-06,
				-0.0004618393391353135,
				0.0007960360291543699,
				0.0009566326535528466
			],
			[
				0.0007447817028496942,
				0.0008708748790953156,
				0.0008427046671673612,
				-0.0001336689136974149,
				-0.0003347950703125422,
				-0.0001969645115552747,
				0.0009207507675761104,
				0.00042792811838315544,
				-0.00017775072653412936,
				-0.0009120873010902057,
				0.0005166651925879954,
				0.0009892059772121345,
				0.0002668729459102139,
				-0.0006645724963730442,
				-0.0009416378704046968,
				0.0004854253847119696,
				-0.00019897611954472613,
				0.0009167421447616143,
				0.0008776904612937458,
				0.0004247427987049113
			],
			[
				-0.00023866428230897001,
				-0.0001055642903574134,
				0.0005655724693760236,
				0.0006575545633562647,
				0.0007090725008958632,
				-0.0007957300525896345,
				0.0008674951201765293,
				0.0002651079987723529,
				0.0005069248152381597,
				0.0003173555392686975,
				0.0007766443298533221,
				-0.0006113277743871741,
				-0.0003464896135043303,
				-0.0007497845295778565,
				0.0007380878597107892,
				0.0006738525113571671,
				-0.00026291017543107786,
				8.018474306200913e-06,
				-0.0005601151774275302,
				-0.0009075770101299376
			],
			[
				-0.0008059063340176456,
				0.00019480113765602252,
				0.00022275104617086702,
				0.0008811503907219052,
				-0.0009665430568827927,
				0.0009065003616429751,
				0.00011202262441909589,
				0.0008607897110329576,
				0.0009009116965971685,
				0.00020645556888351075,
				0.0009423498945935413,
				-0.000742250320374865,
				-0.00025462076637874367,
				0.0008095750003540786,
				0.0001634173601894411,
				0.0006229168267677919,
				-0.00033646767181886466,
				-0.0006308757849406053,
				-0.0008922677682063205,
				-0.0008004659878573022
			],
			[
				-0.0003437459767133864,
				-0.0006866981879599574,
				0.00015575737728601522,
				-0.0008212848192668687,
				-0.0009362173212383313,
				0.00033476602745847843,
				-9.301967568638278e-05,
				-0.0002941096705485753,
				-0.00058978980784101,
				0.0007569616966992083,
				0.0008426767767813481,
				0.000935138704250732,
				-0.00046388071487710777,
				4.74375476163455e-05,
				4.27802724285364e-05,
				-0.0006419766323640728,
				0.00010951595507011232,
				-6.863407656127786e-05,
				0.000942675626233307,
				-0.0003195807263705175
			],
			[
				-7.33323255197165e-05,
				0.0005862590436707402,
				-0.00039365486109595627,
				0.0009668215577294447,
				0.0002942536206003571,
				-0.0004096050856813847,
				-0.0003956964203381566,
				0.0008633275511778979,
				-0.0004227361018431004,
				0.0005959878409507616,
				0.00019095062107674608,
				0.0009286414734284464,
				0.0006715603106983547,
				-0.0008468223555794616,
				0.000699942926025803,
				0.0007925524766619421,
				-0.0001436842763910531,
				-0.0007855701458319127,
				-0.0008783670892974203,
				0.0005011955537437243
			]
		],
		[
			[
				0.00043581489654606013,
				0.0003514837364441523,
				-0.00024106933080301877,
				-0.0004813828798360891,
				0.00017082742141635702,
				0.00024956642046459554,
				-0.00019589535700575956,
				0.0008202372275590939,
				0.0005228321536453011,
				0.0004116649003447206,
				-0.00026511988227628726,
				-0.0008113161623011602,
				0.00041430001471404795,
				-0.00015028758591253673,
				-0.0007288125902080076,
				-0.00023774687765434942,
				-0.00027297412247227477,
				-0.00044221487240325024,
				-0.000763626865304341,
				0.000810952116420688
			],
			[
				0.000492251712391674,
				-3.789269942100222e-05,
				0.0005137901181254171,
				-0.0008789764888566592,
				8.700944147855931e-05,
				0.0003866529136204739,
				-0.000919552023128015,
				5.246579427701115e-06,
				-0.0005230320257202492,
				0.00011851215448568518,
				-0.0003149071809231683,
				-0.0004680711718917796,
				-0.0007510104188788822,
				-0.0005096392978753059,
				2.6059243851982378e-05,
				0.00016763292242800575,
				-0.0004967024083762894,
				-1.4823257931551514e-05,
				0.000683967569433437,
				0.0008646593975356177
			],
			[
				0.00021069864726105578,
				0.00022716466747115514,
				-4.201563719231547e-05,
				-0.0005342822285963205,
				-0.0005594932472425591,
				0.00011962547355216986,
				-0.00027214847556619845,
				-0.0008541317324476207,
				0.0004912602671331826,
				0.0007688944672954502,
				0.0002881491410847005,
				-0.0005687560269836259,
				-0.0001040154513923026,
				-4.106184318110502e-06,
				-0.00013546830762022923,
				-7.156139668778618e-05,
				-0.0009331058700630013,
				-0.0002893318027384511,
				0.0003456845028205315,
				-0.0001924404575166592
			],
			[
				-0.0005164299282618713,
				-0.0005970753985874671,
				0.0004666123462210526,
				0.0007577345530638535,
