{
	"model_params": {
		"input_dim": 10,
		"units_per_layer": [
			20,
			20,
			2
		],
		"acts": [
			"tanh",
			"tanh",
			"identity"
		],
		"init_type": "uniform",
		"batch_size": 100,
		"decay_rate": 0.95,
		"decay_steps": 500,
		"epochs": 150,
		"lambd": 0,
		"limit_step": 500,
		"limits": [
			-0.001,
			0.001
		],
		"loss": "squared",
		"lr": 0.01,
		"lr_decay": null,
		"metr": "euclidean",
		"momentum": 0.6,
		"reg_type": "l2",
		"staircase": false
	},
	"train_params": [],
	"weights": [
		[
			[
				-0.0005464216234413021,
				0.0008320165566763986,
				0.00019498975746430353,
				-0.0004367080392390128,
				0.0006230174521413196,
				0.0009085659394844302,
				-0.00045892959406476305,
				0.0006148254532243047,
				0.0007166026400017705,
				-0.0003049479293917017,
				0.00046218046375332174,
				8.211690103272968e-05,
				-0.0007817825752793512,
				0.0007622740695657807,
				0.0003968369586990275,
				-0.00030501505976197744,
				-0.0004340766317628477,
				-0.00048508220721089716,
				-0.00044727635302197854,
				-0.0005543502786809651
			],
			[
				0.0009162710949889689,
				-0.00014422182650820317,
				-0.0007583778794827731,
				-0.0009239084527697193,
				0.0005907198907454459,
				-0.0007494038624752863,
				-8.222029983369025e-05,
				-0.0007249389677215941,
				-3.3917779041323375e-05,
				0.00036298518052320654,
				-0.00014004444565996876,
				0.00023513428686895601,
				0.0004776403982414874,
				-0.0006333822415372616,
				0.0008409117421138868,
				0.0007102717898391914,
				0.00039654806972525664,
				-0.0009717987596886302,
				0.0003699257870467779,
				-0.0009867917340034044
			],
			[
				-0.000858277450639064,
				0.0004708883711166069,
				-0.0006187728362752463,
				0.000286652657901741,
				4.616736025199811e-05,
				0.000988412679080806,
				0.00019508926154020753,
				-0.000538345143806797,
				-0.0006653495728313917,
				-0.0003936301832057576,
				0.0008147615485347382,
				0.0004330812311683103,
				-0.00042473060266551646,
				2.3974937528742747e-05,
				0.000774043544973121,
				6.483999321290051e-05,
				-0.00033156552891376156,
				0.00033280349567580574,
				-0.0007721991890460851,
				0.0009696708192478616
			],
			[
				0.0008791818928641352,
				0.0007870879420565646,
				-0.0006662240285325012,
				-0.00034106404594879086,
				-0.0005300277838553626,
				-0.0008107259454843352,
				-0.0004886915321558145,
				7.451514511480541e-05,
				-0.0009388850687006725,
				-0.0005279256952461169,
				0.000568562887380514,
				0.0008845536943303883,
				1.6614456666624736e-05,
				0.000977336590731875,
				0.0007503628318686366,
				0.0008414597546033873,
				0.0006523734608948474,
				-0.0007631345358441357,
				-0.0007874749847660507,
				0.00047824562303435867
			],
			[
				2.2043006007409216e-05,
				-0.0006721475471381396,
				-0.00018768348167742973,
				-0.00019134090105322836,
				5.082752685354368e-05,
				0.0005714013999038627,
				0.000774335098864914,
				-0.0005672001330021044,
				-0.0007207141288960775,
				-0.000514832902424529,
				-0.0006114650010534759,
				-1.7734101352593137e-05,
				0.0009928926028826292,
				0.00030625126767538317,
				-0.0002964484955481284,
				-0.0006406452611933831,
				0.00026624864315231457,
				-0.0006508125741327795,
				0.0008996477305330049,
				-0.00045941353925651465
			],
			[
				-0.0002622116116296196,
				0.00014382727349468026,
				-0.0008476699031792372,
				0.0007252521928375712,
				-0.00016154562502477957,
				2.253155612770498e-05,
				0.000591143978199675,
				0.0007160953625758191,
				0.0007356814875340574,
				2.0649240172650185e-05,
				-0.0006554913918541623,
				-0.0003880597849908414,
				-0.0001271464602149142,
				-0.0005440337554818455,
				0.000649317693573507,
				-0.0005921312424808776,
				0.0006237336849307844,
				-0.0008202522501346967,
				0.0004853724611063627,
				-0.0009056546862401238
			],
			[
				-0.00024072577267735798,
				-0.00016005186206695865,
				-8.794877341697707e-05,
				-0.00036299807131518326,
				-2.485133186112072e-05,
				0.000964203233818389,
				-0.00047875424471004885,
				3.0088845670465025e-05,
				0.0002491718518431037,
				-0.00039579222427288266,
				-0.0005846142087612744,
				-0.0009477876933348439,
				-0.00015917171262551746,
				0.0004938240926797323,
				0.0008470379836476103,
				0.0004905645164589426,
				-0.000470371470154527,
				0.000307815938416886,
				-0.00033844055640648606,
				-0.0007481638607752816
			],
			[
				0.0002408747636163148,
				-0.00026192655948583245,
				0.0005746572262344998,
				0.0006319096379421689,
				0.0004969954880973495,
				0.0009747305672950885,
				-0.0009260926762071677,
				-0.00016242196882937973,
				-5.53373153886885e-05,
				0.0005246624782835505,
				0.0008601486737498951,
				-0.00011024556302468484,
				-0.00011094003394683538,
				0.0007722278179832574,
				0.0008831291673739618,
				-0.0008296128193685214,
				-0.00024014074786238987,
				-8.074151438570553e-05,
				-0.00037317439352065377,
				-0.0003055256314611652
			],
			[
				-0.0005485306721352779,
				6.619842285490317e-05,
				0.0007733472033746222,
				-0.00017196572904537133,
				0.00018611744243627812,
				0.00012309298054200175,
				-0.0008938573760168822,
				-0.0001881785906595756,
				0.0003796141590771578,
				0.000756536364584282,
				-0.0006596749219817988,
				0.00010019615224627016,
				0.0005887243151982539,
				-0.0008553397181956142,
				0.0009345999853089175,
				0.00032287947240501646,
				-6.090500631374075e-06,
				0.0005143758939984366,
				-0.0007494590107069551,
				0.000927560161588732
			],
			[
				-0.00012131622184938435,
				3.378590660108754e-05,
				-0.00027820689744961617,
				-0.0004675257152348389,
				-0.00017303500946759737,
				-0.0006733800024023431,
				0.00037301887561701284,
				-0.0006949534417587033,
				-4.31677425004371e-05,
				-0.0005388696616391524,
				-0.000893112049099196,
				-0.0007148750430715925,
				0.0007867357453197618,
				0.0009228561625800181,
				0.0007850839403353202,
				0.00023930541706563527,
				-0.0007680221666514629,
				0.0006315508261957275,
				-0.0006232872485480616,
				-0.00018701741851679028
			]
		],
		[
			[
				-0.0004225490007924304,
				-0.0008583212512647061,
				-0.000539576838613191,
				0.0005782171505553497,
				-0.00046565956256316304,
				0.0005242009115122264,
				-0.0007055450059438042,
				-0.0007985067967867126,
				-6.501891262684987e-05,
				-0.0009622083475084372,
				-0.0008308740514216984,
				-0.00023032807691406205,
				-0.0005095642394672131,
				2.4070782575650717e-05,
				-0.0005479512671747663,
				-0.0003886907169974536,
				0.00019310860971282883,
				0.0009092112393930271,
				-0.00017909678900943592,
				-0.0007291152495655691
			],
			[
				-0.0009532305161791812,
				-0.00018900835110990748,
				0.0009668136878176435,
				-0.0008913131175796843,
				5.7004759016547136e-05,
				-0.0007933597299766277,
				0.00022847291685058717,
				-0.0003978242411590298,
				-4.866697100738284e-05,
				-0.0009303771107700707,
				0.00032426524711470415,
				0.0007195839550297705,
				0.000555604151413529,
				0.00010784704211790172,
				-0.0006802331517641667,
				0.0009473765455428186,
				0.00033836602776948733,
				0.0005969840050684147,
				-0.000712262209934547,
				-0.000205569115428972
			],
			[
				0.0008107155780250493,
				0.0007564735799978095,
				-0.000604024546993768,
				-0.00036330786383675126,
				0.00014651303647604834,
				-0.0008801487745736845,
				-0.00047327768030391826,
				-0.0009878935737306887,
				0.0005699818016364243,
				-0.0005507393730467492,
				-0.0008848796827903276,
				0.0005904223072302648,
				8.91364503689037e-05,
				0.00016034368193790964,
				-0.00012083888181397054,
				7.169933223193873e-05,
				0.0008698130281365526,
				0.0007574169844725988,
				0.00015301598644538745,
				-0.0009067039106318047
			],
			[
				-0.0008413949061856585,
				-0.0006350992870138017,
				0.0008035007133975851,
				0.00046269343684883025,
				-0.0009580391189604476,
