{
	"model_params": {
		"input_dim": 10,
		"units_per_layer": [
			20,
			20,
			2
		],
		"acts": [
			"leaky_relu",
			"leaky_relu",
			"identity"
		],
		"init_type": "uniform",
		"batch_size": 200,
		"decay_rate": 0.95,
		"decay_steps": 576,
		"epochs": 800,
		"lambd": 1e-05,
		"limit_step": null,
		"limits": [
			-0.001,
			0.001
		],
		"loss": "squared",
		"lr": 0.005655844946607864,
		"lr_decay": "exponential",
		"metr": "euclidean",
		"momentum": 0.7709349296879282,
		"reg_type": "l2",
		"staircase": true
	},
	"train_params": [],
	"weights": [
		[
			[
				-0.0005314205077239949,
				0.0009843518294069373,
				-0.0004014784675043046,
				0.0006250510074926063,
				0.0009024182568561998,
				-3.504871002691723e-05,
				0.0007593901966630135,
				0.000747336053889554,
				0.0004767203326642201,
				0.00043309084863071444,
				-3.64512180999867e-05,
				-0.0009230315438585,
				-0.0003238804397679853,
				0.0005601179927911654,
				-0.0006681384468382283,
				0.0005313463398889742,
				0.0009278956001983001,
				0.0006294799994139015,
				0.0004440432759895464,
				0.0004744352480200969
			],
			[
				0.0008124108358358384,
				0.000680660241413146,
				-0.00022487514462771446,
				-0.000854882309211936,
				0.00043950764553448134,
				-0.0007358149069537299,
				0.0008795697652394499,
				0.0006234564850160886,
				0.0003044946512593316,
				0.000985303105590904,
				0.00022380176093427938,
				7.607621015041964e-05,
				-0.0004720850266646193,
				0.00018812160395064868,
				-5.405438055938077e-05,
				-3.288511166820514e-05,
				0.00014446458867697866,
				0.0009580421945055047,
				-0.0002723445010600538,
				0.0008098416235325832
			],
			[
				-0.0005638306638868205,
				-0.00013504213951109098,
				0.0005694995559873805,
				0.00011413275812370452,
				0.0009336272818714583,
				-0.00025110453708251067,
				0.0005339323131472442,
				-0.0003308943128326946,
				0.0007590017677908012,
				-0.000845049404639624,
				0.00028565433874309216,
				-0.0006025005495366425,
				0.00039543349193439637,
				-0.0009878209899384703,
				0.0005324179405760934,
				0.0003798442401912493,
				0.0008743886337170847,
				0.0007076310700385514,
				0.0005995215816300284,
				0.0006818342962516498
			],
			[
				0.0007060363247307368,
				-0.0009200805455719237,
				0.0001716373196204116,
				-0.0003348166761656954,
				0.0008332927327215562,
				0.0009534149192202157,
				-0.000754290646776916,
				0.0008149198714812562,
				0.0009496101316668383,
				-0.0003489389250702919,
				-0.0007297595201275731,
				-0.00058250560840847,
				-0.000761912561800247,
				0.0006070267294939302,
				-0.00021772259969478206,
				0.0008125673604360657,
				-0.00040172914990817103,
				0.0006255062787212718,
				-0.0005776162499725637,
				-0.0009297175806361436
			],
			[
				0.0007355451996288733,
				-0.000490650278045566,
				-0.0008946227815826975,
				-0.0008481813337671427,
				-0.0007159661842816511,
				-0.00024147487685038027,
				-0.0007066415324104696,
				0.0006244468461428356,
				-0.0008252616466633034,
				0.0009977529521667935,
				0.00045915788076464803,
				-0.0006416454097183224,
				4.267827636086148e-05,
				-0.0004446964223688241,
				-0.000991458905381278,
				-4.398546326892026e-05,
				-0.00017978332654729873,
				-0.0004222717784850003,
				-0.0001535526698367405,
				0.0006985975741333886
			],
			[
				0.0004362553684276302,
				-0.0003136435840406464,
				-0.0005845719521345742,
				-0.00040198991514815653,
				0.0006032924206489057,
				-0.0003101153395267431,
				-0.0006746163216187564,
				6.0240605953163764e-05,
				-0.00011327723651130377,
				-0.0006266326343675648,
				-0.00043374618344544746,
				-0.00034200054206465105,
				0.00015105257753138908,
				-0.0004720410287543897,
				-0.000238706928738905,
				-0.0003498716501332533,
				-7.244839981225754e-05,
				-0.0007877888524943743,
				0.0005483897178022322,
				-0.0008991012723172445
			],
			[
				-0.0004858424091322062,
				-0.00022696934863318833,
				-0.0005624442031917098,
				5.0937499206157996e-05,
				0.0009970915175569004,
				-0.0009053439586840377,
				0.0009802180359944454,
				-0.00037367074736431257,
				0.0008202314928021839,
				0.000804432425906512,
				-0.0006925835064883962,
				-0.0008695440073591329,
				-0.0003376581836066428,
				0.0007838984872683091,
				0.0007343391276260487,
				0.0008513165981150399,
				0.0008921325779586385,
				-0.0007088167925672198,
				-0.0008952955196111882,
				0.0007514039514745119
			],
			[
				-0.0006878939171744123,
				0.0007132914870981574,
				0.0001808339578288434,
				-0.00035871078578683744,
				-0.0008663681458846528,
				0.0008568426043976103,
				0.0006555665156453608,
				0.00020161112143448874,
				-0.0005901461032349755,
				0.0009242655725544384,
				-0.0006951305024367198,
				-0.0008288733548822787,
				0.0005076493077603278,
				0.0002092350200728491,
				-0.0006264724507185145,
				0.0007565144692049106,
				-0.0005678461350652744,
				0.0006830203442247784,
				-0.0006688128321625678,
				0.00015005770748580875
			],
			[
				-0.0007585028430953051,
				-0.00038252092092094477,
				-0.0004964745701643279,
				0.0006046342631596815,
				-0.0009950724468437624,
				0.0008075518857247055,
				0.00016732623158253177,
				-0.0004902363438532666,
				0.0007495900361649942,
				0.0002052260518478745,
				-0.000678946462632186,
				0.00016550694986462895,
				0.00011049019736494642,
				-0.0002562925882886966,
				0.000583464426062589,
				-0.0007865970494780283,
				-0.00012876037771103845,
				-0.0007130698862644422,
				-7.929211238964307e-06,
				0.000938430962737507
			],
			[
				-0.00022668644428097554,
				0.0006444821849098368,
				0.0009220203941247697,
				0.00038972956552130915,
				-0.0004587493397318006,
				-0.0009259045216137984,
				0.0003024952055001723,
				0.0006322257178101832,
				0.0004177113391171097,
				-0.0002916115732622457,
				-0.0009306439649898186,
				0.0008037455901529651,
				0.00040407230270647567,
				-0.0009929106234654863,
				0.0006619104579514709,
				-0.000773018689131151,
				0.0002963727252419321,
				-0.0009338961180829219,
				0.0008331328189795097,
				-0.0003301554484667204
			]
		],
		[
			[
				0.0007456113718021364,
				0.00025882024575007794,
				-0.000567589672137625,
				-0.00042252076097800176,
				-0.00033860830981641363,
				-0.0006732077576687815,
				-0.00028602479514221364,
				5.0302592671364575e-06,
				-0.00044556898036423535,
				0.00029929071171510115,
				0.0007675902688608878,
				-0.0008866472236837466,
				0.0005587946354820284,
				0.00030647165896868995,
				-0.000761811663303462,
				-0.0005594206154754915,
				0.0007420137930056459,
				0.00032629720721128234,
				0.000645007583897931,
				-0.0007926191383753463
			],
			[
				0.0005736374005142267,
				0.00035910281949686927,
				3.742103295960048e-05,
				0.0005806088872717993,
				-0.00025153850028504304,
				-0.00013871468383073072,
				-0.00013127130081965377,
				-0.0009822603964490632,
				0.0006691009955831109,
				0.0007812274263509027,
				0.0002628542070170943,
				0.000890508676258105,
				0.0003718720423680538,
				-0.0004799980668019545,
				0.0002858504255776719,
				-0.0007688421453341354,
				-0.00033076065204525843,
				-0.0001305120165622911,
				-0.0008909775450368869,
				-0.0009931136629937898
			],
			[
				-0.0002034517909126676,
				0.00015959890381310351,
				-0.0009234567027050973,
				-0.00026942161878417954,
				0.0003226341203463887,
				-0.0005909029718545027,
				-0.0001516350754275004,
				-0.00033892054664361453,
				0.0007259492243477915,
				0.0007524924817460834,
				-0.00028768032791885473,
				-0.0003621706857689595,
				-0.00026662008089866783,
				0.000494757579858851,
				-0.0005289744803853389,
				-0.00033675376779500365,
				-0.00016349416426168447,
				-0.00033201549656437465,
				-0.00038507249019131145,
				-0.00035262769134415553
			],
			[
				-0.0005337023827322559,
				-6.701113772203708e-05,
				0.0002182664315295501,
