{
	"model_params": {
		"input_dim": 10,
		"units_per_layer": [
			20,
			20,
			2
		],
		"acts": [
			"leaky_relu",
			"leaky_relu",
			"identity"
		],
		"init_type": "uniform",
		"batch_size": 200,
		"decay_rate": 0.95,
		"decay_steps": 576,
		"epochs": 800,
		"lambd": 1e-05,
		"limit_step": null,
		"limits": [
			-0.001,
			0.001
		],
		"loss": "squared",
		"lr": 0.005655844946607864,
		"lr_decay": "exponential",
		"metr": "euclidean",
		"momentum": 0.7709349296879282,
		"reg_type": "l2",
		"staircase": true
	},
	"train_params": [],
	"weights": [
		[
			[
				0.0007044082308160101,
				-0.0006938102450163373,
				-0.000709391754310307,
				4.1499090118479265e-05,
				-3.3824167770188916e-05,
				0.0006448730560146829,
				-0.0006526707584591333,
				-0.00020136646221602915,
				0.0004448090778090396,
				0.0003832277757666112,
				8.265182286518744e-05,
				0.0003679445778378334,
				0.0008754160814447717,
				0.0004488743793089431,
				-0.00017802725356383983,
				-0.000362175539882696,
				0.0004436913117828562,
				0.0002479010466108619,
				-0.0005969876883959795,
				-0.0005809374101593734
			],
			[
				0.0002509141862825214,
				0.0001963011848677876,
				0.00022932637088599137,
				0.0006963301471124789,
				-0.0008945576365735901,
				0.0004578987651995812,
				0.00026416950058131953,
				0.00035864806643148123,
				-0.0004965243604110501,
				0.0003868636265481986,
				0.00011219909096403611,
				-0.0007432886462278279,
				0.00014167467798610112,
				0.0002436584320328098,
				0.0007885582208759325,
				-0.0006041086647310659,
				-0.0001732665604075106,
				0.0007529837404838698,
				9.395070125705132e-05,
				-0.00021508422416459253
			],
			[
				-1.6361988831791515e-05,
				0.00011713459274344663,
				0.0003346775753940033,
				0.0006230123548665494,
				-0.0008105961153113206,
				0.0007285011110964373,
				0.0008815981248262083,
				-1.2524958089551574e-05,
				-0.000545771126998834,
				-0.0003587915760429008,
				0.0006713887869749286,
				0.000305076051965146,
				0.0005268812733591321,
				0.0002718628819715866,
				-0.00021173223492533815,
				-0.0005036913153577758,
				0.0002327871657253882,
				-0.0004199302750871577,
				6.6865158772087e-05,
				0.0006827952201714496
			],
			[
				-0.0009170324719646024,
				0.0009283258817139018,
				0.0009174089801144746,
				0.0007285424516346678,
				0.00016373414105995496,
				-0.0007147945509658786,
				-4.9703309177126184e-05,
				6.062018044461644e-05,
				-0.00021497769393902689,
				0.0005506484409136606,
				9.235122459558048e-05,
				0.0007915655892568334,
				-0.000630716558142356,
				-0.0001544519557768691,
				0.0004333643299313597,
				0.00029997415831646643,
				-0.0005132419110396146,
				3.787254022427828e-05,
				0.00018149503621642097,
				-0.0004461849624231717
			],
			[
				0.00048054758491223974,
				-0.0005063687973252924,
				0.0007289649583767826,
				-0.0009021092135605769,
				-0.0007451256290052666,
				0.0006650664886301467,
				-0.0007686482660866608,
				0.00036192319988982854,
				5.999627837259243e-05,
				-0.0003108533423486921,
				0.00045413075462271833,
				-0.0002159253187817219,
				-0.0005602280504040727,
				0.0004145390361734937,
				0.0007522334679222495,
				-6.04826377530285e-06,
				-0.00038990947165489854,
				-0.0009296871041046186,
				0.00023218281166946866,
				0.000702853143908289
			],
			[
				-0.0005826330144089481,
				-0.000400457386912817,
				0.00034203918861096206,
				0.0009707802914233391,
				0.00023867908988053584,
				0.0004195168117440771,
				0.0005580624206063293,
				0.0009240334511061358,
				-0.0005293749514976349,
				0.0006563654311284148,
				-0.0003430724828445939,
				0.000479922968139201,
				0.000903020744236843,
				-0.0007771944074034925,
				4.492419402815531e-05,
				-0.0006295347287295206,
				-0.0005836086325669938,
				-0.00022779138201717774,
				0.0004639391411870276,
				0.000773980153975137
			],
			[
				0.00017024570002926922,
				0.0005868874405967341,
				0.0007247751911385277,
				0.0005740789301653146,
				0.0008295855116990456,
				0.0006653326547048635,
				-0.0008541276013464933,
				-0.0004345586426504791,
				-0.000748704366454492,
				0.00048010910865294585,
				0.00039076407917590524,
				0.0007770989663571683,
				-0.00019370532226036929,
				0.0004729886664934528,
				-0.00022756920345145247,
				-0.00019587498594176276,
				0.00016719213061862814,
				-0.00011282691878909245,
				-0.0007267208123083913,
				0.00016819789441383805
			],
			[
				0.00035559240885430204,
				0.000673773725853144,
				0.00044902630251786573,
				0.0007488670064061626,
				-0.0006678310288991747,
				0.0008869488650778143,
				-0.0006047206254359776,
				0.0001593783463412449,
				0.000842872976513729,
				-0.0006943349029034505,
				0.0005124934179855311,
				0.00026911667530177133,
				0.0002003403802630099,
				-0.0009806705649445244,
				0.0004107544888008116,
				0.00020763174024763338,
				-8.203418972043666e-05,
				-0.0009911931046180172,
				0.0005107580260610579,
				-0.000694951684846358
			],
			[
				-0.00032997971145926313,
				0.0002737528402721003,
				-0.0003830218920818911,
				0.0007499615128119276,
				-0.0001530744370277857,
				-0.0006609246256588566,
				-0.0002994642715584046,
				-0.00026587675420053087,
				-0.00040439434471400526,
				0.0009425112419262039,
				-0.00044789359438198036,
				-0.0006090679553577808,
				0.0003766394380602274,
				-2.830635858376302e-05,
				-0.00087071147485225,
				0.0008147370779689029,
				-0.0007111618678483516,
				-0.00015081519166338015,
				-0.000970653136594754,
				0.0004049167455418743
			],
			[
				-0.0006979112343369891,
				-0.0008917038178111052,
				0.0009191813399530755,
				0.00023437011733810583,
				0.0006579040852707587,
				8.24052897244118e-05,
				0.000776984704992111,
				-0.00018793211080345325,
				0.0004928113150771565,
				-0.0002456032165753188,
				-0.0002533512171547221,
				0.000734570910975974,
				-0.0005972765866986873,
				-0.00010651588391883098,
				0.00016102582277009616,
				-0.0006394740579629648,
				0.0007993734133468844,
				0.00015245160103015518,
				-0.0005236632715010554,
				-0.00013547035172071674
			]
		],
		[
			[
				-0.0004980185457232999,
				-0.000510882238097041,
				-1.194573894479768e-05,
				0.00022649627493418205,
				-0.0008000499547874598,
				-0.000842105626794635,
				0.0003001880577103587,
				0.0009963915977513668,
				-0.000160217577586766,
				-0.00047074967221341234,
				-0.00011653989047495769,
				-0.000604425787870065,
				-0.0002472034869305973,
				0.0005127973843805948,
				-0.0005600768608739603,
				0.0009583630689151607,
				0.0006514500818779539,
				-0.0002968780141605925,
				0.0004954379850493121,
				0.0002446635664755993
			],
			[
				-7.655183317852293e-05,
				0.0001481949115214238,
				-0.0005290236522877247,
				-0.0005688449672419634,
				7.577507783143372e-06,
				0.0006398013005339902,
				-0.000986477545401026,
				0.0006199835101515791,
				0.0007666573679429422,
				0.0002391185856535057,
				0.000618125761295094,
				-0.0004644346155647166,
				0.0005869322617907352,
				-0.0003368029992937738,
				-0.0009203724545738784,
				0.0008362758225493173,
				0.0004276920434836927,
				-0.0007856878883811987,
				-0.0008804336839014209,
				0.00031092800995440105
			],
			[
				0.00048571783526873773,
				0.0004860098409097478,
				0.0008188460705017388,
				-8.606439538566676e-05,
				0.0009700513400847104,
				0.00014771270846295078,
				0.0006631631402388761,
				-0.0004263490186996173,
				-0.0009550449821988842,
				0.00026169958950710524,
				-0.00034785911522856037,
				2.8039438109124168e-05,
				0.0005820370386430283,
				0.0004274232325587701,
				0.0006854916596052724,
				0.0008678064670656622,
				-0.0005711723578097447,
				-0.00029755335972309147,
				0.0003895772328951529,
				-0.0001595103385330117
			],
			[
				0.0005084898473559736,
				-0.00041709953762034905,
				0.0006083506256972782,
				-0.0002264817721641468,
