{
	"model_params": {
		"input_dim": 10,
		"units_per_layer": [
			20,
			20,
			2
		],
		"acts": [
			"leaky_relu",
			"leaky_relu",
			"identity"
		],
		"init_type": "uniform",
		"batch_size": 200,
		"decay_rate": 0.95,
		"decay_steps": 576,
		"epochs": 800,
		"lambd": 1e-05,
		"limit_step": null,
		"limits": [
			-0.001,
			0.001
		],
		"loss": "squared",
		"lr": 0.005655844946607864,
		"lr_decay": "exponential",
		"metr": "euclidean",
		"momentum": 0.7709349296879282,
		"reg_type": "l2",
		"staircase": true
	},
	"train_params": [],
	"weights": [
		[
			[
				0.0006585979900767293,
				0.0003020577826463064,
				-0.0003675308383205727,
				0.00029312123885190345,
				0.0007768678206721855,
				0.0002538036439928232,
				-8.510154035881441e-05,
				0.00044170148602056284,
				0.0005735430580615854,
				0.00047887498714083935,
				0.0008170480919190127,
				4.117173266836587e-05,
				-0.0003568877408902622,
				-0.000864855681155094,
				-0.0007423715667013245,
				0.0001651333565910577,
				0.00011377577807067493,
				0.0008150308138501,
				-0.0002541817836069697,
				-0.00035821433124716374
			],
			[
				-0.0004930880404917137,
				0.0004311321814962153,
				9.386738186188204e-05,
				-0.0003304219406361832,
				0.0008379234741566128,
				0.00029294766824451116,
				0.0004884499459156064,
				-0.0007389409167830427,
				0.0003936949728384565,
				0.0008897522093159597,
				-0.0009744851545524202,
				-0.0007515330615335212,
				-2.9250526113576512e-05,
				0.0009164725385928151,
				0.00046217350517071686,
				-3.1433229121979184e-05,
				-0.0002852018932776155,
				0.0008863363722497613,
				0.0007594726050375519,
				-0.0008318234721673499
			],
			[
				0.0009382798772269991,
				0.000838950307838063,
				-0.000924980521095996,
				0.0006807328270493286,
				0.0002661501435914943,
				-0.00017268146557455346,
				0.0007139941353217953,
				0.0009089239060848144,
				-9.367026899007253e-06,
				-8.924757981399205e-05,
				0.00044851226234610543,
				-0.00014336265069393424,
				-0.0008695208929014997,
				-0.0005771281129258683,
				-0.0004423760437900064,
				0.00016024473977775916,
				-0.000814301160451135,
				-0.00010081678586281622,
				-0.0003661618781030185,
				-0.000522492140909471
			],
			[
				-0.0006123085407924722,
				-0.0006570058612335128,
				-0.0008629110902309929,
				0.0008743874274247979,
				0.000578143431668346,
				-0.0007614073633869354,
				-0.0002656683914939855,
				-0.00040701016150119184,
				-0.0009286722255159841,
				0.0008180927503389985,
				-0.0006140417495654553,
				-0.0007163384342263337,
				-0.00039076662525954766,
				0.0009408725859770645,
				0.00044389644205787733,
				-0.0008789575781266023,
				-0.0009326300361010702,
				-0.0005790413036604427,
				-0.0007195532032201928,
				-0.0006597398213215209
			],
			[
				-0.0004739333424943446,
				0.0006647999059599665,
				0.0008796409695197203,
				0.0007116494741730625,
				0.00018519301422289538,
				-0.0006112176500429403,
				0.0007407455805712177,
				0.0008150149876964294,
				0.0005219268325607001,
				-0.000329175409778687,
				0.0002886510173988456,
				0.0006875915999071799,
				-0.0002791947959120542,
				-0.00042601413716415043,
				-0.0007344438091704823,
				-0.0007160973769056582,
				0.0004591083237120994,
				-0.0004240888508396821,
				0.0003879776126709817,
				0.0007613981573555504
			],
			[
				0.00013425214410377954,
				-0.0007770456170238643,
				0.00019860521100642276,
				-0.0006024904000844372,
				6.857886510608976e-05,
				-0.0009745436989850085,
				0.0006753390714151046,
				0.00045266945202912176,
				-0.0009511933345275268,
				0.0006695797034930453,
				-0.0008967028005678901,
				-0.0007202358917541463,
				-0.0002553032503063782,
				0.0006341638704670625,
				-0.00033360849777215183,
				-0.00045085095567998603,
				-0.000984318470119073,
				0.0003252068033614299,
				-0.0002231244728559456,
				0.0006298189955843561
			],
			[
				-2.4447909354107888e-05,
				-0.000174267197907972,
				0.0007850670998668244,
				-0.00023403729306130372,
				-0.0001760535029382864,
				-0.0006383842616516684,
				-0.00035706619934085086,
				0.000820209160169145,
				-0.0007746717482047559,
				0.0007315662815933601,
				-0.0008695010913379589,
				-0.0001667937100440235,
				0.0008940794036001235,
				-0.0001741207920936738,
				-0.0006706968370255253,
				-0.0009604288612412647,
				-0.0008947294726350135,
				0.0007676098123022405,
				0.0005892089705435669,
				0.0002800960745018453
			],
			[
				-0.0008032150209188241,
				0.0008564777597179674,
				1.1620863407398692e-05,
				0.000686110335947888,
				-4.230099990694945e-05,
				0.00017953931607835472,
				-0.00012000873123442621,
				-0.00018015603147274444,
				0.0009050104410512209,
				-0.0009629630882032989,
				-2.261765161477077e-05,
				-0.0009253916845013652,
				9.6142856144403e-05,
				-0.000869464797426237,
				-0.00019912659983129606,
				-0.00016138735624588493,
				-0.0005341861565738267,
				0.00041074736287491343,
				-0.0005032974910468093,
				0.0006963158127870409
			],
			[
				0.000698493418219544,
				0.0005193942653712188,
				-0.0001412340215189811,
				0.0004401131522309867,
				0.0006818831381350699,
				-0.00011719231127196481,
				0.00016586375428724077,
				-0.0002962524455102926,
				0.0004653823157049911,
				0.0005786472087145561,
				0.00038920411159455194,
				-0.0004740805311779883,
				0.0001045377921247352,
				9.074499280414794e-05,
				-0.0006465027199539042,
				-6.4594557672309e-05,
				-0.00039338812364465435,
				0.0007113117777132938,
				0.00018005901601756574,
				0.00024126228017756768
			],
			[
				0.0001341607124381724,
				0.0008544797717846243,
				-0.0007786101556311676,
				0.0001501221981558636,
				2.5068428862734006e-05,
				-0.00015811583001412873,
				0.0005544818849596714,
				0.0008355472548681718,
				-0.0009364967635364325,
				0.0002918697692830825,
				0.00032950770332429544,
				0.0006432240989074915,
				0.0002891773751267485,
				0.0004130380805052328,
				0.0007581868493977766,
				0.00021720885673017485,
				7.71409399132931e-05,
				0.0008015582485083285,
				-0.0001981860552026331,
				-0.000962695570431189
			]
		],
		[
			[
				0.000514309999044925,
				-0.00042850355735160497,
				-0.0009238084519824255,
				-0.0001670870701375877,
				0.00021459397125137415,
				-0.0005102623868125746,
				-1.0177033057671286e-05,
				-8.025513679334705e-05,
				0.0006171246283434783,
				-0.0001658415423058437,
				0.0009245380023785595,
				-0.00013843859772459124,
				0.00012109076892837098,
				0.0006460083813619054,
				-0.000640693426753268,
				0.00018309004589418115,
				-0.0002702091700460278,
				0.0008787466169020077,
				-0.000859310712733635,
				-0.0003140341629229253
			],
			[
				0.0006040541352850661,
				-0.0009546383523578588,
				0.000760030638555917,
				0.0005328189692586061,
				0.0008690795553849768,
				0.0003475016730991353,
				0.0002154797405327731,
				-0.00040938146693911097,
				0.00021223448023362668,
				-0.0002081285831356676,
				0.00015131012636893397,
				0.0005573907610008013,
				-0.00038209253116313713,
				0.00036045689259401334,
				-0.0006730727204943381,
				-0.00023466572830723993,
				0.0003289017405102904,
				0.0004413892732690653,
				-0.00039136133648186267,
				-0.00027236621834123204
			],
			[
				-0.0001020648443665486,
				0.0005319858333842661,
				-0.0009528391024964842,
				0.0005054404236973786,
				5.360544274127851e-05,
				-0.000821533971713268,
				0.000736274915836958,
				1.0950031453627485e-05,
				1.0623799237688804e-05,
				0.0008238967896294482,
				0.000979374475756566,
				-0.000866440470356143,
				0.0006532494975621239,
				-6.051364866640845e-05,
				-0.00015850928566470102,
				-0.0009158669683808476,
				0.00014647146283743397,
				0.0008704026157173137,
				0.0001538473287340926,
				-0.0007079697717898461
			],
			[
				-0.0008777810633487932,
				0.00048548253095722564,
				0.00033260339172886777,
				-0.0004134324810267043,
