{
	"model_params": {
		"input_dim": 10,
		"units_per_layer": [
			20,
			20,
			2
		],
		"acts": [
			"leaky_relu",
			"leaky_relu",
			"identity"
		],
		"init_type": "uniform",
		"batch_size": 200,
		"decay_rate": 0.95,
		"decay_steps": 500,
		"epochs": 800,
		"lambd": 1e-05,
		"limit_step": null,
		"limits": [
			-0.001,
			0.001
		],
		"loss": "squared",
		"lr": 0.005,
		"lr_decay": "exponential",
		"metr": "euclidean",
		"momentum": 0.6,
		"reg_type": "l2",
		"staircase": true
	},
	"train_params": [],
	"weights": [
		[
			[
				0.0005432312005258372,
				-0.0006912505063701109,
				0.0004160134375134699,
				0.0005558359722928805,
				-0.0006175225822416409,
				0.0006739978364952285,
				0.0005813130405953812,
				0.0008944399735854925,
				0.0001964215476305375,
				-1.9278334989837696e-05,
				-0.0008966616044672831,
				-0.000778817990677952,
				0.0007138509137093927,
				2.443425163424582e-05,
				-0.0006804470868095492,
				-0.0005670154223131588,
				0.0005334638179802054,
				-0.0009080190166590647,
				-0.0006683259344764359,
				-0.0002432904088853085
			],
			[
				-0.000749256133738952,
				0.0003004561121800304,
				0.00016731234805656857,
				0.0009366576715328187,
				0.000570455271025211,
				-0.00010658943231320155,
				-0.0009537393608757823,
				-0.0003533133534619788,
				-0.0008303021344119983,
				0.0008916587981787529,
				0.00022473674112751755,
				0.0002377048212791862,
				-5.206094112978211e-05,
				-0.0002197383069389269,
				0.0006682026901054579,
				-0.00021942346214767056,
				0.0009241210453523568,
				0.0009395397265308063,
				0.0007994302626617694,
				-0.0006309040071999137
			],
			[
				0.00013625311232644223,
				0.0008224393327759753,
				-0.0001869341327918623,
				0.0005435162898377289,
				0.0006717782199608488,
				8.545479443851822e-05,
				0.0009951483491658013,
				-3.387091125379917e-05,
				-0.0006297792765863379,
				0.0008082260902212194,
				-0.0008432496433782746,
				-1.8538450108059566e-05,
				9.122913141306442e-05,
				0.000863739233924479,
				-0.00019466917719952552,
				-0.000873765079748189,
				-0.00010029979337989236,
				-0.00040565799837060724,
				-0.00015100538799083928,
				-8.575122238065687e-05
			],
			[
				7.056324522328335e-05,
				0.0003556109283087093,
				0.00019989575737111576,
				0.0006543727078020185,
				-0.0003419880488538787,
				2.7685051977541144e-05,
				-0.0001377911970535246,
				0.0004535919113277788,
				-0.00043145589460712674,
				0.0006103394841862305,
				0.0003006630608638212,
				-0.00016454909890698064,
				0.0008067101048186251,
				-0.0008383207793540502,
				-0.0007704504946146198,
				0.0008176540345539213,
				-0.00022594807738347898,
				-0.0004898370873973239,
				-0.00012053040061218371,
				0.00037347459498368075
			],
			[
				-0.0006312926118070397,
				-0.0007584426001791189,
				-0.0008862085822909638,
				0.0005137718407111842,
				-5.140559084595726e-07,
				0.0008461464130546607,
				-0.00021181313426181438,
				-0.0004851627992253591,
				0.0001608222745499209,
				-0.0008639942282311251,
				0.0006237760709784583,
				0.000682975514059188,
				0.0004867660859570939,
				-0.00095944961034555,
				-0.000800457992515111,
				-0.0007026196459193118,
				-0.0008385240490249075,
				0.000504901101638732,
				0.0006091890681244902,
				0.00021189119721386597
			],
			[
				0.0007552938526841824,
				0.0007818896816465058,
				1.049223695562436e-06,
				-0.0006433737819730131,
				0.0008980360072059392,
				0.0009814675242651155,
				-0.0009848289373817361,
				-0.00026787755457676886,
				-0.0007656284978774448,
				-0.00026641609296844317,
				-0.0008755986841473531,
				0.00039539133691947966,
				-0.0005858120444524886,
				-0.00015163915775309158,
				-0.0009873928479583922,
				0.0005026627002938063,
				0.00022586139860915474,
				0.00048219169503482774,
				-0.00025457367427238675,
				0.0006614473887002078
			],
			[
				0.000485691816533196,
				0.00046602376748072294,
				-4.958739430846199e-06,
				-0.0003750410104594726,
				0.0009811992689827175,
				-0.0006615712743000793,
				-0.0008598436728363035,
				-0.0006849948818002936,
				-0.000555884482625465,
				-0.0007315551160746115,
				0.0004205472971491977,
				-0.000722773600660029,
				0.00018654632493372543,
				-0.000539626187385546,
				0.00028727151987838965,
				-0.0007957535521090637,
				-0.0002604201333895964,
				-0.00018243998258070393,
				-0.0002291529756638127,
				0.0009570122745197096
			],
			[
				-0.0009141611189898293,
				0.0003329818715307768,
				0.0005721037091628515,
				-0.00013761944378436165,
				-6.756773748965955e-05,
				-0.00084863858077795,
				-0.00011407659919898693,
				0.0002511215957652173,
				0.0001231978248473313,
				0.0003328831457185893,
				0.0007509119743587106,
				-1.4386047387619566e-05,
				0.0007006975000115189,
				0.000613618915578148,
				-5.0007682995197424e-05,
				0.00012081756685468651,
				0.0009111813619756173,
				-0.000762351602957317,
				-0.0006219038889152766,
				-0.0009527710611853255
			],
			[
				-0.0007154889676565064,
				-0.00030638860805324805,
				-4.3717153482159465e-05,
				-0.0004895664300247309,
				-0.00021519955744030855,
				-0.0006988680606244226,
				-0.00014754211722417933,
				-5.5381253840053974e-05,
				-0.0001910174564247742,
				-0.00026673055128751733,
				0.0009131582233073241,
				-0.00043874253904011256,
				0.0007556116814150409,
				0.0007971250311914293,
				0.0007662360520839533,
				0.0005498881677236606,
				0.00034451285731280684,
				-0.0005757297581228944,
				0.0003707574146509466,
				0.0002278720116301394
			],
			[
				-2.8344337436990268e-05,
				0.0005615631249844876,
				0.00011674338858645456,
				2.7126844751868646e-05,
				-0.0009428102833660492,
				-0.0002664712220139694,
				-0.0007670415298116967,
				-8.971108117363771e-05,
				-6.59518368910124e-05,
				0.00011645407313192542,
				0.00013230712009214382,
				-0.0002408003150640623,
				-0.0007152174609555746,
				-0.0005057028271365333,
				0.000703808559505301,
				0.0008298170093605521,
				0.00010673805676216603,
				-0.0008694349513626978,
				-0.0002094253029774946,
				0.00033148737452681504
			]
		],
		[
			[
				-0.00022559255907901447,
				0.00027965581885366106,
				0.0008588786659165279,
				-0.0004479009502974976,
				0.0007352939407197158,
				-0.00030861158550308404,
				0.0004965077703951543,
				0.0006569346777007558,
				-0.0004361075771012326,
				0.00031039198745992733,
				0.0005260714763631613,
				0.0004526541982707692,
				-1.6083093026348413e-05,
				0.00019492197666545036,
				0.0009539857279419559,
				0.0003320068459295772,
				-0.00048585080252824375,
				0.00011785574895476826,
				-0.0002728019238800179,
				0.000747701311677133
			],
			[
				-0.00025130257567444075,
				0.00016319926095206502,
				0.00038818172076004,
				0.0007187356907371125,
				0.0008005355178190346,
				-8.238435602752703e-05,
				0.0009851895226205428,
				-0.0008311619045153196,
				-0.00024310535121618913,
				7.901955771717588e-05,
				-0.0007929419382907927,
				0.0001639294147047837,
				-0.0008571784701331455,
				-7.271586768670612e-05,
				0.0005188672500677873,
				-0.00026558859855597646,
				-0.0003948787381000138,
				-0.0009682465269025061,
				-0.00014423323425994837,
				-0.0009470920647755952
			],
			[
				0.0002309022280081992,
				0.00029449027224777284,
				-0.0005571854163765801,
				0.0008728790577103884,
				0.0008107871413914275,
				0.0008770806148529428,
				0.0007815038720572676,
				-2.7323321740042156e-05,
				0.000668276163050148,
				-0.0009801907024334685,
				7.069051378716384e-05,
				-0.0009066224916933082,
				0.0006615593476557711,
				0.0004776652249734116,
				-0.0009377902491008927,
				-0.0008167688332346914,
				0.0003184525227610895,
				0.0007555172805026398,
				-0.0004257489768871714,
				0.000961241723238269
			],
			[
				0.0009362650020087993,
				0.0006209659702014192,
				-0.0002812362505748955,
				1.6349925940421046e-05,
