{
	"model_params": {
		"input_dim": 10,
		"units_per_layer": [
			20,
			20,
			2
		],
		"acts": [
			"tanh",
			"tanh",
			"identity"
		],
		"init_type": "uniform",
		"batch_size": 100,
		"decay_rate": 0.95,
		"decay_steps": 500,
		"epochs": 150,
		"lambd": 0,
		"limit_step": 500,
		"limits": [
			-0.001,
			0.001
		],
		"loss": "squared",
		"lr": 0.00891214076925288,
		"lr_decay": null,
		"metr": "euclidean",
		"momentum": 0.6,
		"reg_type": "l2",
		"staircase": false
	},
	"train_params": [],
	"weights": [
		[
			[
				0.000683583113515581,
				0.00020202908501784503,
				-0.000268583192196886,
				-0.0009599310283375307,
				-0.0007763578133434928,
				0.0009189541734885452,
				7.444425160766733e-05,
				8.72034504070618e-05,
				-0.00045332548654391006,
				-0.00034702147770516165,
				-0.0006378569499864375,
				-0.000845629000026781,
				0.000730665648804185,
				0.0007942714137070502,
				-0.0002774059843149839,
				-0.0008891034965978124,
				0.0006885540672340654,
				0.0007756026085939632,
				-0.00020336136288640636,
				0.0008072692727192938
			],
			[
				0.0009201573490394651,
				0.0003009174334718456,
				-0.0005818026059508214,
				0.0008782207262388873,
				-7.773378506879315e-05,
				-0.0006099647443137761,
				-1.1474488006687827e-05,
				0.0006987948146081871,
				-0.0004006683186208844,
				0.0006282184101975843,
				7.017343353728114e-05,
				-0.0008044548442734052,
				3.0540098671599444e-05,
				0.00035372022832878846,
				0.00010018284783090345,
				-0.0006424111038284249,
				-7.042256952306673e-05,
				0.0005329302528638714,
				-0.0009282328591797475,
				-0.0003380135109246218
			],
			[
				-0.00037209583072377224,
				0.0004736603032664535,
				0.00036499799901933225,
				0.0009656017991560638,
				0.0008464357776069857,
				0.0008490597687974234,
				-0.0005206862370749374,
				0.0001135819469931475,
				-0.000661267711826361,
				-0.000979347266737484,
				-0.000715057966064508,
				0.0006568141646865874,
				0.0008719203552086177,
				0.00016177420272233995,
				-0.0003639430573304863,
				0.0008031070520520048,
				0.0005376905989864175,
				0.00032191545129424035,
				0.0006307274429630944,
				0.00046632148524504164
			],
			[
				0.00027084746968539827,
				-0.0006044384905500909,
				-0.0005176767750360326,
				-0.0007930545511917152,
				0.0004990305024995937,
				0.00024919979136469326,
				0.0006368460168781477,
				2.0775259282548777e-05,
				6.944789880459134e-05,
				-0.0004213149441763881,
				-0.00015824007937935815,
				-0.0006858444050185197,
				-0.0007616221457334906,
				0.0007334939937034422,
				0.0003163413178227368,
				0.0009235176184447971,
				0.0004629580387206765,
				-0.0005209323125757973,
				-0.0007422029652001256,
				-0.0002569641544540489
			],
			[
				-0.0008254773545426928,
				0.0004853422995154898,
				0.00046627846856648844,
				-0.0001460169083993139,
				-0.0009597730160415013,
				0.0004533042253319509,
				0.00024148456163282546,
				-0.000694050254510126,
				0.00013229404989878435,
				0.0006977173699563568,
				0.0005128029657869072,
				-0.0007346465940018736,
				-0.0005756288423739609,
				-3.6988366269103106e-05,
				-0.0007266689187231068,
				0.0007353142759809585,
				0.0003199352726965916,
				0.0003847898809494236,
				0.0009404397864310613,
				-1.801820277194167e-05
			],
			[
				5.1864601846837114e-05,
				-0.0009491463916208809,
				0.0001899584726993541,
				0.0009072705446482767,
				0.0004456068970320453,
				0.0007123198259041761,
				-0.0009732694776725339,
				0.00019229822362223752,
				-0.00043359800498459845,
				-0.0007688891488367706,
				0.0009565992069344403,
				-2.032060379304865e-05,
				0.000972395257524147,
				0.0003153135457103957,
				0.0001898651195222365,
				0.00042091143895959865,
				0.0009284970412735732,
				-0.0009135495338887599,
				-8.160414845546015e-05,
				-0.00037868298563828516
			],
			[
				-0.000658333570333678,
				-0.00039355775076694926,
				-0.0008946807261550359,
				0.0007521553555481374,
				-0.0005004499064206376,
				-0.0007405888647259357,
				0.00037176729229426806,
				0.0008953899021117962,
				0.0001443864008971547,
				0.0002513841603249522,
				0.00024534395637579374,
				-0.0006013252592871184,
				0.0005328407536281889,
				0.0005692399692259827,
				0.0005425014255377892,
				-0.0009662346527917867,
				-0.0006019442607454417,
				-0.00021375083830573426,
				-0.00022798986130621748,
				-0.0006717100842654087
			],
			[
				-0.0006391276591693953,
				-0.00023373410940221188,
				0.0003892063492499107,
				-0.0004292162348676907,
				0.0005093393751461645,
				0.00014047681029608918,
				0.00018912633876433946,
				0.0007177897502252959,
				-0.0006293433965686994,
				0.0007699100410954842,
				-0.0008521323430084793,
				-0.0002680500706001734,
				0.00019465038618388933,
				0.0009512099883571465,
				-0.0006122832667227252,
				-7.215006312195427e-06,
				0.00014044821689225572,
				-0.0007785861629516048,
				-0.0002228095440885944,
				0.0001391255489070441
			],
			[
				0.0005939077804752845,
				0.00012980171339072965,
				0.00041980137143633744,
				0.0006535338025665412,
				-0.0001812762511382444,
				0.0009160907389437159,
				0.0001531497114803798,
				0.0009499135147906443,
				-0.000688508067111887,
				0.0006732110530640152,
				0.0009594986324953092,
				-0.0009388229834978537,
				0.00045313849613158597,
				-0.0006426244944817987,
				-0.0008307259368607443,
				0.00010292533376306213,
				0.00047871026846338523,
				-8.498346729656349e-05,
				0.0005469025711206965,
				-0.0008358747382976715
			],
			[
				-0.0007567226985631212,
				2.151851542614479e-05,
				0.0008322109943149577,
				-0.0008461721983280073,
				-0.0007380609533843039,
				0.0005922414892833637,
				-0.00022342378223978818,
				0.0008887094693334078,
				-0.00048795687751817445,
				8.37156088171389e-05,
				-5.320750284653025e-05,
				-0.0007561705312276843,
				0.0006453553195144453,
				0.00016375315018954937,
				-7.076494204834782e-05,
				-2.072554246965717e-05,
				-0.0006278151696058356,
				0.0004631021410252266,
				0.0001754382049336679,
				4.763173268266651e-05
			]
		],
		[
			[
				-0.00047283878905111584,
				-4.4944361159974426e-05,
				0.0007008219500758278,
				0.0006281875087017317,
				-0.0006791966782672918,
				-0.0006247240415747704,
				-0.0004596852441844672,
				0.0006551637967825224,
				0.0001442098075053399,
				-0.0005531319328854962,
				-1.5228324525026586e-05,
				0.00026452146812876057,
				0.0006613420705447702,
				0.0001567447768124671,
				-0.0008721842873232067,
				3.2004537619816044e-05,
				0.0008852458298623266,
				5.1209162175989194e-06,
				-0.00011905723835640373,
				0.0005444369982375399
			],
			[
				-0.0004960908159519686,
				0.0009104277328231994,
				0.0007751043697951019,
				-0.0005802947341944225,
				-0.00044281057188567203,
				0.0009386054915556466,
				0.0005378156655952695,
				-0.00018659216718144367,
				-0.0006160996606455115,
				0.00047149005586699525,
				0.000577215358929581,
				-0.00016900122887258213,
				-0.00033985614009483453,
				-0.0007283593455595219,
				-0.0007592241238834315,
				-0.0009764319056815978,
				-0.00020137995571663865,
				-0.0008394502122866543,
				0.0008800014809658748,
				-0.00029268046428479195
			],
			[
				0.00038917017785758986,
				-1.237928896051033e-05,
				0.0009248641602899457,
				-0.0007015439363161567,
				0.00036178101485686187,
				0.00038698706978099813,
				-0.00037955626922008044,
				-0.00045734495167289624,
				-0.00032583577457682544,
				0.000525840931295618,
				-0.0003800151470104893,
				0.0005768499885638438,
				-0.0006482902429299521,
				-0.0006077329378837266,
				1.6945242089618732e-05,
				-0.0008056790053984234,
				-0.0004643775232573824,
				-0.0006358286920598386,
				0.000811322883641135,
				7.767557996928172e-05
			],
			[
				0.0007752045722364809,
				0.0002734475344824223,
				0.0005461769703305425,
				0.0008078022877948737,
				-0.00012037704202283092,
