{
	"model_params": {
		"input_dim": 10,
		"units_per_layer": [
			20,
			20,
			2
		],
		"acts": [
			"tanh",
			"tanh",
			"identity"
		],
		"init_type": "uniform",
		"batch_size": 100,
		"decay_rate": 0.95,
		"decay_steps": 500,
		"epochs": 150,
		"lambd": 0,
		"limit_step": 500,
		"limits": [
			-0.001,
			0.001
		],
		"loss": "squared",
		"lr": 0.01,
		"lr_decay": null,
		"metr": "euclidean",
		"momentum": 0.6,
		"reg_type": "l2",
		"staircase": false
	},
	"train_params": [],
	"weights": [
		[
			[
				0.0007407309355912397,
				0.0002873062738329786,
				-0.0008380885919208024,
				-0.0006623681877101426,
				-0.0008637077438891106,
				-0.000437892801848298,
				-0.0003779479394085903,
				-0.0008482629463760459,
				-0.00027447217971972673,
				-0.0009973441612232048,
				-0.0007309800456166133,
				0.0001575513644983587,
				-0.0002484298013507686,
				-0.0009605086559690988,
				0.00040870152486039346,
				-0.0002597376884717606,
				-0.0008937094123177205,
				0.0007436631053376584,
				0.0009328097892277393,
				0.0007282131381172656
			],
			[
				-0.000381369384262092,
				0.0006405613200032325,
				-0.00025843054425089677,
				0.0008363981749094907,
				-0.0009301183251995391,
				0.000325116944920389,
				6.489042573801598e-05,
				0.0005633908021506087,
				0.00011145443712944785,
				0.00011276954082356234,
				0.0007591201442785904,
				0.0009977242748499043,
				-0.0002792272948221688,
				-0.0003268309912492633,
				0.000824099299091402,
				0.0005069351790405957,
				0.00017470467076806644,
				-0.000193794522582702,
				-0.00044875373583216894,
				0.0008051578836299723
			],
			[
				0.0008942189924378127,
				-0.00011498206492553025,
				0.00044581269226826145,
				0.000387456880390777,
				0.00018678592759815852,
				0.00022053090241096825,
				-0.000410077754106891,
				0.000652438803386962,
				-0.0007571112237583126,
				0.00044032281562535126,
				-8.192945508430434e-05,
				0.0008724455533975237,
				-0.00013294259051927024,
				-0.0006069381226463202,
				0.00020315453120872077,
				0.0007343732123228236,
				-0.000379226471314138,
				-0.0004844064741707175,
				-0.0007191829494937874,
				-0.0008044101872054486
			],
			[
				0.0009097480782156522,
				-0.00043008338551463405,
				0.0005511670607408975,
				-0.0008257356533684082,
				-0.0005773806009812954,
				-0.00024067653767396438,
				-0.0004951475843043543,
				-0.0009881198897967118,
				-0.0007366667860995045,
				0.0007574203495195159,
				-0.000817307406792083,
				-0.00029570688844296304,
				-0.0009558084395238595,
				5.3535679648086245e-05,
				-0.0002048308720847687,
				-0.0006935378377440722,
				-0.0009919927787759503,
				-0.00044246748496603683,
				-0.0008094090814816879,
				0.0003229573634151847
			],
			[
				-0.00011291518787409638,
				0.00041994927173335085,
				0.0007015767556706569,
				0.00020491804264777627,
				-0.0007009582321338834,
				0.00019716312719610845,
				0.00034008213667488236,
				0.0004887661786237018,
				0.00047515645724876816,
				0.00035230084241012413,
				-0.0003779742445897094,
				-0.0004349768129785176,
				-0.00028360059550775233,
				-0.0007831015866644314,
				-0.0006347528618141227,
				-0.0008504055985189007,
				-0.0002850184991422611,
				-0.0008575666002349374,
				0.0006520450957291663,
				0.0005003652868538525
			],
			[
				-0.0003354101848591616,
				-0.0005284867178659876,
				7.141856871754437e-05,
				-0.0005068880375345302,
				0.0007078438572932831,
				0.0008061444702216623,
				-7.07978345034486e-05,
				-0.000780657447133183,
				-0.000805221158536831,
				-0.000101734499204595,
				-0.0003257209496797897,
				-0.0004768727718800394,
				0.0007841914249309616,
				-4.001625690734905e-05,
				0.0007645640407051278,
				-0.0003273937234330093,
				0.0006553196931064667,
				0.0005719258812051033,
				0.00018219263315973392,
				0.00014034939760481095
			],
			[
				0.0001503857064033005,
				0.00036321186959415146,
				0.0009058367153629008,
				-0.0007862222596997235,
				0.0009236052768108979,
				-0.0008430031273348686,
				0.0008051317748353007,
				-0.0007033663097682596,
				0.0007988531601077192,
				0.0006680481836032919,
				0.0008957615183481464,
				0.00043591285140262776,
				0.0004985469073667619,
				-0.0009613998732621964,
				-0.000638204533348268,
				3.197458183113659e-05,
				-0.0005808540116576233,
				-0.000938179138147965,
				-0.00031058758719274525,
				-0.00024989287488703417
			],
			[
				-2.4477871595201682e-05,
				-0.0003246471368083377,
				0.0008000273762435661,
				0.0006615787810864632,
				0.00038586498986945775,
				0.00040848831298144267,
				0.0002694640293938338,
				0.0009175921359937992,
				0.00046629179469557754,
				-0.0009515121465732326,
				1.6046342928331594e-05,
				0.0004514340468690632,
				0.00038621399789431714,
				-0.0005013382748872773,
				-0.0006657030401073767,
				0.0009759516615372422,
				-0.0004963990890868464,
				0.0003395127400279607,
				-8.792114198581669e-06,
				-0.00015338081366810875
			],
			[
				-3.433100066899434e-05,
				-0.0005037695288020447,
				0.00010085708552940299,
				0.000500983784373349,
				0.00012543440843655889,
				0.0008374117207485467,
				0.0002559241553130537,
				0.00047988629698048047,
				0.0007760210071830443,
				0.0008090089119144757,
				-0.0006062740435768363,
				-1.0417189602409489e-05,
				0.00025829876474095753,
				-0.0005857352625197674,
				-0.0007516455822236829,
				0.000602106728483097,
				-0.0008648338096760449,
				-0.00026813115626689906,
				-0.000975929328684733,
				0.0008480628147018584
			],
			[
				-0.0001838505825452983,
				0.00030096204458943967,
				-0.0006365681779096316,
				0.0008115564799127167,
				-0.0008169192087155488,
				0.0002666576485979705,
				-0.0007156141693311618,
				-0.000371089735237756,
				0.0007639073198126094,
				-0.0004911354481033528,
				-0.0004800236010201271,
				-0.000205207106078936,
				0.00038960735032999433,
				0.00017560900838453262,
				-0.000914358485013777,
				-0.00019489970349388305,
				0.0007151215151746306,
				0.00027349801447469515,
				-0.00020583953780788696,
				-0.0007716371211813052
			]
		],
		[
			[
				-8.01892522997612e-05,
				0.000916748719190249,
				-0.00034454401966359965,
				0.0009733333365942302,
				-0.0007042649187694208,
				0.0002831059422351116,
				-0.00032885382205107927,
				2.5251035218499347e-05,
				-0.0005144025642406791,
				-0.0009548264894465039,
				-0.0006919738905038177,
				0.00033987057139851285,
				-0.00031910863539753366,
				-0.0006282566704040946,
				-0.0007210393094653235,
				0.0003010152969047887,
				0.0005447001788704666,
				0.00023192319692831478,
				-0.000471366242445064,
				-0.0006756266838702331
			],
			[
				0.0008164792695120541,
				-0.0009371529348155081,
				0.0006226118126004411,
				-0.0003498508151794762,
				-0.00028231240637117147,
				-0.0009195953037825192,
				-0.0001230651289486429,
				-0.00023533045023646168,
				0.0006576322586166227,
				-0.0008485544108662524,
				-0.0006974992635627802,
				-0.000903742844641489,
				7.568552861884795e-05,
				-0.0002046719194767337,
				-0.00051352682555568,
				-0.0008538620944039497,
				-0.0009492275689999692,
				-0.0005380050385351517,
				-0.0005421453382278565,
				-0.0003297067258757573
			],
			[
				0.0002460454855011693,
				7.268100201987711e-06,
				-0.0005717694154686961,
				-0.00026005122270967586,
				0.0002955149993432054,
				-4.035276138004268e-05,
				-0.0005114784850691088,
				0.00025489257618902883,
				0.00020372112007618058,
				-0.00021079865788095132,
				0.00032859452206029016,
				0.00028701985028163624,
				2.353474202937086e-05,
				0.00030124047877251267,
				0.0009559871879966956,
				-0.00045154101598762677,
				-0.0007035473944536064,
				0.0007442920093991561,
				0.0005444849783908373,
				-0.000560811093117599
			],
			[
				0.00015537243823780214,
				-0.0008386998441959866,
				0.0007198641439109224,
				-0.00014714489785847267,
				0.000976802088912201,
