{
	"model_params": {
		"input_dim": 10,
		"units_per_layer": [
			20,
			20,
			2
		],
		"acts": [
			"leaky_relu",
			"leaky_relu",
			"identity"
		],
		"init_type": "uniform",
		"batch_size": 200,
		"decay_rate": 0.95,
		"decay_steps": 500,
		"epochs": 800,
		"lambd": 1e-05,
		"limit_step": null,
		"limits": [
			-0.001,
			0.001
		],
		"loss": "squared",
		"lr": 0.005,
		"lr_decay": "exponential",
		"metr": "euclidean",
		"momentum": 0.6,
		"reg_type": "l2",
		"staircase": true
	},
	"train_params": [],
	"weights": [
		[
			[
				-0.00011023089207569576,
				0.0004887953582297802,
				2.0202171403692652e-05,
				0.0007844646380726252,
				-0.0003623820579258195,
				-0.0005915163468816893,
				-0.0005582555304132139,
				0.0009303826241916732,
				-0.0003856126871663168,
				0.00036189193999659427,
				-0.0008856293676742883,
				0.0006219865969485448,
				-0.00014704873817016312,
				0.000988142043725341,
				0.0002757771654501686,
				0.0006656528565340515,
				-0.0008756864349830475,
				-0.0005233580849946695,
				0.0007017926664025817,
				0.0004984515725472186
			],
			[
				0.0008192598942563271,
				2.3230208118094975e-05,
				0.00016996460746939173,
				0.0008124221272502361,
				-0.0008911515217427225,
				0.0009551093919078161,
				-0.0008341528268274371,
				0.00033695257284844984,
				-9.482457179112267e-05,
				-0.0006821497225111709,
				-0.0007615418743324389,
				-0.0006292423909705951,
				0.0007726579606078918,
				-0.000364696901417963,
				0.0005387298921500515,
				0.0007039749294101615,
				-0.0005696812691914026,
				0.0008495566106576707,
				-0.00013553378206575294,
				-0.0007517694036828231
			],
			[
				-0.0006846881442482751,
				0.0008754271415218943,
				-0.0003443277683666746,
				0.0008480348685516244,
				-0.0006404725870663964,
				-0.00038492085007779946,
				-2.152100755715351e-05,
				-3.8059050096397526e-05,
				0.0005880071486260767,
				-7.860154941676596e-05,
				6.896127653647078e-05,
				0.0005110389910442227,
				-0.0006602586352515024,
				-0.0007972531027176828,
				0.0005092245729159228,
				-0.0009451015012079327,
				-0.0004444632497423781,
				-0.0007128442097937898,
				0.0006513284648176772,
				-0.0007829217484913822
			],
			[
				-0.00092311095691924,
				0.0006073097371239085,
				0.0007636832755959662,
				0.00010012827481593314,
				0.00012105840928551396,
				9.911395933537878e-05,
				5.769550681911139e-05,
				-0.0005873217498420815,
				0.0005280970369341115,
				0.00016861694145429203,
				-0.0005120086350700006,
				-0.00019313031743935975,
				0.000961897418620359,
				-0.0003498767627321766,
				0.0009539893752360654,
				0.0007212981847064771,
				0.0006586102860098436,
				-0.0009214299788474927,
				0.0004693404713494256,
				0.0003582425549769185
			],
			[
				-0.0009455600265977695,
				-0.00011646149365355954,
				0.0008517166113448538,
				0.00020515551406952745,
				0.00018154230463526366,
				-0.0004942818172385373,
				-0.0005567184322984542,
				0.0007660695595054431,
				0.0002915245192785987,
				3.29576770922073e-05,
				0.0003686430184899217,
				-0.0003120926747013659,
				-0.0003123598594328798,
				0.0007874310210441112,
				-0.0008635514571919513,
				0.00016227465536604378,
				-0.00019034783383628604,
				-0.00011409628091397519,
				0.000847872363713525,
				0.000385649316212721
			],
			[
				-0.0005320019491109171,
				0.0006112154763140149,
				-0.00022694694521163238,
				-0.0007133497105440664,
				0.0002333846023622368,
				-0.0007101818860498733,
				-0.00019636590929687303,
				-0.0002911068572967661,
				-0.0009445507680717204,
				6.42943463541757e-05,
				-0.0006869485354982308,
				0.0008032869590510784,
				-0.0006907947708607629,
				0.000849611347831404,
				-0.0006981290922858485,
				-4.400415045940735e-05,
				0.0007016256390386284,
				-0.000658498214071785,
				0.00041261968132211323,
				-0.0008651487703527267
			],
			[
				-0.0001913894229234361,
				0.0009131552038848863,
				-0.0008353336027198166,
				0.0004142184133925134,
				-0.0005807551252969352,
				-0.0009014640905208502,
				1.8029598074305276e-05,
				-0.00045380937346819225,
				0.0004150165720840774,
				-0.00018090331856800243,
				0.000679023690368205,
				0.000840458889803775,
				-0.0007790452345478689,
				-0.0003989492575950386,
				0.00016890040866382222,
				-0.0006514783110069715,
				-0.000858295833363113,
				-0.0007425777266605585,
				0.0008704418310599741,
				0.00023689922778997443
			],
			[
				-0.0008613679033055466,
				-0.0009223152237505439,
				0.0005170280457157215,
				-0.0007845113879215403,
				-0.00013099324384788225,
				-0.0007467237872843393,
				0.0002532568070202363,
				0.0007058665913224492,
				0.0006507454651545495,
				0.0008617548760722225,
				-0.00042041224977242984,
				0.0007887874559949582,
				-0.0001835534158496564,
				-0.0003382044953423107,
				0.0009357398665022524,
				0.0005764027694869843,
				-0.0008109954994759705,
				0.0003324062815036387,
				-0.00038766538980635,
				0.0009237986767176175
			],
			[
				-0.00021327951011263586,
				-0.0007932727424540642,
				6.656261431012517e-05,
				0.0002783768462921287,
				-0.00034229712985205964,
				0.00010369353898622064,
				-0.0006774213554953057,
				0.0004286965885323896,
				0.00023846423700816946,
				0.0005121580468318823,
				0.0003981688443625798,
				7.042792685671125e-05,
				0.0007796131873155324,
				-0.0005555952172605419,
				0.00035738712849652334,
				0.0006183621088877572,
				1.8434341152682174e-05,
				0.00046670124419237176,
				0.0001798819474405247,
				-0.0005759224353491304
			],
			[
				-0.0005002517845805414,
				0.000684845071889048,
				-0.000429140839562115,
				0.00047422172793537467,
				0.0007991469989862246,
				0.0009061555354726006,
				7.637601138501984e-05,
				0.0003628585922562783,
				0.0004945869456872188,
				-0.0007940128590968898,
				-0.00026935916385141057,
				-0.00077961133031507,
				-0.0009005897820119857,
				0.0007117708033329453,
				0.00012831228679097096,
				0.0002692167359782537,
				-0.000954036044626935,
				0.0007346949846793317,
				2.378809169238487e-05,
				-0.0005073525267522672
			]
		],
		[
			[
				0.00032669872889531546,
				0.00028386063620059496,
				-0.0005098888071040906,
				0.0004502352157816972,
				-0.0005844671936319915,
				0.00010423473870316237,
				2.1869939153641455e-05,
				8.423040695455125e-05,
				-0.0009059781112823282,
				0.0007925202185485186,
				-0.0007149708774327351,
				-0.00045271956371372183,
				-6.766466694659305e-05,
				0.0005499345609626732,
				-0.00016250802109172376,
				6.853998327253333e-05,
				0.00033055545824250574,
				-0.0005312926099924221,
				0.00012417757967269423,
				-0.00048006049672027573
			],
			[
				0.0002958564149237164,
				-7.6741103024564e-05,
				0.0003969710492174221,
				-0.0007477760353198944,
				0.00013530477246455927,
				0.0005422551744307699,
				-0.00022978137868879807,
				-0.0008518971449300239,
				-0.0006724160274214861,
				0.0006957073987198354,
				-0.0009477464727946568,
				-0.0005897593234875049,
				0.00043706804993172833,
				0.0004158603218432674,
				-0.0002365970631191701,
				-0.0007398382466180726,
				-9.892843549988179e-05,
				-0.00013412750511498039,
				-0.00037394975785678877,
				-0.0009456172775054799
			],
			[
				0.0004489008843075967,
				0.00017416877169377154,
				0.0009436157946197984,
				-0.0007019429089602729,
				-0.0007453840334671581,
				0.0008470856133085021,
				0.0005974095416816005,
				-0.0006708829171402167,
				0.0005997491731821211,
				-0.0008131480790085404,
				0.0005489877601131021,
				-0.0003961340062533698,
				5.917735328088598e-08,
				-0.0002879837770161176,
				-0.0009023229529530026,
				-0.0008079442273970994,
				-0.0006025317462701981,
				0.0006645208917386478,
				-3.6241331733159396e-06,
				-0.0009877293405659863
			],
			[
				-0.00012732022398364619,
				-0.0009781876311506905,
				0.0006524741161787226,
				-0.0005087504398572469,
				-0.0005294225270355982,
