{
	"model_params": {
		"input_dim": 10,
		"units_per_layer": [
			20,
			20,
			2
		],
		"acts": [
			"tanh",
			"tanh",
			"identity"
		],
		"init_type": "uniform",
		"batch_size": 100,
		"decay_rate": 0.95,
		"decay_steps": 500,
		"epochs": 150,
		"lambd": 0,
		"limit_step": 500,
		"limits": [
			-0.001,
			0.001
		],
		"loss": "squared",
		"lr": 0.00891214076925288,
		"lr_decay": null,
		"metr": "euclidean",
		"momentum": 0.6,
		"reg_type": "l2",
		"staircase": false
	},
	"train_params": [],
	"weights": [
		[
			[
				0.0008655130783056146,
				-0.00020145416602550335,
				-0.0008553901668894967,
				-0.00021374316982963946,
				0.0005364208089140171,
				-5.8217590550141396e-05,
				0.0005629875665877936,
				0.0001288834270664601,
				-0.000788031243783202,
				-0.0005951120259126848,
				-5.832207280698535e-05,
				0.0001696642941027308,
				-0.0002716013274069436,
				0.00031251887506301697,
				-0.0001777260420561588,
				0.00018257337979666471,
				0.00011044160024889504,
				-5.809400335009675e-05,
				0.0006872877710752969,
				-0.00033854520962046865
			],
			[
				0.0005025929830337909,
				-0.0006717879157667067,
				-0.0002504661252185174,
				-0.0008141194655685267,
				0.0005668202032726396,
				0.0005647903062952519,
				0.0005662212532070335,
				0.00029028203363892,
				-0.0007496800460490103,
				0.0007007885856399074,
				0.00017456707560575282,
				0.0006187302404488265,
				0.0002542378947916126,
				-0.00036596496690965324,
				-0.0006541766495209121,
				-0.00029383164097439177,
				-0.0008104228099036557,
				0.0002271852904165879,
				-0.0006757861136676104,
				-2.6603640134625905e-05
			],
			[
				0.0006363575638120868,
				0.0007351214278223832,
				-0.000551268944740531,
				0.0003244269652368469,
				-0.00037154285166187946,
				0.0007379320167445519,
				0.0008060893472186215,
				-0.0005396546328850103,
				0.00019390201553811152,
				0.0005697131211662579,
				-0.0008008902653954646,
				0.0008978382048757654,
				-0.0007070091276041586,
				0.0009154608824299005,
				0.0009563258134063436,
				-9.173832785314411e-05,
				-0.0005031780504203081,
				-0.00033142150017457703,
				0.0006137482649638277,
				-0.0009841778864111798
			],
			[
				-0.0007999362941125106,
				0.0005743974851619724,
				0.0008201416494769873,
				-0.0005815493941995235,
				7.766964912759981e-05,
				-0.0009795663358364265,
				0.00040625776445293036,
				0.000836610544279737,
				0.0005878497349117104,
				0.0008655085044944209,
				-0.00016633870726308223,
				-0.00039020849514946425,
				0.0007781651163806199,
				-0.0004726753510499508,
				-6.585358624211501e-05,
				0.00019606712948449525,
				0.0005542049706128821,
				0.00012463492699311008,
				-0.0009386295357628207,
				-8.832993214465026e-05
			],
			[
				0.0007218746308397174,
				0.000415610024096649,
				-0.0005191629159305899,
				-0.0005459005191362727,
				-0.00010999948587600095,
				0.000483554849057301,
				0.00021704772902390868,
				0.00014260472844841135,
				-0.0004418388773584994,
				-0.0008455188733336796,
				-0.0006746476403359067,
				0.0009688217367420184,
				-0.0008628365909191698,
				0.0008576481398332469,
				0.0004873669517985544,
				-0.0009464563184337443,
				0.0007536459393008323,
				-9.19219325787033e-05,
				0.0009392479342340454,
				-5.511809479681487e-05
			],
			[
				-0.0006641459323084968,
				0.00015858560708561847,
				0.0009956620149095025,
				-0.0006960939593554398,
				0.0009329778920063021,
				-0.0009405111012931629,
				-0.0004480541145718553,
				0.0008808908594519296,
				0.0001425651481053588,
				0.0001517248973528164,
				-0.0001662748689075297,
				-0.0006620581920040009,
				0.0002482823016363143,
				-0.0002508454406155207,
				-0.00081974036186623,
				-0.00042941847009108876,
				-0.0009606399251251698,
				0.00067138710235722,
				-0.0004995869262032471,
				-0.00033588370236250034
			],
			[
				-0.00019286370628848347,
				0.0008963082110389747,
				0.0009678827382310256,
				0.0007529407930044281,
				8.024293769156253e-05,
				-7.01667082088391e-05,
				-0.0003473599668521299,
				0.0006118236873498548,
				-0.0008559209776782049,
				-0.00038956762236253125,
				0.00012181935973233702,
				-0.0004739393178170077,
				0.00018373954964248564,
				0.0004362822466028903,
				-0.00045053273794135127,
				-0.0005042880347311998,
				0.0005058297106256293,
				-0.00032122546657262533,
				0.00023695337617666385,
				-0.0001647891165864106
			],
			[
				2.3224455004420283e-05,
				-0.0008165050338985767,
				-0.0006535737291675041,
				0.0007451951618108778,
				0.0005568010661152365,
				-0.0003881368681091068,
				0.0006861134582874049,
				-0.00028101547680401144,
				0.0008210603649287192,
				-0.0004208053888495625,
				0.0006636208390259043,
				-9.46240405520466e-05,
				0.0005236567934630528,
				-0.0004836698779752084,
				0.00019020766488495587,
				0.0009112125550435727,
				-0.0007206033272270414,
				-0.0006800470325839425,
				2.144459236071627e-05,
				0.0006599089924382185
			],
			[
				0.0006357231942540852,
				-0.0009313403125345177,
				4.191459959431874e-05,
				-0.0005048868854365167,
				0.0007911891437303049,
				0.0009979829966421262,
				-8.816217031690557e-05,
				0.0007153767039248568,
				0.0009273011541106205,
				0.0007278576705919033,
				0.0005818046808390351,
				-0.00014057492017785012,
				-0.0005309048359637284,
				-0.00031621497222028897,
				-0.0002957056547882815,
				-0.0004873908866344014,
				-0.0006695408347002329,
				-9.236136428732026e-05,
				-0.00029593963899519405,
				-0.0002968407451906858
			],
			[
				6.41989789983621e-05,
				-0.00022258820673650857,
				-0.000125193327560563,
				0.0006604340743234323,
				0.000940792647727785,
				-0.0006694065237894264,
				0.0005606412450961584,
				-0.0006673015114576886,
				0.0006413772620262276,
				0.00044542668304547767,
				-0.0004929696649413569,
				-7.032320024748316e-05,
				0.0004297977707256816,
				-6.379323309816526e-05,
				0.000817940781644739,
				8.990932787231458e-05,
				-0.0008451010988811301,
				-0.0003608766961000962,
				0.0007128715730308445,
				-2.983510614576869e-05
			]
		],
		[
			[
				0.00038194562739547397,
				0.0009047792058174886,
				-0.000916045281740385,
				-0.0009399237891417478,
				0.0006455410515599596,
				0.0009734689950959496,
				-0.00025473903412386446,
				0.00017296733837381204,
				0.00025586128377719144,
				0.0007921719535263303,
				0.00022841255111081572,
				-0.0005791859484297597,
				0.0004451910249506253,
				0.0007573847454413309,
				-0.0005203211000750474,
				0.00012064173375909569,
				-0.0008557000228828357,
				-0.0007042159584929815,
				-3.650360450820815e-05,
				0.0005360877546963668
			],
			[
				-0.000314505921513939,
				-0.00031302452142322346,
				0.000448086150080369,
				-0.0005669520311568874,
				-0.0006590971159245282,
				-0.0004468519174560704,
				0.0009100202314646598,
				0.0009935058399705458,
				-0.0003254071731097259,
				0.00042324104304452756,
				0.0007793996242928462,
				0.000134807369438142,
				-0.0006779564980842006,
				0.00036354885714453265,
				-0.00026190414283977167,
				0.00017530769558674877,
				-0.0005588141674570189,
				-0.00046467256719810886,
				-0.0009252585914937162,
				-0.0006398807293552396
			],
			[
				-1.2534718844581976e-05,
				0.00013110828825094178,
				-0.0009064934059420269,
				-0.0007007116627419294,
				0.00016459086690749354,
				0.0006313997770109839,
				-8.219280619097067e-05,
				0.0005836355909593935,
				4.8816299257884886e-05,
				8.688631099017523e-05,
				-0.0007227072071947207,
				0.00011200371676761689,
				0.0008649612580816882,
				-9.502689245441593e-05,
				-0.00037013960500557636,
				-0.0008849361408830214,
				0.0002780090390902849,
				-0.0003172357413183274,
				0.00023600628533428504,
				-0.0007338560117505048
			],
			[
				-0.0006218216756714212,
				0.0007221678707409905,
				0.000712793352371489,
				0.0007506676586384641,
				0.00046476827292078553,
