{
	"model_params": {
		"input_dim": 10,
		"units_per_layer": [
			20,
			20,
			2
		],
		"acts": [
			"leaky_relu",
			"leaky_relu",
			"identity"
		],
		"init_type": "uniform",
		"batch_size": 200,
		"decay_rate": 0.95,
		"decay_steps": 500,
		"epochs": 800,
		"lambd": 1e-05,
		"limit_step": null,
		"limits": [
			-0.001,
			0.001
		],
		"loss": "squared",
		"lr": 0.005,
		"lr_decay": "exponential",
		"metr": "euclidean",
		"momentum": 0.6,
		"reg_type": "l2",
		"staircase": true
	},
	"train_params": [],
	"weights": [
		[
			[
				-0.000477137914710205,
				-0.000320533014146158,
				-0.0002795859214858625,
				0.00037226055600318004,
				-0.0006047468092115454,
				0.00048442966249931537,
				0.0005941204229377058,
				0.0005338282528553873,
				-0.0004914037053629177,
				5.0161530450268084e-05,
				-0.0002129282340818697,
				-0.000695540103374765,
				-0.0007204277679791582,
				0.0007410006017965001,
				-0.00041965814516054195,
				-7.2628378953200345e-06,
				-0.00044518314750374623,
				-6.995581223961337e-05,
				-0.0005367707043960273,
				-0.0006554282565819475
			],
			[
				0.000780121649122875,
				0.0002612752338598506,
				0.0002398329617871657,
				-0.0002494974578261509,
				0.0009647657562271601,
				0.00039144586207589096,
				-0.00013183972171965878,
				-0.00018398601419239544,
				-0.00033787063338420944,
				-0.00044496134846458,
				0.0007433572995221432,
				0.0005955071076987086,
				0.0007179592206224719,
				-0.00015691192247994337,
				-0.000983205404805059,
				0.0002942717882206951,
				0.0005502098767587744,
				0.0007827581370253942,
				-0.0004035610215155261,
				0.00039413736118865724
			],
			[
				-0.00047780923470400465,
				-0.0008063753274174233,
				-0.00029610293084712986,
				0.0009291330406042784,
				0.0006400192801758755,
				-0.0007533509892292285,
				-0.00015506727007125784,
				-0.0007664116165770705,
				0.00081567107573821,
				0.0007970418740947136,
				0.0003485055344447177,
				0.0003307156956009235,
				0.0004899953108601644,
				-0.0008950150663855252,
				6.619612525334299e-06,
				0.0009875248211960292,
				0.00017969158131881128,
				-0.00025575598396701386,
				-0.00012887493616100892,
				-0.00048421362413454845
			],
			[
				0.0006775883880316763,
				0.000695178717980832,
				-0.0009697154533396639,
				6.141105557409625e-05,
				0.00042488782592407857,
				-0.0008549633625893134,
				-0.00011561242732929268,
				-0.0006903144049066614,
				0.0006539694831981435,
				-0.0007637999211957212,
				0.0001732687289183435,
				-0.0006822576032885526,
				0.0007057557291743944,
				0.0007674057454463443,
				-0.0005547107052239729,
				-0.0007922970236867342,
				0.0004231586951367139,
				-5.485421439475034e-05,
				9.371703716363426e-05,
				-0.0005166532650383924
			],
			[
				-0.000486098598955899,
				0.00013745325764543174,
				-0.0008492462259550655,
				-0.0008055750266935604,
				-0.00010280309152056798,
				-0.0003534743259928253,
				0.0008524022842195558,
				0.0005070904779429133,
				-0.0006717180697332244,
				0.0006078804621365739,
				0.0005339937371097345,
				0.0008570410400702512,
				-0.0004861422033537584,
				-0.0006973157771171432,
				0.0003780042995569636,
				0.00011340046245121474,
				-0.0005846556258294693,
				0.0009507689770226215,
				0.00030511258141279764,
				0.0003775110610986824
			],
			[
				0.0003007126672633098,
				-0.0007025652517760821,
				-0.00060416089245332,
				-0.0007038141458983007,
				0.0008889762228406527,
				-0.0006817165563528633,
				-0.0005740149304274481,
				0.000625655153774976,
				-0.0009820056668954072,
				0.000855935469544078,
				-0.0009402886996467952,
				-0.0007935173821004525,
				-0.0009795585002661126,
				-0.0002083060326975219,
				-0.0006696477425076498,
				0.00019834693606046207,
				0.0007207173497529608,
				-0.0009646019432378685,
				-0.0008295273088084254,
				-0.00021362337048610905
			],
			[
				0.0002863602970904597,
				0.0007494164444584563,
				-0.00029643750679750694,
				0.00012527160295689919,
				-0.0008628317297211521,
				-0.0004208212984050865,
				-0.0009229258065956463,
				-7.335966434049164e-05,
				0.0002862418676467867,
				0.0007494417310602516,
				-0.00022305043439587986,
				-0.000455792199094236,
				-0.0004989449780516695,
				-0.0007590533069551684,
				-0.00032229250033526796,
				0.0006007422140159049,
				0.000437338547836169,
				9.169356670119498e-06,
				0.0003597963140223176,
				0.0003493492284718869
			],
			[
				0.0008212052074736687,
				-0.00014313418630927525,
				0.000268952815299595,
				1.3113437009144944e-05,
				0.0002950129279191793,
				0.000952858871688907,
				-0.0009941231162163883,
				0.0007693089750767004,
				-0.0008338381841900941,
				-0.0007051172556678849,
				-0.0009976717199078444,
				0.00023399120831464246,
				0.00013811184978125774,
				-0.00042974535077904853,
				-0.0004509260264568347,
				-0.0009089981239663383,
				-0.0003045787643868801,
				0.0008552062888470876,
				-0.0004658044933135699,
				-0.0007321526139561832
			],
			[
				-0.0009500575778020635,
				-9.651900138018263e-05,
				-0.00018859002686243923,
				-0.0008529548877541606,
				9.647395614833729e-05,
				-5.005534614698241e-05,
				-0.0004129880617836781,
				7.410689593833546e-05,
				-4.9525072396321384e-05,
				-0.00012297551263312095,
				0.000968973780670881,
				-5.050187195917142e-05,
				0.0009215392685269605,
				-0.0008596805418741014,
				-0.0006309981804176779,
				0.0007136440772482543,
				-4.4883518013220545e-05,
				0.0004405044885420846,
				0.0009703013805247573,
				-0.0005267869601478046
			],
			[
				0.00031246744336712305,
				-0.0006449752046947595,
				-0.0002425842143206385,
				0.0003765628365155183,
				0.0002022137065511734,
				-0.00012386253821900146,
				0.00029764359920255584,
				0.00023193855276655985,
				0.0007882423513880757,
				-0.0002458167346153919,
				0.00011651906450761977,
				0.0002470889512960115,
				0.0007930458178806599,
				-0.0009051057756667869,
				-0.0008094799625620473,
				-0.0009356429549165497,
				0.00020129708052073637,
				-0.0008662465546148408,
				-0.00022558303270345985,
				-0.00023931339964430268
			]
		],
		[
			[
				-0.0006938419229873589,
				-0.0002040833855948916,
				-0.000280698399183607,
				0.0003519712143154844,
				0.000994546983845026,
				0.00041578398539563626,
				0.0005476239163567239,
				-0.00020473546903221102,
				0.0006227867606108464,
				-0.0003879691961495397,
				-0.0002641333687400611,
				0.0005247965597406353,
				0.0005000168429209549,
				-0.0006053967479063989,
				0.0006241645650323919,
				-1.6511899279517041e-06,
				-0.0005901886186642131,
				-0.0007498807047854377,
				0.0006664350251507957,
				0.000718775025145646
			],
			[
				-9.351997221909714e-05,
				-0.0007858914561908888,
				0.000956245443523171,
				-0.0001667611533155911,
				7.420118516945277e-05,
				0.0005129762961614346,
				-0.00019185558251944815,
				3.4137826589616905e-05,
				0.0007995362212142993,
				7.36869963376401e-05,
				0.0003454079876747385,
				-0.00041790748800900964,
				0.00011895943008291316,
				-0.0005118732666184794,
				-0.0007472066193264466,
				0.0006225224549473198,
				-0.000383064853881107,
				0.00039499944117930884,
				0.0007267214335721559,
				0.00022724820756758073
			],
			[
				0.0007233419295609002,
				0.0005347190155157631,
				0.0006925846744109021,
				0.0004027959382752826,
				-0.0006950814970736046,
				0.00015596600256092348,
				-0.0007777139622023419,
				0.0007142475032104788,
				-0.00025291228018348535,
				-0.0004269158481339852,
				-0.0006105183606683242,
				0.0007746712143648156,
				-0.0009468846748033175,
				7.196811690670974e-05,
				-0.0009624681026261146,
				-0.0007245646979715854,
				-1.488315365664886e-05,
				-0.0005187515903485324,
				-0.0005774032911470104,
				-0.0005660951318349474
			],
			[
				-0.0009601499955609117,
				0.0008081596825219107,
				-0.00042623575808117375,
				0.0006658877853579057,
