{
	"model_params": {
		"input_dim": 17,
		"units_per_layer": [
			4,
			1
		],
		"acts": [
			"leaky_relu",
			"tanh"
		],
		"init_type": "uniform",
		"limits": [
			-0.2,
			0.2
		]
	},
	"train_params": {
		"loss": "squared",
		"metr": "bin_class_acc",
		"lr": 0.5,
		"lr_decay": null,
		"limit_step": null,
		"decay_rate": null,
		"decay_steps": null,
		"staircase": true,
		"momentum": 0.9,
		"reg_type": "l2",
		"lambd": 0,
		"epochs": 100,
		"batch_size": 124
	},
	"weights": [
		[
			[
				-1.2007270333458722,
				-1.4018611951331201,
				-0.1603458772008892,
				-1.0717771161846237
			],
			[
				0.4453527138387323,
				0.3384286660448809,
				1.3643885190984713,
				0.5591725776472188
			],
			[
				1.1241298998029865,
				1.1596676748847923,
				-0.646586020981716,
				0.7825353487890518
			],
			[
				0.6229355080175598,
				-1.2929974165927989,
				-1.6757423939946379,
				-0.7289104345426006
			],
			[
				-0.1326968776110831,
				1.1950048394000075,
				0.8545199707240925,
				1.14951772008759
			],
			[
				-0.11174899553825812,
				0.1694881988257391,
				0.9057679861256818,
				0.35399164510827325
			],
			[
				0.09397114582809515,
				0.027725508623388812,
				0.26960934326527175,
				0.08644654924982423
			],
			[
				0.2934010447156987,
				0.00958060788016732,
				0.2868960483025377,
				0.11105144314158122
			],
			[
				-0.24541320407650058,
				0.08735362684569173,
				0.2668375769170679,
				0.07183913917715556
			],
			[
				0.2865772040985487,
				0.06892177926875058,
				0.16229040952252066,
				0.12087745276678
			],
			[
				-0.004159936615054938,
				0.0905549893172966,
				0.2591155436856983,
				0.1297945742451823
			],
			[
				-0.12839770235897274,
				1.57795565275006,
				-0.48073012866960413,
				2.610652841981288
			],
			[
				0.16575420527757756,
				-0.38640405846950887,
				0.4380072594428304,
				-0.715433201139871
			],
			[
				-0.11507288450131305,
				-0.4280829160494381,
				0.4893870101761237,
				-0.7481244030230892
			],
			[
				-0.1554662031556892,
				-0.4871173147071109,
				0.43271722500022264,
				-0.78142553875265
			],
			[
				-0.26633943676809657,
				0.11287823979949414,
				0.421816925226953,
				0.1145942776351697
			],
			[
				0.1682071685846044,
				0.2136283069218266,
				0.32523794999155564,
				0.1583785524356678
			]
		],
		[
			[
				-1.8492023034200533
			],
			[
				2.3550190706823018
			],
			[
				-1.7655527608829282
			],
			[
				2.933700249888528
			]
		]
	]
}