{
	"model_params": {
		"input_dim": 10,
		"units_per_layer": [
			20,
			20,
			2
		],
		"acts": [
			"tanh",
			"tanh",
			"identity"
		],
		"init_type": "uniform",
		"batch_size": 100,
		"decay_rate": 0.95,
		"decay_steps": 500,
		"epochs": 150,
		"lambd": 0,
		"limit_step": 500,
		"limits": [
			-0.001,
			0.001
		],
		"loss": "squared",
		"lr": 0.00891214076925288,
		"lr_decay": null,
		"metr": "euclidean",
		"momentum": 0.6,
		"reg_type": "l2",
		"staircase": false
	},
	"train_params": [],
	"weights": [
		[
			[
				0.00047151423291813327,
				-0.0003949323105435005,
				-0.0003386716767965481,
				-0.0005329107429375741,
				0.0002387899082269189,
				-0.00035860513467333435,
				0.0002864395904884399,
				0.0005714878531289283,
				0.0004992824763699647,
				0.0007421743451042797,
				0.0009302244793812922,
				0.00033281141275402987,
				-0.00014968954577706996,
				-0.00025437325696598973,
				0.000819354932451359,
				0.0003027491767181741,
				0.000745491937852864,
				0.0007906327579213848,
				-0.0006643193751178822,
				0.0006956657141359084
			],
			[
				0.0002746891285194651,
				0.0003727205836386181,
				0.0002735120399487449,
				-0.00048486247189770306,
				-0.0006051009665373703,
				0.0005976593549868292,
				0.000537751562884054,
				-0.0009154024324434802,
				-0.000943292708413231,
				-0.0002578605888889702,
				0.0005832315542528544,
				-0.0007475430544026565,
				0.0002994058184785063,
				0.00015610407594048047,
				-0.0005304714993702613,
				0.0006132834618829228,
				-0.0005604577270710636,
				0.0003828422023716613,
				-0.00045716789458483695,
				0.00034910323005416964
			],
			[
				0.0007300451553846497,
				0.0005384967644164566,
				-0.0009641686454682113,
				0.00040145701127703055,
				-0.0004688040829250688,
				-0.00011233778701291296,
				0.00010238080586399425,
				-0.0009674276307673215,
				-0.000975486618458888,
				-0.0004898757193791252,
				0.00038394501462292127,
				0.0004486538028561503,
				0.0008156357154270096,
				-0.0009306891494636671,
				0.00040560505617516225,
				0.0005800350847785241,
				-0.000897967528821866,
				0.0008404432951051217,
				2.7784626121310062e-05,
				0.00025486212763882834
			],
			[
				7.41366510966391e-06,
				-0.00033487546947504575,
				-0.00021609193503075775,
				0.0005703820544185122,
				0.0007730407546613005,
				-0.0007221309665852791,
				-0.0003480576351421431,
				0.000713019620788404,
				-0.0001560732263254065,
				-0.0003622989329058275,
				0.00029661361865312074,
				-0.00039869413586511235,
				-0.000817688502708946,
				-0.0008321726899282803,
				-0.00040604802479238017,
				-6.470140189906103e-05,
				0.0007996082895161741,
				0.00033730559465842513,
				3.474424887535128e-05,
				0.0004400866214603976
			],
			[
				0.0008786079457134026,
				0.00045285726927504744,
				-0.0004215238834649833,
				0.0005356513897059887,
				0.0006649108513774073,
				0.0008511344459621914,
				0.00028479919292728577,
				0.00033938056246573416,
				-0.00021141863351497366,
				0.0006826102237115226,
				0.0004917248540034706,
				-0.0002790995949623743,
				-0.0007273236488467096,
				0.0002202250862043775,
				-0.00045322703674384316,
				0.0007597691169763988,
				0.000645483561793167,
				0.00012150724157375587,
				-0.0006643894532965837,
				-0.0008641257897220788
			],
			[
				0.00043093433796696323,
				-7.944266101574235e-05,
				0.0007026855800607477,
				-0.00039401811021855357,
				0.000637251776859703,
				9.013933837502324e-06,
				-0.0006151416543077655,
				4.0920859677465345e-05,
				0.0005775966164051002,
				-0.0002588627699511934,
				-0.0003508209406760976,
				4.840353652042035e-05,
				-0.0005847343847064455,
				0.0007696993264167916,
				-0.00030683337183628817,
				0.00027290955375572357,
				0.00010228119623698225,
				-0.00037711231936489063,
				0.0009090966552705311,
				0.0005030004942712652
			],
			[
				0.0004721518480220318,
				2.4358861583467697e-05,
				0.0007208426935775615,
				0.00024003826823769674,
				-0.0009386350882669672,
				0.0001782954908311732,
				-0.0009035166331173019,
				0.0004424127537167911,
				5.303202212284734e-05,
				-0.0002419730782144072,
				-0.0005478904097894631,
				-0.0008735341376084948,
				-0.0009288752037953172,
				-0.0004082389567040874,
				-0.0008192951843640439,
				0.0009227423177516055,
				-0.0006350770026237987,
				-0.00023336083555492945,
				4.2756107396351925e-05,
				0.0002567419771703301
			],
			[
				-0.000856343430729988,
				0.0008167556362042845,
				-0.0008550836642184988,
				-0.0006081652119855814,
				0.0003595914569977244,
				-0.0007642985801992841,
				0.00016398717853935646,
				-0.00039573082560968615,
				-0.00029065302026704324,
				-0.0003369974071199002,
				0.0005377174500949663,
				-0.0006486905270705777,
				0.0005673547911219218,
				-5.4624264350957544e-05,
				0.0003430750861652201,
				0.00022053053039485957,
				-0.0006035149418524958,
				-0.00028820099088425915,
				0.0006212224714699534,
				-0.0003638434022587556
			],
			[
				0.0009487685058210808,
				0.0002009671910725517,
				-0.00047996406652446003,
				-0.0006559096260640694,
				0.0007164286761316134,
				4.8690034787826804e-05,
				0.0001157633940627532,
				-4.922796110322955e-05,
				-5.0440712164426184e-05,
				0.00032352698509381813,
				0.0007407079044108608,
				-0.000472537466277356,
				-0.0002547140400477406,
				0.0007631008460716718,
				0.0009090321536948396,
				-0.0007469962509137227,
				-0.00014058160801653206,
				0.0008336608363315008,
				-0.0005080641398248036,
				0.0007126779499201786
			],
			[
				3.8428352094387356e-05,
				-0.0006196146151477015,
				0.0009705525537162148,
				-0.00015824231475705663,
				-0.0006461472472425538,
				-0.00039860130075570815,
				-0.000669309169137686,
				0.0009656546343818919,
				0.0006708756613652814,
				0.0009084350929791441,
				0.0007511717435563505,
				-0.00011158086941122239,
				-0.0003967991092213996,
				0.00042512099930964,
				-0.0004564249518395942,
				0.0008565208084484206,
				0.0004666230623496064,
				0.0003596304801124655,
				-0.00038490698552491316,
				-0.00020566629481170453
			]
		],
		[
			[
				0.0005826346292078499,
				-0.00028059793034587385,
				-0.0002942243038466521,
				0.0007790760525150284,
				-0.0006440802826676626,
				0.0008827960515557696,
				0.0006847686091987937,
				0.0008639615766793196,
				-0.0006336579499862891,
				-0.0003376847354287786,
				-0.0002608574808906776,
				-2.9071277226396116e-05,
				-0.0007292498108908236,
				-0.00021494846155287824,
				-0.0003332515408284595,
				0.00022965018900744237,
				0.00048402198374557833,
				-0.0004475190990725429,
				0.000790193549075202,
				0.0007690362957687952
			],
			[
				-0.0002818836782687613,
				0.0005353756496315415,
				0.0002969049849118027,
				-0.0009282862132079934,
				0.00010901524847474193,
				-0.00017565264998964532,
				-0.00036334280876434044,
				0.00015982281929289872,
				-0.0007124193541506087,
				0.0001748909692556209,
				-0.0007071359569229503,
				0.00039309430725636345,
				-0.0001136665945878386,
				0.0009293263432276829,
				-0.00034623373207207184,
				-0.00015939993402738306,
				-0.00015074413773128305,
				-0.0003467303441858303,
				-0.00041304293915297465,
				-9.656255374876799e-05
			],
			[
				-0.0008752913960874376,
				-0.0004909358743845162,
				-0.0006272706333743489,
				-0.0006700315791394409,
				0.0008134662963707661,
				0.0002481955878271135,
				-0.000889236868932624,
				0.0008236473144903873,
				0.00011810974087911059,
				0.0005292661692354605,
				0.0007996873535579113,
				-0.00012142296895816473,
				0.00046043202812792706,
				0.000734771091869703,
				-0.000372782527329506,
				-0.0008388037957288177,
				-0.0008636272230291807,
				1.672424192544525e-05,
				0.0006605966113406988,
				0.0004214308520004515
			],
			[
				0.000756924057071958,
				0.0004006670425856229,
				-0.0005613759174173776,
				8.721775450937891e-05,
				-0.00014253731332966038,
