{
	"model_params": {
		"input_dim": 10,
		"units_per_layer": [
			20,
			20,
			2
		],
		"acts": [
			"tanh",
			"tanh",
			"identity"
		],
		"init_type": "uniform",
		"batch_size": 100,
		"decay_rate": 0.95,
		"decay_steps": 500,
		"epochs": 150,
		"lambd": 0,
		"limit_step": 500,
		"limits": [
			-0.001,
			0.001
		],
		"loss": "squared",
		"lr": 0.00891214076925288,
		"lr_decay": null,
		"metr": "euclidean",
		"momentum": 0.6,
		"reg_type": "l2",
		"staircase": false
	},
	"train_params": [],
	"weights": [
		[
			[
				0.0003018978765824934,
				-0.00022084119568138846,
				0.0003495780845154087,
				0.0006553912165153653,
				-0.000608483904891858,
				-0.0004265893336773206,
				0.0006366413213685352,
				-0.00043843515549154156,
				-0.000897617797530881,
				-0.00024782576835600547,
				0.0009015314401947725,
				0.00034698506725427134,
				-0.0005903124404067996,
				-0.00037778982972798696,
				-0.0009640721459651378,
				-0.0007063093795604475,
				-0.00010703843390210994,
				7.19337130024051e-05,
				-0.0002093219695820538,
				0.0009391167645820713
			],
			[
				-0.0003764553725413598,
				-0.0008085912726873759,
				3.1213735425668484e-05,
				-0.0007657140573405459,
				0.0005267311643048624,
				0.00047912507516645786,
				0.0006487316606470393,
				-6.11682869885782e-06,
				0.0008619464777433622,
				-0.0009127003733431023,
				0.0009388425562759416,
				-0.0007033905461564514,
				-0.0009637574957942627,
				0.0001816267067954512,
				-0.0005194080747224412,
				0.0006732500703564731,
				0.00036906555705351314,
				0.000907473360034178,
				0.000841352205276532,
				0.0002194491734381391
			],
			[
				0.00034857596650378743,
				7.052327090564152e-05,
				-0.000984051400239304,
				0.0006385565853515348,
				-1.3039382060238544e-05,
				0.0002658667619586546,
				-0.00011307818882105587,
				-0.00020049482200272897,
				0.0002946313536386822,
				0.00016438108196651573,
				-0.0009197038034977032,
				0.0006771481792485811,
				0.0008711292614941696,
				0.0001858011484329571,
				0.00015808331563077634,
				0.00036462019326693757,
				0.00023544424224760155,
				-0.000780564408481276,
				0.0006177335152121647,
				-0.00048570040494467896
			],
			[
				0.000882532901066145,
				-0.00039484530929525846,
				-0.0005715798586859344,
				-0.0004561167755322491,
				0.0001161292941649671,
				-0.0002103308242702471,
				-0.00014216796345693794,
				-0.000903689150172273,
				-0.0004822406011549841,
				0.0006064360541680517,
				0.0006788649574478211,
				-0.0005156997338718743,
				-0.0009233145006886891,
				0.0009215642691764283,
				0.00029138184151322375,
				0.0007283845283206824,
				1.9916747072463818e-05,
				-0.0006975416848280323,
				-0.0009703646032503975,
				0.0005041204557500096
			],
			[
				-0.0009840234216645521,
				0.0008361146044639437,
				0.0001839128178114963,
				-0.00010124737476852855,
				0.00047823754176574214,
				-0.0008650358466578295,
				0.0009634918745735506,
				0.0005106982656247767,
				-3.35668213566169e-05,
				-0.0005014013792112504,
				-3.2491436266445656e-05,
				0.00023452873130812507,
				0.00018657011362431964,
				0.0007225241079854704,
				-0.0006618523125915693,
				-0.0009468633676854587,
				0.0006467970890274588,
				-0.00016278215905332226,
				0.0003711083478987712,
				-0.0001274162552122104
			],
			[
				-0.0003773315434716151,
				-0.0007913550506229994,
				-0.0005296076442271058,
				0.0006542797084796543,
				0.0005793376716270572,
				-0.0008661601246797684,
				-0.000842840092266663,
				0.00027731633277426984,
				-0.00010180197497112672,
				0.000994279917428442,
				-0.00028679710112233976,
				-0.0003350655935395483,
				0.0004034934325960354,
				0.0003824567218008374,
				-0.00044813092293872754,
				-0.0004013998113025681,
				0.0003708572879104182,
				-0.0005108021137895878,
				0.000586585433018172,
				-0.0007471681830479196
			],
			[
				0.0004914015528692691,
				0.00013165098646277917,
				0.0003082648486017745,
				0.0006390572816414462,
				0.00037786322039871315,
				0.0006302970606300736,
				-4.542015576442513e-05,
				0.0001317264737313393,
				0.00010184379653945669,
				-0.0004708279218699527,
				0.00020717740220896406,
				-0.0009834563038165901,
				-0.00011425720463858525,
				-0.00018355019827558008,
				-0.0002886540072232224,
				0.0005751458134791458,
				-0.0004465726004255202,
				-0.0006098807812195553,
				-2.786356551200738e-06,
				-0.0009083082346798853
			],
			[
				0.0007530481906545773,
				-0.0006501819732646612,
				6.329286748457544e-05,
				0.0004968353600301417,
				0.0005448148626806648,
				2.6540487791644777e-05,
				0.0005302755768575511,
				-0.00014491719491581986,
				-0.0009646624364956928,
				0.00033422092901648406,
				-0.0006721374043628288,
				-0.0001292621424167995,
				-0.0006300356190940613,
				0.00046453572295838594,
				-0.00013722309175672896,
				-0.0003587164199671467,
				-0.00039833682716077217,
				-0.00037478924863856107,
				0.0007187989286321489,
				-0.000785743323197825
			],
			[
				-0.000575083407518739,
				-0.0004863370404015932,
				0.0006402118372972046,
				-8.420094317123641e-06,
				-0.00028950490252511443,
				0.0008929945726462499,
				0.0001035804222109314,
				-0.00043500148272384003,
				0.0007121296273092253,
				-0.0008481943365876818,
				-1.0846029844379474e-05,
				0.0007140634871081609,
				-0.00039360297885672436,
				0.0009229082627618423,
				2.6739500000967295e-07,
				-0.0007387667269838981,
				0.0008732177774816027,
				-0.0008676487850386326,
				0.0006416860348782991,
				-0.0007772365828348489
			],
			[
				-0.0006591691220583285,
				-0.0004870532315118186,
				-0.0009180817699099606,
				-0.0009838109855844902,
				0.000889282012163357,
				-0.0007336549325703874,
				-0.0001908034806925292,
				0.000930989498195694,
				0.0006265441816887254,
				5.204263606967607e-06,
				-0.0008724747400836058,
				-0.0007439712033549659,
				0.0001579840679756465,
				0.00035784987699727226,
				0.0008426833608529774,
				0.00014250277661438963,
				-0.0001097948722515456,
				-0.0003257136711448021,
				-0.0008446103637690489,
				0.0006160734874886139
			]
		],
		[
			[
				-0.0006073656678374883,
				0.0005578315320148703,
				0.0001454908627718085,
				0.00041442451649817977,
				0.0007660724617462697,
				-0.0002104061559798125,
				0.0009409060306442198,
				-0.0008111469077735911,
				-0.0009785652840140998,
				0.0007669661316640577,
				-0.0006873688694178084,
				-0.0007496455178734902,
				0.0005670405781212366,
				0.00021962437579872555,
				-0.000345443625487521,
				0.00043248466046504064,
				0.0009791436700900056,
				-0.0006102456981875095,
				-0.0007709121291701211,
				-0.0008907944376568271
			],
			[
				-0.0008124163998239209,
				-0.000910405169001723,
				7.126637726095095e-05,
				-0.00032026805807484893,
				-0.0009223837875736887,
				-0.00030330486059785763,
				5.474773751835862e-05,
				-0.00046072472348012057,
				-0.00011753895175065912,
				-0.0007594415426230214,
				0.0005455785888717729,
				5.6731829447034896e-05,
				0.00015174924643232687,
				0.00017154822217629677,
				-0.0008862951231878129,
				-1.2253213559654383e-05,
				0.0004175632852170515,
				-0.0004552873470562651,
				0.00039431695175960366,
				-0.0007834707661733295
			],
			[
				-0.0006769965803884532,
				0.0008014968339306334,
				0.0007465875419019902,
				-0.0001262524503728732,
				0.0005732306403726914,
				-0.0005884766319989576,
				-0.00019324531038906925,
				0.0003346646630782023,
				0.0008388465435668427,
				0.0005042426739030675,
				0.0008325795528168838,
				-0.00035045468881775114,
				0.00032296212182153635,
				-0.00019578378526670327,
				0.00011884094820124608,
				-0.0004530447841638683,
				0.0003777433905053334,
				0.0009487301279691551,
				0.0003221344823813735,
				-0.00015015964692786834
			],
			[
				0.0007097824516368778,
				-6.782590200665338e-05,
				-0.0007443459300473101,
				-0.0005013556630623266,
