{
	"model_params": {
		"input_dim": 10,
		"units_per_layer": [
			20,
			20,
			2
		],
		"acts": [
			"leaky_relu",
			"leaky_relu",
			"identity"
		],
		"init_type": "uniform",
		"batch_size": 200,
		"decay_rate": 0.95,
		"decay_steps": 576,
		"epochs": 800,
		"lambd": 1e-05,
		"limit_step": null,
		"limits": [
			-0.001,
			0.001
		],
		"loss": "squared",
		"lr": 0.005655844946607864,
		"lr_decay": "exponential",
		"metr": "euclidean",
		"momentum": 0.7709349296879282,
		"reg_type": "l2",
		"staircase": true
	},
	"train_params": [],
	"weights": [
		[
			[
				0.0006290447275984553,
				0.00021887950947881716,
				0.0007578838900484438,
				1.2664388768668421e-05,
				-1.0396249122972441e-07,
				0.00036301918331392417,
				-0.0007499902849983002,
				0.00019485609493485878,
				0.0009780034550338525,
				0.0006157971252543713,
				-0.0008993544248371201,
				0.00026390305721082506,
				0.00035488628516653904,
				0.000576259252059467,
				0.00025963450362645924,
				5.9015973943849984e-05,
				0.00020164343009099824,
				-0.0009290854402365359,
				0.0007625874111380573,
				5.511966811836528e-05
			],
			[
				0.0005235761013165569,
				-0.0007009359737204391,
				0.00010710660572383897,
				-0.0009198109980504374,
				0.00015032794820781848,
				-6.620799474080187e-06,
				0.0007135478909438987,
				0.0005551500310590251,
				-0.000651534527978118,
				0.0003790318301791244,
				-0.0006503276157552224,
				-0.0003228236339136583,
				0.0009140739193728865,
				0.0005163455734214402,
				0.000926360674822648,
				0.0008061625846630244,
				0.00012170218379893528,
				-0.0006950448434793486,
				-0.0007570485284408368,
				-0.00023145039867993478
			],
			[
				0.0006791926500581958,
				0.0007914166538715234,
				-9.566887736542178e-05,
				-0.0006587417633316286,
				-0.0008841014289245379,
				0.0006466044178135661,
				0.00010781531019425769,
				-0.00016683563077910663,
				0.0005154261646185859,
				-0.0008923366222156495,
				0.00026778785489726194,
				0.0007204306928889064,
				0.0009232458194495606,
				0.0001033670003091154,
				0.00020852828403921156,
				0.00025758787701002676,
				0.0005794417638811135,
				-0.00017931909700786425,
				0.000658267402754288,
				-0.000404169004975834
			],
			[
				0.0008629450877755164,
				-0.0009429912800018856,
				0.0008956992556509867,
				-4.316124897234166e-05,
				0.0006718225839952878,
				-7.88949345366342e-06,
				-0.00012243178281570375,
				0.0008832995581182577,
				0.0007438726999007455,
				0.0003782104735831082,
				0.0007841417063416684,
				0.0004372998262642,
				-0.0008655881009249478,
				0.0009363756425674269,
				0.000677524284164768,
				0.0003178834923689422,
				6.214336554200765e-05,
				0.0009847247086993902,
				0.00039881408380720656,
				-0.00048412637516313014
			],
			[
				-0.0006444891064730274,
				0.0009480397991224311,
				-0.0002429696731912072,
				0.0005776586396755775,
				0.0007996473478675487,
				-0.0007500576145022897,
				-0.0007394832570978534,
				0.0009491780671909765,
				-0.0005211695922171589,
				0.0006438985220070107,
				-0.00018990129690762752,
				0.00038419769203741714,
				0.0008517045081758285,
				-0.0009589744514356755,
				7.008367611555815e-05,
				0.0009076348014707522,
				-4.203729279668217e-05,
				0.0006709779525021133,
				-0.0006598233408144731,
				-0.0003635221429643561
			],
			[
				-0.0007817866659693551,
				-0.0005580489211946087,
				-0.000714055336724536,
				0.00045531028830962726,
				0.00043205957785998257,
				0.000526027843221066,
				-0.000975305324730946,
				0.00014410293085902128,
				0.0001853576774546678,
				-0.0002575193781500509,
				-0.0003642705026809576,
				0.0008969051337929213,
				0.0005890162209748382,
				-0.0005828238403053176,
				-0.0009187197031099521,
				-0.0003474301401095374,
				-0.0009644115191526664,
				0.0004857483900721244,
				0.0001799794014514639,
				0.0007145136005997103
			],
			[
				-0.00043878711311883965,
				-0.00019235537304164321,
				-0.0002478388533212197,
				0.0003841794480856978,
				0.00029165280937347524,
				0.00044392796270207127,
				0.0006277309605643418,
				-0.0002024707844698559,
				0.0003831417635272872,
				0.0008436930866943784,
				-9.231103326311121e-05,
				0.0004346082700066303,
				-0.0004973075843259994,
				-0.000619919435710899,
				0.0002572810849188847,
				0.00010357887486406206,
				-0.000387049120856483,
				4.9478829311601965e-06,
				0.0009056480434675455,
				0.00017903212395215494
			],
			[
				0.0002521044089179355,
				0.0006429963242190733,
				-2.1991502255019977e-05,
				-0.0005365768331251181,
				-7.39556528997911e-05,
				0.0009784364028629202,
				0.0003484224646761848,
				-0.0004933194299316224,
				-0.0007351590791484384,
				0.0005813058062215061,
				-0.0004926544308637015,
				0.0003047289081460564,
				-0.0004871845448337236,
				-0.00015203427968844103,
				0.0005591967077979568,
				-0.0009796899613126677,
				0.0002953727281994876,
				0.0008389860306301196,
				0.00010232574597310133,
				0.0007312296681504856
			],
			[
				-0.0007193145104049919,
				-0.00010420193747366733,
				0.00019966835809696144,
				-0.0007999280880713487,
				-0.00020790404022916827,
				0.00014777484878209933,
				0.00031142967112626936,
				-0.0009120937424213849,
				-0.0005047453371410242,
				-0.0006642324080946204,
				-0.00036764372431433287,
				-0.0005649598215784433,
				0.0007043838935528036,
				0.00048255436007831206,
				0.0005400021361104393,
				-0.0007299035588023105,
				0.00020403122142815676,
				0.0006575793089777277,
				0.0004212039031994245,
				0.0008954190515665734
			],
			[
				0.00029896703150818216,
				0.0004035759495956653,
				0.00013089704299405563,
				5.6127797225105375e-05,
				-7.29881866966453e-05,
				-0.0007397369364110433,
				0.0006850827777740022,
				0.0004963099847978176,
				0.0007078378467607327,
				-0.0004011662672094001,
				0.0006161459257977102,
				-0.0006247570389316988,
				0.0005073605088581309,
				-0.0009608263347720248,
				0.0009210267671942839,
				0.0001808251781354089,
				0.00010513612617576041,
				9.133721121263932e-05,
				0.0006020219469933638,
				0.0009064383155747615
			]
		],
		[
			[
				0.0005643593937780828,
				0.0002151667278485741,
				-3.357631725744124e-05,
				-0.000576065587844288,
				-0.0009697030670982969,
				-0.00021200177665201307,
				0.0008892713251880812,
				-0.0007049906370411101,
				0.0002759728854170578,
				-0.0007313590405470447,
				0.00014298429271955787,
				0.0002272556026227592,
				0.0008433365627787579,
				0.000576759997098094,
				-0.0006129248886120955,
				-0.0002562926792784657,
				-2.7541875880002166e-05,
				0.00017698049364740114,
				-0.0006118438222031346,
				0.00011202259233839711
			],
			[
				0.00017646607495453099,
				0.0006723653242277524,
				-1.3179943751827653e-05,
				-0.0006225604742153253,
				-0.00034062409009808815,
				-0.0006355440193374878,
				-0.000364494223259819,
				0.00019360270566057226,
				-4.5548410637377365e-05,
				0.0008908846605321101,
				-0.000692411733977816,
				-0.0006236650845562031,
				0.0004993216225900963,
				0.0004992541578383912,
				-0.000543270569846168,
				0.00016510943590416485,
				-0.0007003887260845401,
				-0.000594510163042413,
				-0.0008654410149686642,
				-0.00025157052390832146
			],
			[
				0.0007724606319922834,
				-0.00046981641732237844,
				-0.0001690568578236256,
				0.00025983797118998234,
				0.00018681714742601815,
				0.00027105861364042604,
				-0.00023569775381676887,
				-0.0001314974704492791,
				-0.0006169298404204935,
				-6.84070366591534e-05,
				0.00045082422366342096,
				-0.0009796933913983118,
				0.00024082778746649792,
				-0.0006034287366849514,
				-0.0002701954889592126,
				-0.0005637747026511723,
				0.00036888383335321713,
				-0.0003492530311192647,
				6.173015734971059e-05,
				-9.7834935373325e-05
			],
			[
				-0.000459580520407177,
				9.090663123232918e-05,
				-0.000767028964040368,
				0.00026192021703383937,
