{
	"model_params": {
		"input_dim": 10,
		"units_per_layer": [
			20,
			20,
			2
		],
		"acts": [
			"leaky_relu",
			"leaky_relu",
			"identity"
		],
		"init_type": "uniform",
		"batch_size": 200,
		"decay_rate": 0.95,
		"decay_steps": 500,
		"epochs": 800,
		"lambd": 1e-05,
		"limit_step": null,
		"limits": [
			-0.001,
			0.001
		],
		"loss": "squared",
		"lr": 0.005,
		"lr_decay": "exponential",
		"metr": "euclidean",
		"momentum": 0.6,
		"reg_type": "l2",
		"staircase": true
	},
	"train_params": [],
	"weights": [
		[
			[
				-0.00041060661809543865,
				-0.0009370837903956184,
				-0.0007482805471228297,
				0.0001722362969203235,
				0.00022636504977556135,
				0.0005662960467362821,
				0.0004901434384188606,
				-0.0006031838108769203,
				-0.00016327173711023655,
				0.0008650912077754237,
				-0.0005880399093846599,
				-0.00023226010741841344,
				0.00019557202412916934,
				0.0002958926059108335,
				-0.00039361915626053153,
				-0.0005740393738566183,
				-0.0009903135755361555,
				0.0005834400279605841,
				-9.604944150157094e-05,
				-0.00094476942176895
			],
			[
				-0.00015969767193032983,
				0.00042722559950467555,
				-0.00045833462077234284,
				0.0003886518624673168,
				0.0009065090602090767,
				0.0008401464900898638,
				0.00017979626910683195,
				-0.0006998458921853068,
				-0.0008478547318124212,
				-0.0007673809416831192,
				-0.0006079713441086033,
				-0.0008889275646745276,
				-1.403921693790772e-05,
				-0.000716286485759125,
				-0.0008092781226093222,
				0.0006072262235057939,
				0.0007992241180926878,
				-0.0008534411691546247,
				-0.00019263103410998683,
				1.6902346101252538e-05
			],
			[
				0.0003337403559692271,
				0.0008873900977246268,
				-0.0007894712566418206,
				0.0006697107284058957,
				-0.000617007466135443,
				0.0009811347951749314,
				0.0008482594380006694,
				-0.00047422609137303545,
				-0.0003426641247048155,
				-0.0008355719112845008,
				0.0004124204144448757,
				0.00037693308918034657,
				0.00018660719357514472,
				-0.0007595416124015586,
				-0.0008871961793205621,
				-0.000797616476391565,
				0.0007382099782961631,
				0.0003456104312499653,
				-7.521316707320301e-05,
				-0.00044100024267750633
			],
			[
				0.0002808368772546457,
				-0.0008237625638659189,
				-6.825414032882171e-05,
				-0.0002677501002951981,
				0.0008456171013379468,
				0.0005856889747649181,
				-0.0009831907179247443,
				0.0009176246587023135,
				0.0008063140999451457,
				-0.0003565796574820859,
				0.0009991586669489266,
				-0.00032061364601748026,
				0.000501959583093993,
				0.000697807314932761,
				0.00018119896456523848,
				0.0006666996515504236,
				-0.00021331459965236773,
				0.00016651756452532355,
				-0.00019330561933532755,
				0.00020225974572238726
			],
			[
				0.00048192194537051663,
				-0.0001893969639975375,
				0.0006548111796800568,
				-0.0008998775838932984,
				-0.0001810551113556689,
				8.222101060851423e-05,
				-0.0006485615931594526,
				0.00011076312650900883,
				-7.247259844359141e-05,
				-0.00010339800937696772,
				0.000758616039001278,
				0.0009613935444977117,
				-0.0005776382843114172,
				-0.0005880471079458092,
				0.0005984411732528757,
				-0.0003829073045006641,
				-0.0006446480416785541,
				-0.0006363248217154977,
				0.0005769601725353968,
				-0.0008062212012087027
			],
			[
				0.0007568156110433013,
				0.0002546946356920454,
				0.0005380517783951867,
				0.000240394481522815,
				0.0005960929839218326,
				0.0009533674559244988,
				-0.0006251236913290021,
				0.0004185684976747853,
				4.4646305207002215e-05,
				-0.00045136827309771627,
				-0.0003374001486636537,
				0.0002793622899567871,
				0.00011438062749217744,
				-0.0008245059165254702,
				0.000954953682802052,
				0.0007096009761310279,
				0.0006211004253818253,
				-0.0008043410371325266,
				-0.00042654800982424917,
				-0.0009415636298759389
			],
			[
				-0.000537269330630875,
				0.0006882992393992724,
				0.0009687773525364645,
				9.302815638613992e-05,
				-0.0002670522794548215,
				-0.0008045852435113221,
				0.0008456529589444272,
				0.0005780011597644281,
				5.412275083478322e-05,
				-0.00017346512875027447,
				0.0002471050204652359,
				0.0003484560397606733,
				-0.0007210172907916328,
				0.0008441843342227187,
				0.00013098634008849538,
				0.0007662193407494326,
				0.0006486625502688818,
				-9.621590654984471e-05,
				-0.0008930297539658408,
				1.1729671955881815e-06
			],
			[
				0.0009991020995209123,
				-0.0006946305137182829,
				0.00047819207473988497,
				0.0008601602334217793,
				-0.0005621419197796075,
				0.00029665185406781776,
				0.000983839132087565,
				0.0004111941850578973,
				0.000534599670046023,
				-0.0001396169134257894,
				-0.0003887410655099903,
				-0.00015110742612899487,
				2.831566744161771e-05,
				0.00033256132354263224,
				0.0008732910872114256,
				0.0002809992112212175,
				0.000980565082818762,
				-0.0009729610230828964,
				0.0002370087366547599,
				0.0006437643296649553
			],
			[
				-0.0004146587648623907,
				7.87170583868525e-06,
				-0.0007286280462016257,
				-3.20338613800015e-05,
				0.0006758370001729167,
				-9.664140309285018e-05,
				-0.0009081797333177087,
				0.0007188786906810146,
				0.00034331108324560963,
				0.00020132162988225092,
				0.0007470063462239407,
				0.0006614157219652034,
				-0.0003080152574975654,
				-0.0005045728866865878,
				-0.0007686043149976989,
				-0.0006802997434769274,
				0.000423797843635929,
				-0.00046078310499744757,
				-0.0007889067706647061,
				0.0009429565950313434
			],
			[
				-2.47108750546359e-05,
				0.0007385443787368726,
				-9.476780528972634e-06,
				-0.00035668881656308687,
				0.0006501899055306657,
				0.0006373645536825784,
				-0.000654578041494301,
				-0.0007363106263539587,
				0.0005385991425468732,
				0.0008496193054860221,
				0.0004977389141603034,
				-0.0003158433590434433,
				-9.202212133156598e-05,
				0.0007807363677986229,
				-0.0002961442506739853,
				0.0009193953711966031,
				0.00014801317354356147,
				-9.039037785491867e-05,
				0.0008001470745065337,
				0.0003734605017134422
			]
		],
		[
			[
				-0.0006858394111019588,
				0.000894790370958061,
				-0.00016634008440184148,
				3.282910254192553e-05,
				0.0009741011853147468,
				-0.00022283656628179968,
				0.00034151902375177353,
				-0.0005093396022375465,
				-0.000305123008610283,
				0.0004372375396251261,
				-0.0006679287796005414,
				-0.00025047021033385323,
				-7.071266930076445e-05,
				-0.0003514418825734056,
				-3.908980985147111e-05,
				0.0005190225202390867,
				-0.000601755277877857,
				-5.170286094418632e-05,
				0.0007314142372635264,
				0.00016421751634308496
			],
			[
				0.00043699639415541256,
				-8.047877969940935e-05,
				-0.0009150259345874563,
				0.0006623330876838107,
				0.0006094764796260497,
				-0.00042208980180610497,
				0.0009163639509709857,
				3.946489072406581e-05,
				0.0003136607881800298,
				0.0001017303418364428,
				0.0003742895307892746,
				0.00033507949148478067,
				-0.0008068437327038338,
				0.0007711244367043281,
				-0.000635812911683797,
				0.0008974722675006131,
				-0.0007682562266170781,
				-0.00025922899711750566,
				0.0004373020153383639,
				-0.0003021297655418587
			],
			[
				-0.0007501183516211279,
				0.000920719988509519,
				-0.0009444422562688106,
				-0.0008842164940251072,
				-0.0008177391219644798,
				0.0008708774354974844,
				0.0002504339907345109,
				-0.000775091392261603,
				0.0002539653201380624,
				0.000541925550388501,
				0.0006067776744654307,
				-0.0001737540942553206,
				0.0004969894932413778,
				0.00028349321368510596,
				-0.00019476924315985804,
				-0.00042652437709313727,
				-4.633885501076091e-06,
				-0.0008425563341381821,
				0.0003009504383236995,
				-0.0008374839011663559
			],
			[
				6.480949947980158e-05,
				0.0005238179690770467,
				0.0001500533407689489,
				-0.0006897953386571342,
				-0.00029130340894342765,
