{
	"model_params": {
		"input_dim": 10,
		"units_per_layer": [
			20,
			20,
			2
		],
		"acts": [
			"tanh",
			"tanh",
			"identity"
		],
		"init_type": "uniform",
		"batch_size": 91,
		"decay_rate": 0.95,
		"decay_steps": 500,
		"epochs": 150,
		"lambd": 0,
		"limit_step": 500,
		"limits": [
			-0.001,
			0.001
		],
		"loss": "squared",
		"lr": 0.007185958238678252,
		"lr_decay": null,
		"metr": "euclidean",
		"momentum": 0.7977428112252327,
		"reg_type": "l2",
		"staircase": false
	},
	"train_params": [],
	"weights": [
		[
			[
				-0.0005464881914247237,
				0.0007624118715136928,
				0.00016892538578848872,
				-0.0003199032385727829,
				0.00047368953347685125,
				0.000693578231273261,
				0.0007059020379647115,
				-0.0004600905238157214,
				-0.0006124232038452238,
				0.0006179673733047375,
				0.00020656041713901772,
				-0.0005684869638234377,
				0.0008220190248030383,
				0.00020176119260846667,
				-0.0007003130662556188,
				-0.0006206523142580911,
				-0.0007200528022235588,
				-0.00038304974281275347,
				0.0006762348987426382,
				-0.000578740990005141
			],
			[
				3.3358220215925615e-05,
				0.00022508100226324387,
				0.0003178087719685808,
				0.00011182835286566465,
				0.0007949745400182553,
				0.0004396786614867794,
				-0.0006184274787229731,
				0.0003109257913679268,
				0.00036237163024574817,
				0.0005789426158807605,
				0.00047665006357043506,
				-0.00035676463598089954,
				0.00010419283977655593,
				-0.0004195122623554844,
				0.00040873337461020906,
				-0.0007766466431548061,
				-0.0007333438014386498,
				0.000597601062425289,
				-0.00010396064186284342,
				0.00012395336717063027
			],
			[
				5.729209101917095e-05,
				-0.0003172854137656853,
				0.0009545279792418609,
				-0.0004559765205258688,
				-0.0003408346714459631,
				0.0003844954573267879,
				-0.0006879334090960938,
				-0.00048316168448596147,
				-0.000942339443052145,
				0.0009500831387707117,
				0.0008527474397487997,
				-0.0008501899693861699,
				3.917167283812848e-05,
				0.0002633167949214546,
				-0.0003984650581574527,
				-0.000515085327442568,
				0.00018215499076078626,
				0.0001853446156331875,
				0.00038422654462141686,
				5.2223025146204026e-05
			],
			[
				0.00019648735174486714,
				-0.00034626366762077244,
				0.0008070335652085609,
				0.0009070930625774982,
				-0.0004455809467207153,
				-0.00025668005079925794,
				0.00033326629542816135,
				-0.0009261543918706168,
				8.26993035281426e-05,
				0.0004806456900144651,
				-0.00040041887451365077,
				0.0004640759351896013,
				-0.0008888235458989973,
				0.00017367261042639816,
				0.0004159540978415485,
				-4.365325410886616e-05,
				0.000968535196057592,
				-0.0005311438840142604,
				0.00017167489322251757,
				-0.000604436278541535
			],
			[
				0.0009520174328442074,
				-0.0006241568513707647,
				-0.0007551947371145285,
				0.0005699515379768061,
				0.0003529953527023732,
				0.0007804067719013495,
				0.0008884750299329482,
				-0.0007234823156327635,
				0.0005308200723553086,
				0.0003973991689104532,
				0.0005753928131497176,
				0.0003940324669761859,
				-0.0009180890052245907,
				0.0009650253783367408,
				-2.593839095500728e-05,
				-6.888103659422669e-05,
				-0.00016445288637423295,
				0.0005366978189362561,
				0.000958416953830732,
				-0.0006651825771767717
			],
			[
				-0.0009370872802570967,
				0.0004910410569099958,
				-0.00043362939973597353,
				-0.00040085876664062363,
				-0.00044269818740295876,
				0.0006816177990429629,
				-0.0008485586999612964,
				-0.0008532330903412797,
				-0.00023918287704474326,
				-0.0007313893136328222,
				-9.008398256375911e-05,
				0.0009801147649407993,
				0.00031987350244250473,
				0.000761591194661654,
				0.0005965157560447836,
				0.000607680138460376,
				-0.0006986273113003048,
				2.981186281366321e-05,
				-0.0008004949622384292,
				3.568658475401761e-05
			],
			[
				-0.000617986265714487,
				0.0009498113570414102,
				0.00021995975273492,
				0.000979883750611627,
				0.0006797510069878193,
				0.00022887412671852392,
				-0.000287767304583052,
				0.0006467295552828034,
				-0.0007379755323540505,
				-0.00020235716352039624,
				0.00032565208882538504,
				0.0007534943132383647,
				-9.224743701605794e-05,
				-0.00038983807808437663,
				0.0009100562760138515,
				0.0003565151752563157,
				0.0003257514259092265,
				-0.0005732222109089157,
				-0.000617638408692922,
				0.000556923736979539
			],
			[
				-0.0002164513445280969,
				-0.0002752128274434296,
				-0.0008175360281998383,
				0.0009087154995530661,
				0.0006168237299596538,
				0.0006806388453117923,
				0.0009057763603312651,
				-0.0009077677388705989,
				-1.907235861083197e-05,
				-6.267795522631387e-05,
				-0.0006305977290153931,
				0.0009920536226857048,
				0.0004964980114148527,
				-0.0004939971153387562,
				-0.00023665013906734882,
				-0.00013692981789718633,
				0.0007322694231098972,
				-0.0009233240796646738,
				-0.00020002430982779247,
				-0.0009076973058730975
			],
			[
				-0.000887836790543885,
				-0.0002473489777164346,
				-0.0009473388537605172,
				0.000534692314511361,
				0.0003930668950782028,
				0.0002858864150302224,
				0.0009251767983138065,
				0.0003804648393176092,
				-0.0008213077031822236,
				0.0002672963796768145,
				0.0004590356847928869,
				0.0005708605157253401,
				-0.0006854903771495999,
				7.553947104298989e-05,
				0.0006774472301201153,
				0.00037089169293643906,
				-0.000782300348371305,
				0.0003822517799812546,
				-0.0007284408301037415,
				0.0007380050890275177
			],
			[
				-0.0006426846957512859,
				-0.0008231983861942927,
				-0.0009388924979740817,
				0.0002861910405463203,
				-0.0004890588692355402,
				0.0007984315198761556,
				0.0002912290952920649,
				0.0005319137047149084,
				5.45781921828907e-05,
				-0.0009018138535808019,
				3.674794885012277e-05,
				-0.0008054916447505339,
				-0.0003773613312898754,
				-7.768760923785884e-05,
				-0.0003403739211279475,
				-0.00014268768276765357,
				-0.000795887830796556,
				-0.0007918576828048838,
				-0.0003481167296344194,
				-0.00044397100193194845
			]
		],
		[
			[
				4.15268158633921e-05,
				0.00028489708830364315,
				0.00010297208305294972,
				0.0008697784619047938,
				-0.0005092148848025387,
				0.00033655583999416113,
				0.0008037228616627106,
				-0.0007850436329733979,
				0.00011783926767341166,
				-0.0009140921292907476,
				0.00032517778966201726,
				-2.8591177617259995e-05,
				0.00032821085691067653,
				0.0005133779239581652,
				-2.8493304338524745e-05,
				-0.0009274797520447466,
				0.0005417343360885926,
				-0.0005597391902793431,
				0.0003676481457506977,
				-0.0008345154040809291
			],
			[
				-0.0001523892421958806,
				0.00034039117130510205,
				6.188063762053867e-06,
				0.0002792591323706867,
				-7.365542626616792e-05,
				-9.088419230625843e-05,
				0.0008561910781115965,
				0.0007214994734088224,
				-0.0007158350521254595,
				0.0006056270287430998,
				0.00032928062173988954,
				5.657317591216057e-05,
				-0.0007338459400648929,
				-0.0008636089777911574,
				-0.0003180202649162449,
				-0.0007749193336630458,
				-0.00013759579855859632,
				0.0005326784656688418,
				-4.48423539013967e-05,
				-0.0006104623938981371
			],
			[
				8.92375349698148e-06,
				0.0006171854028785681,
				0.00043411963825050926,
				-0.0004928768310857465,
				-0.00042641739666585284,
				0.00033600200930181123,
				-0.0005750572354146217,
				-0.0003535523232045412,
				0.000906167561688191,
				-3.251932775470072e-05,
				-0.00029813237900597623,
				-0.0006916524560593958,
				-0.0004088571614520955,
				-0.00025125555439657024,
				0.0009863508197181067,
				0.0008100374349803809,
				-0.0006453444021152031,
				0.000791622427707481,
				-0.0003798692091364908,
				-0.0003378575593205753
			],
			[
				-0.0002886087277167113,
				5.3434337038014024e-05,
				0.00028472516787466013,
				-0.0008033541261028898,
				0.00017343740370048496,
