{
	"model_params": {
		"input_dim": 10,
		"units_per_layer": [
			20,
			2
		],
		"acts": [
			"tanh",
			"identity"
		],
		"init_type": "uniform",
		"batch_size": 16,
		"decay_rate": 0.95,
		"decay_steps": 500,
		"epochs": 700,
		"lambd": 0,
		"limit_step": 500,
		"limits": [
			-0.001,
			0.001
		],
		"loss": "squared",
		"lr": 0.001,
		"lr_decay": null,
		"metr": "euclidean",
		"momentum": 0.4199289601348085,
		"reg_type": "l2",
		"staircase": false
	},
	"train_params": [],
	"weights": [
		[
			[
				-0.0009944577845618133,
				-0.00040870380370023707,
				2.0363348676233524e-05,
				-0.00019603760630457765,
				-0.00023584762074923952,
				-0.00012368520890988766,
				-0.0005431290231033506,
				-3.299156067931299e-05,
				0.0006504644188180526,
				0.00031754132552325827,
				0.0008637652232902661,
				0.0005744198471977107,
				0.00042674792612384265,
				0.0006199402200747035,
				0.0002838550231692397,
				0.0009458472700415207,
				0.0006119090464140637,
				-0.000379560459343917,
				0.0008292207895519222,
				0.0003263924152220692
			],
			[
				-0.00018063790002966558,
				-0.00041691306058147905,
				0.0008666405065053916,
				0.0005280931698541146,
				1.7183571051183812e-05,
				0.0006570328448516096,
				-0.0007056226066277464,
				0.0005976181977299336,
				0.0001947647488202901,
				4.120830672634792e-05,
				-0.00014504140730877118,
				0.0007675729984061479,
				0.00046925202004372544,
				0.0006102565324628704,
				0.0008125873412962253,
				0.0009314358326103611,
				-0.00023013978759624763,
				-0.00015007850694528306,
				0.0005869199728052257,
				-0.00033780124469952777
			],
			[
				0.00029569521515844586,
				0.0008394114049910398,
				-0.000544195722558797,
				0.00038546235212418337,
				-0.00010740004912410854,
				-0.000815726452471141,
				-0.0004660068774435715,
				0.000585263680424239,
				-0.0007057659335046843,
				0.00045107476098979016,
				-0.0005278490942271859,
				-0.00031011706840044617,
				0.0004410299018425233,
				0.0007930925261759472,
				-0.000545610444762203,
				-0.0003677900186832366,
				-0.0009015607863244855,
				-0.0007221067548039254,
				0.0008945619632207684,
				-0.00029290817761868835
			],
			[
				0.0006424142433920934,
				0.00013422113387809233,
				0.0008831584479491734,
				-0.0009647988235017069,
				0.0005463527521926668,
				0.0007429803985264617,
				-6.3231162147395735e-06,
				0.0007457950781108455,
				-0.0006010931653097793,
				0.00026696535608073356,
				-0.000859085551411923,
				0.0003306068808165497,
				0.0005917102570581554,
				-0.0003752638230943912,
				5.875431678619824e-05,
				-0.0004036730026268975,
				0.0006480983343980149,
				0.00011880466732910508,
				-0.0005407449452771147,
				-0.0007798486694955615
			],
			[
				0.00021438653525649083,
				0.0003133592103883229,
				0.0004089255220626408,
				-0.0006079019845202562,
				0.0004894133682125717,
				-0.00015861872625739745,
				-0.0002125369903147931,
				0.00029792219487271405,
				6.9612808643755835e-06,
				-0.00011140819923637177,
				-0.00018310936701454743,
				-0.0009968301912399956,
				0.0009301309947444194,
				-0.0007728347605025246,
				-0.0006134145521387642,
				-0.00030058205759558464,
				-0.0008574780247282126,
				-8.772212848593905e-05,
				0.000980256935825292,
				-0.0009210197345482481
			],
			[
				0.0007304641482359312,
				-0.0001942881997553758,
				0.0004815084374330989,
				0.00043169818494785185,
				-0.0006116307612114955,
				-0.0008728701166200261,
				6.345599496777247e-05,
				0.00042718410060816,
				-0.0001164696669331939,
				0.000557477968576152,
				-0.0008102318414303496,
				-0.0006783364235582912,
				-0.0009424738177408636,
				0.000295981169162139,
				-0.0006943443084828698,
				-0.0006308145282218802,
				0.00047176601542783217,
				0.0008046822940591324,
				-0.00012239193581045063,
				-0.00079444751766803
			],
			[
				2.5182683466728637e-05,
				0.0003916007216993747,
				-0.00047950591792392033,
				0.0005827856051157296,
				0.0009705875048663191,
				-0.00023485783956808453,
				-0.0009227634168356562,
				-0.0006413737749469148,
				-0.0009321419062403682,
				0.00027982754023646414,
				-0.0008718842433251141,
				-0.00018932650624671596,
				-1.6704574943296078e-05,
				-0.0006480172219075736,
				0.00035789529996008824,
				-0.0004690189533163099,
				0.0003509978990392526,
				-0.0004042123392232189,
				0.0004990478077008843,
				-0.00030304402643936744
			],
			[
				-0.0006838697087883118,
				-0.0009275905674737058,
				0.0005851057262946657,
				-0.00030983477652800004,
				-4.202474518707523e-05,
				0.00031886073185868197,
				0.00020120303796626712,
				0.0009937679903532603,
				0.000969654378661906,
				0.00023017409954624092,
				-0.00026692863189478676,
				5.691026709255778e-05,
				-0.00042040602417813314,
				0.0003420000742225145,
				0.0008096409726366962,
				0.00011424762879802802,
				-0.0009417459825779735,
				-0.0009164844292614884,
				-2.4837421527590386e-05,
				-0.0004151013246707845
			],
			[
				0.0009417932234331919,
				0.000233471191189046,
				0.0005146197485263032,
				0.0004181710834587637,
				-0.0009663433355240665,
				-0.0007881870680625259,
				0.0007025537380976989,
				0.0006195179021863623,
				-0.0005529214494229413,
				-0.0005257831457140729,
				0.0007881885834354484,
				8.317531185840087e-05,
				6.392824118863025e-06,
				-0.00036493493986032544,
				-0.0006083036948755902,
				-0.0005847651419700209,
				-0.0001380668312658648,
				-0.000803468165836773,
				0.0006464098469313819,
				0.0007861342553477037
			],
			[
				-0.0005740857343969415,
				-0.0008554464878703319,
				0.0006419927385633872,
				0.00093740508709076,
				4.7969227412220485e-05,
				-0.000331963348471819,
				-0.0006244247339247013,
				-0.000476759830086104,
				0.00042850371948389954,
				-0.0004430184542067217,
				-0.0008078629505548811,
				0.0007999951860934358,
				0.0007261549282957989,
				-0.0009284618800841087,
				0.0007946237146391943,
				0.0002532973867619224,
				0.0006560692691349212,
				0.0008825151669515352,
				0.00082682475408714,
				0.0005607700252806078
			]
		],
		[
			[
				0.00014463716393040525,
				-0.0003375493001627574
			],
			[
				-0.0006227727869539553,
				-1.1805528798679906e-05
			],
			[
				-0.0009114627319558897,
				-0.00018702346015988722
			],
			[
				-0.00027475977410469925,
				0.0004207492221218576
			],
			[
				0.0006707070589873449,
				-0.0004511511182269521
			],
			[
				-0.0007357826110924302,
				0.0006928776305826952
			],
			[
				-0.0002025237103725219,
				-0.0002461882467758006
			],
			[
				0.0009560429015109733,
				-0.0001861909834750446
			],
			[
				-0.0003614458826529048,
				-0.00024036523541546022
			],
			[
				-0.0009064365481288199,
				0.0004998662511478138
			],
			[
				-0.0009289133569634067,
				0.0005034914336863889
			],
			[
				-0.00013165123014002584,
				0.0008532707794417205
			],
			[
				0.00038677794833668786,
				0.0008508844022795628
			],
			[
				-0.0005483762725498617,
				-0.0007626735949764709
			],
			[
				-1.856155166937148e-05,
				-0.00039947245572213657
			],
			[
				-0.00026745401851187344,
				0.00023296371044408994
			],
			[
				0.0005110807921096634,
				0.0003141113992242888
			],
			[
				-1.4854825242731481e-05,
				0.00022246098318312309
			],
			[
				0.000576106704813879,
				-0.0008298826277119804
			],
			[
				-9.48574810201657e-05,
				-0.0006342212253611313
			]
		]
	]
}