{
	"model_params": {
		"input_dim": 10,
		"units_per_layer": [
			20,
			20,
			2
		],
		"acts": [
			"tanh",
			"tanh",
			"identity"
		],
		"init_type": "uniform",
		"batch_size": 100,
		"decay_rate": 0.95,
		"decay_steps": 500,
		"epochs": 150,
		"lambd": 0,
		"limit_step": 500,
		"limits": [
			-0.001,
			0.001
		],
		"loss": "squared",
		"lr": 0.00891214076925288,
		"lr_decay": null,
		"metr": "euclidean",
		"momentum": 0.6,
		"reg_type": "l2",
		"staircase": false
	},
	"train_params": [],
	"weights": [
		[
			[
				0.0004982002165994904,
				-0.000544822254049579,
				-9.292138873570079e-05,
				0.0006970787360145354,
				0.00051231778504367,
				0.0006510331516411778,
				-0.0009179115110099437,
				-0.0008831184941242934,
				-0.0007977475816780722,
				0.0009475213441744205,
				0.0008730046133070318,
				0.0004337107304951968,
				0.0005140234259322048,
				3.287614798594299e-05,
				0.00011271906437131584,
				0.00020428317045792358,
				0.0004130126511224556,
				-0.0008094990819398847,
				-0.00041804776359954476,
				0.0009750933318104366
			],
			[
				0.000544481517577857,
				0.000979105784612197,
				-5.308514797777502e-05,
				0.0006982553640475886,
				-0.00055003495422286,
				4.163654085433187e-05,
				-0.0007505894104328124,
				0.0007914985472719815,
				-0.0006313587862505392,
				-0.0002774402184670704,
				-0.00020417184185925956,
				-0.0007714964754980158,
				0.00010623217272390456,
				0.000498274372805475,
				-2.668020763984798e-05,
				0.0007767283639296284,
				0.0007099016311677422,
				0.00020188827716054788,
				0.0007286377963464203,
				0.0006878374379473038
			],
			[
				0.00042482437978652674,
				-0.0008697163104732349,
				-0.0007107027003004356,
				0.0008062068026802912,
				0.000812736986703531,
				0.000854178317217248,
				-0.0005994488173866525,
				-0.00013073498886826654,
				0.0005490637843750148,
				0.00016643775203024317,
				0.00018686668215094613,
				-0.0005473012353197936,
				-0.0004100013238839311,
				-0.00024935133936734876,
				-0.0006663496872487554,
				-0.0009229345623244047,
				0.0007296839468944371,
				0.0008395562511946957,
				-0.00035054534149119726,
				0.00018166020895959804
			],
			[
				0.00020594161680398035,
				-0.00019355693068863066,
				-0.0002997565344607041,
				0.0007790442400959507,
				0.0007276147103028071,
				0.000632619131455454,
				0.0009299383988587977,
				-0.0004970614695061711,
				-0.0002323757913740112,
				-3.674727901533672e-05,
				0.0004106927639786946,
				0.0008410454248589864,
				-0.00016754992367061104,
				9.855732258833385e-05,
				0.00033665996243326525,
				0.0004537696498101277,
				-0.0004142182047565488,
				-0.0004409951624793542,
				-0.000326759173639615,
				0.0005574316777700356
			],
			[
				-0.0009425363278874601,
				3.108225774033535e-05,
				-0.0005978814289681058,
				-0.000996589205063591,
				0.00018733517639344722,
				0.0004514696988621278,
				0.0006770265735298194,
				0.0008593921915786575,
				0.00014641453759658908,
				0.0005070335333838994,
				-0.00023683347691796648,
				0.0008611939454901305,
				-0.0001409301064150579,
				-0.0004389724657195311,
				0.00012246549502364056,
				0.0009203808088529563,
				-0.0006482733537255096,
				-0.0009826531358386515,
				8.173008921943058e-05,
				-0.0008236480368469934
			],
			[
				0.0007363257690074139,
				-0.0002794371517342045,
				-0.00015036748256264804,
				0.0002659386667103914,
				-0.0002643970050068156,
				-0.00018442106349271373,
				-0.0009705353096162746,
				7.989435210631638e-05,
				0.0004659516477118677,
				0.0009567666142584904,
				-0.00030972047087395363,
				0.0006515058867237707,
				0.000742835419123793,
				-0.0006043813581645063,
				0.0009379333908080658,
				0.000859812934646326,
				0.0007467548560507978,
				-0.0002511305068590157,
				0.00031983492248018703,
				-0.0008981006673520808
			],
			[
				-0.000732849275271831,
				0.0005709372743085423,
				0.0009647010084546182,
				-0.0006340942912020135,
				-8.893092537216125e-05,
				0.0008321780260626915,
				0.0003942376699426749,
				0.0008460853441161606,
				0.0006153087736625296,
				-0.0009431599355906974,
				-0.0005202981037048206,
				0.0009501917314322496,
				0.00036034460409995893,
				-0.0006976038279654954,
				-0.0007430205320381886,
				0.0008036154782931422,
				0.0007109465394617093,
				-0.0007625244788292678,
				0.00031079585531132914,
				-0.0009804953985103949
			],
			[
				0.0001883299727973289,
				0.0009898671640566734,
				-0.00013557392952684053,
				9.500073031936773e-05,
				0.0009165808699835095,
				-3.429435806892925e-05,
				-4.4742075701076334e-05,
				-0.0005512250883661278,
				0.0007144429186149209,
				-0.0005733670829990283,
				0.0008202465254418391,
				0.0001004454522733234,
				0.00016920653255703393,
				0.00014152798395714104,
				0.0008054906583902658,
				-0.0004387538323100832,
				-0.0009159683203999892,
				0.0001825885471271459,
				-0.0006619492551751466,
				-0.0004637096846602009
			],
			[
				-0.00020848754635024178,
				-0.0006306747320942286,
				-0.00033148587479347167,
				0.0002561811026829846,
				0.0002791231907158993,
				0.0009616616462683829,
				-0.0008404709743496615,
				-0.0009255950847197763,
				0.0004887408683137851,
				-0.0004497313565355565,
				-0.00021033773543538946,
				-0.0008133480464728188,
				0.0008263145324514346,
				-0.00020895365961323394,
				-0.0007493050620645634,
				-0.0005171036428286513,
				-0.0008985413614249174,
				0.0005624161071951642,
				-0.0007852620896877804,
				-0.0008593021950423286
			],
			[
				0.00012177911784624885,
				-0.00021473360767847735,
				-0.00041544187211057506,
				0.0005079122472267314,
				0.00014521573409602613,
				-0.00015035219863700178,
				-0.0005286592739353812,
				-0.0008100643874744376,
				0.0008601713406014557,
				0.0009156574552984407,
				0.00082285793377132,
				-0.00012219731853162783,
				0.00032223829745421434,
				0.0006457300568584675,
				0.0005564271637898625,
				0.0008852857579498179,
				-0.0005368210761610786,
				9.883851788490832e-05,
				0.0007021101070720545,
				0.0009872737267055832
			]
		],
		[
			[
				-0.0003982787952191047,
				-0.0004056781569840768,
				0.0005596247103974114,
				0.0006132811533196849,
				-0.00030884480214144556,
				-0.0008325081857388679,
				0.0007144534147778187,
				-0.0006370840483415738,
				-0.00013140922170642023,
				-0.0008574214260174067,
				0.000969339521076642,
				0.00024395102102497783,
				-0.0007828780710270246,
				0.0005427409037322324,
				0.00038375378150990055,
				-0.0006909357135642411,
				-0.00027288073359238863,
				-0.00010975738247718939,
				-0.0005566923793623058,
				-0.0008922229428614272
			],
			[
				0.0009721159438602746,
				0.0003241642772070319,
				-0.0006153409550121523,
				3.846694763877129e-06,
				0.00048708414579159065,
				0.0007430532048567811,
				0.0001773061826688281,
				0.00011150432471407562,
				-0.0004877634500880479,
				-0.0007538363553281728,
				-0.0002492855713385478,
				0.0006437254312761183,
				0.0007731067133076009,
				0.00022316215320230853,
				-0.00023456343561946836,
				-0.00014412996647517713,
				-0.00041354525187189603,
				-0.0007053087349876534,
				-0.00030925074891218764,
				0.000548951244782881
			],
			[
				-8.924558667335882e-05,
				-2.4272004105087893e-05,
				0.00074445363543344,
				0.0008024514967769911,
				0.00024185984940183975,
				-2.9358655181750378e-05,
				0.000503226088993092,
				-0.0007463597504455514,
				0.0005210721684810258,
				0.0008602740117751473,
				0.000821809878483164,
				-0.0006288774757806982,
				0.0005802371448554639,
				-0.0006914557735568354,
				0.00030671387102159634,
				0.00027349176959964275,
				-0.000716164358461362,
				-8.338734445923173e-05,
				0.0005738434007060227,
				-0.0005511645879998073
			],
			[
				0.0008688032826880338,
				0.0009558068767138625,
				0.00034632106869190277,
				0.00035656694993970654,
				0.00039419404052690654,
