{
	"model_params": {
		"input_dim": 10,
		"units_per_layer": [
			20,
			20,
			2
		],
		"acts": [
			"tanh",
			"tanh",
			"identity"
		],
		"init_type": "uniform",
		"batch_size": 91,
		"decay_rate": 0.95,
		"decay_steps": 500,
		"epochs": 150,
		"lambd": 0,
		"limit_step": 500,
		"limits": [
			-0.001,
			0.001
		],
		"loss": "squared",
		"lr": 0.007185958238678252,
		"lr_decay": null,
		"metr": "euclidean",
		"momentum": 0.7977428112252327,
		"reg_type": "l2",
		"staircase": false
	},
	"train_params": [],
	"weights": [
		[
			[
				-0.0009921281819852393,
				0.000125245379277696,
				-0.000658356116293418,
				0.0009004683743889462,
				0.0005907636285855922,
				0.0007011883021682563,
				5.4395882950998824e-05,
				0.00029655233061501416,
				-0.0006954635241596268,
				-0.0001381292799102447,
				0.0009563938519800666,
				0.00036034268372734323,
				-0.000183105762969505,
				0.00022747013594621025,
				-0.0007999747768354835,
				-0.000984696152455389,
				-0.0006396013155060339,
				0.0007305270853168143,
				0.0004976975627113286,
				0.00022122509418022246
			],
			[
				0.00019599631726245517,
				0.00042501679728329826,
				-0.0003620359610361588,
				0.000787055357542175,
				0.00014967801243470353,
				-1.8267733784028744e-05,
				0.0006530150327971947,
				-0.00034601282889628693,
				6.141225493459758e-05,
				0.00033073200374460687,
				-0.00017079875612525486,
				-0.0004997501114479586,
				-0.0004839538459928092,
				-5.496737858263015e-05,
				0.0004506078670120793,
				0.0008957497521480486,
				0.0005798258499237741,
				-0.0003522654699280619,
				-0.0009784397297713926,
				0.0005315105833947195
			],
			[
				-0.0006469577772584005,
				3.3715622565870518e-06,
				0.00018311449538687178,
				-0.0005451110368760411,
				1.3833878085525069e-05,
				0.0009024306313002524,
				0.000991912637745825,
				-0.0005460972581631467,
				0.000541251270843941,
				0.0007534254835533498,
				-0.0005281422564216647,
				0.0006779479768117757,
				0.0008711055650365612,
				-0.0004934859532301128,
				-0.0008033088235883612,
				0.00011468474066210553,
				0.0007616393018456404,
				0.00017756539048583396,
				-0.00045805454080384816,
				0.0009281857934383925
			],
			[
				-0.0009041853151465214,
				-0.00040731576125383276,
				-0.00023861415200371967,
				-0.0008942339759636398,
				0.0004889003448109923,
				0.0003206977749997328,
				9.637371111757289e-05,
				0.0009262665654453763,
				-1.3198219531882546e-05,
				0.0002913685081493186,
				-9.646698029699594e-05,
				0.0007444775478943721,
				0.0009884085401203353,
				4.467837493140128e-07,
				-0.00014562088224361113,
				-0.00018513576890970816,
				0.000616560512883058,
				0.0003919480176641215,
				0.000524788356213641,
				-1.5670068025674467e-05
			],
			[
				-0.00037516379733249774,
				0.0003341017184657158,
				-9.750817577937787e-05,
				0.00011088021717853757,
				-0.0002317276274365523,
				-0.0006524133574623186,
				0.0008475431929088164,
				0.0006102809351518875,
				-0.0005059505405462643,
				0.00023951653086818746,
				0.0005026395287339401,
				9.531134977189054e-06,
				0.00025475152338071843,
				-0.0004034315745610839,
				0.0006659405979981274,
				0.0009357577825698676,
				0.0008250159543940817,
				-0.0009655926641236636,
				0.00043464943892816297,
				0.0007147578483464334
			],
			[
				-7.758496187653145e-05,
				2.4116588100123963e-05,
				0.0007468614209516827,
				-0.0005630741344775128,
				-0.0007753191830725417,
				-0.0009671642247449808,
				0.0005430235059192751,
				-0.0003801786921644128,
				0.000299900166375363,
				-0.00036204776617790226,
				4.587389008659827e-06,
				-0.000781193360447108,
				-0.00010515621170167737,
				0.0004411390266333317,
				0.0008285212430001541,
				-0.0003170023900804351,
				0.0005815076427992864,
				0.0009898218742420513,
				0.0002130303229039127,
				-0.00016482148523023165
			],
			[
				0.0003993247436764628,
				0.0006968094206809387,
				-0.0006023625684323095,
				0.0008224773171992791,
				0.0005566660538811128,
				-0.0007790296312373628,
				-0.0002515925351850765,
				8.650861593545705e-05,
				-2.5383793989465237e-05,
				0.000129595031885806,
				0.0004810873612774581,
				-0.000567907266522136,
				0.0009483848785807848,
				-0.0004744391293222374,
				0.00025440921280901925,
				0.0006181443099917839,
				0.0009818595795540509,
				0.00011279577336023301,
				-0.00036248272844878655,
				0.000796836284742871
			],
			[
				-0.000671561763043105,
				0.0007114844754401251,
				0.0002310336187515726,
				0.00032796698367554234,
				-0.00042706788446222204,
				-0.0007409964702192705,
				6.133380455847193e-05,
				-0.0002897565210573394,
				0.0005556014718909332,
				0.0008259936399727435,
				-0.0009060273821223195,
				0.00025384245591801276,
				-0.00021298646149363516,
				-0.0005520861285775458,
				-0.0004400628954385053,
				-0.00032744641041426844,
				0.0009347634137949032,
				9.968053713856604e-05,
				-0.0005092112680456784,
				0.0002515359880273357
			],
			[
				-0.0001839323403004838,
				-0.0007775345698030171,
				-0.00046291895208864055,
				0.00046901148667530626,
				-0.0003372698250271453,
				-0.0006492252340565175,
				0.0009664005452325853,
				0.0002507295233040879,
				0.0009973727311631004,
				0.0003240230444953335,
				-0.0002651714563746024,
				0.0003418213978800045,
				-9.982689027374363e-05,
				-3.9153746724757544e-05,
				-0.00020010895509370568,
				0.0008922913539418868,
				-0.0001237123104418931,
				0.0004914225781783136,
				0.00037911165384059333,
				-0.0008369576075700804
			],
			[
				-0.0002441843302647247,
				0.00024258105437050936,
				0.00029816600994236994,
				0.0009581377417559878,
				-0.0005902679038414696,
				-0.00023404571262860727,
				-0.0009819673096208349,
				0.0008798426782181154,
				0.0008576639839887915,
				-0.00011709473010699048,
				0.0003885943443886291,
				0.00043850526418919684,
				-3.773140228089994e-05,
				0.0004152953861575521,
				0.0007702774833693508,
				-0.0007343017670823946,
				-7.371714582976932e-06,
				9.264900896875324e-05,
				0.0008899729715398687,
				-0.0004404144980251323
			]
		],
		[
			[
				0.0007118768643759148,
				-0.0004202092829520066,
				0.0007328055067954231,
				0.0005254523874177294,
				-0.0009115435000945056,
				0.0003417415079847179,
				0.0007573297597185692,
				-0.0009760104419262763,
				-0.00015451409803413313,
				-0.0009157981472519732,
				0.00044596990702906237,
				0.0007711001143097867,
				0.0004981374651069107,
				0.0008548078651748417,
				-0.0007994952858310707,
				-0.00023857405253463492,
				-0.0009312457567244115,
				0.0005849015943519831,
				0.0006779962206605481,
				0.0006835504807353936
			],
			[
				0.0008745126231867416,
				-0.0007979256730283675,
				0.0003841173045256265,
				-0.00029492835561598736,
				-0.0006633715971887935,
				-0.0005244388880727093,
				0.0008511495237755553,
				-0.0003187680788508847,
				0.0006927974746901999,
				0.0004279046585044042,
				-0.000655801320075548,
				-0.0009868762822720977,
				9.682732514581182e-05,
				-0.0005414104732277747,
				-0.0008089325711892203,
				0.00011737322164552338,
				0.0007724913788718338,
				-0.0006425907576401411,
				0.0004839852621707633,
				-0.0008522063373291535
			],
			[
				-0.0009259611998440778,
				1.8793997327228636e-05,
				-0.0008956032849437644,
				0.0004816268959154564,
				-0.00037747118753240767,
				0.00016406854279233567,
				0.0008344635413135961,
				7.708932048088686e-05,
				0.0007524902974112584,
				0.0005452135909651589,
				0.0005210291202351219,
				-0.00039639300356585766,
				-3.074147955543793e-05,
				0.0008341568581915928,
				-4.362648510368092e-05,
				-0.0009139134401825489,
				0.00022357605628786788,
				0.0008770024620626986,
				-0.0005147111941254357,
				0.00025272277226590935
			],
			[
				0.0003615133728560474,
				-0.0007011234084512388,
				-0.0008554880827775349,
				0.0003213430048055006,
				-4.53576196374672e-05,
