{
	"model_params": {
		"input_dim": 10,
		"units_per_layer": [
			20,
			2
		],
		"acts": [
			"tanh",
			"identity"
		],
		"init_type": "uniform",
		"batch_size": 16,
		"decay_rate": 0.95,
		"decay_steps": 500,
		"epochs": 700,
		"lambd": 0,
		"limit_step": 500,
		"limits": [
			-0.001,
			0.001
		],
		"loss": "squared",
		"lr": 0.0021435193860245855,
		"lr_decay": null,
		"metr": "euclidean",
		"momentum": 0.6,
		"reg_type": "l2",
		"staircase": false
	},
	"train_params": [],
	"weights": [
		[
			[
				-0.0006245843781426215,
				0.00017019403617277943,
				-0.0004726321552131612,
				0.0007229005606253652,
				-0.00038307260395312203,
				-0.0007240901182196573,
				0.0005727139657032013,
				0.00048743201765202816,
				0.0006680570530290038,
				-0.0005406618390359831,
				0.0001639713283500446,
				-0.0005491912636675689,
				-0.0009418422976790881,
				0.00010442335197843552,
				0.0003444228900073038,
				-0.00019826518562098743,
				-0.0003272765634736623,
				0.0005002105531376456,
				0.0006660165777245043,
				0.0003839003408493166
			],
			[
				-0.00045610468344985545,
				0.0004227913875329745,
				0.0006302343277385088,
				0.00012079046727160765,
				0.000742047091480801,
				0.00012475855596648247,
				-0.0006635463518031848,
				0.0008758952558748216,
				0.0004633582206620072,
				-0.00013482065297475176,
				-0.0002333305777682162,
				0.0009151423750369564,
				-0.000352078992919312,
				0.00022232678189787513,
				-0.0003709919699517139,
				-0.0009826800299554581,
				-0.0008438064315641236,
				-0.0009933377672896062,
				-0.0009967247343881116,
				-1.8157695869442346e-05
			],
			[
				-0.00040445107300718906,
				-0.00011095062327216105,
				0.0008404040032786797,
				-1.3720217121103266e-06,
				0.0004442375282359774,
				0.0008076600116804456,
				0.0007505655018291803,
				0.0003822355114815909,
				-0.0005187547753227335,
				-0.00050580129400121,
				-0.0004581621285943924,
				-0.0005087238829127234,
				-0.000793159368600621,
				0.0003797820114768062,
				-0.0006413404299831797,
				-0.0006223111134508203,
				9.518717421707506e-05,
				-0.0007659372332635866,
				-0.0007426593280319442,
				0.0007751227460970945
			],
			[
				-0.0005442415724355307,
				-0.0002659122205873858,
				0.00040056339085308237,
				0.00041431799065768456,
				0.0002077713691585974,
				-0.0002727242879895526,
				0.0009259083741576912,
				0.00015058786533678073,
				-0.0005511299070779397,
				-0.0008942776321294181,
				0.0005271651986868996,
				-0.0009672655068118066,
				0.0005020324526838361,
				0.0006554520096212798,
				-0.00034091894981116684,
				-0.00013775999844378034,
				0.0009793384919420736,
				-0.00011482269015450602,
				-0.00015031681048507386,
				0.00028644604343302724
			],
			[
				0.0005101278572807216,
				0.0001726196988277725,
				8.030579552921837e-05,
				-0.0002497589848174602,
				-0.0006243794905272579,
				0.0008340709680440994,
				0.00026358227264930683,
				0.00016295434156143786,
				0.0007964516204567393,
				0.0006840803525147571,
				0.00011595979712726947,
				-0.0008158247997741767,
				0.0008213958074430869,
				0.00017606121115535376,
				-0.0005788625643892858,
				0.0005189427180625297,
				0.0009645902763629902,
				-0.00039588658849490724,
				-0.0003732164694254343,
				0.0004192304200114742
			],
			[
				0.0005637373884035261,
				-0.0005471521315828514,
				0.0006730854156938978,
				0.0008385096222174784,
				0.0005131934632551776,
				-0.00020154624618516225,
				-0.00022585421624105062,
				-0.0003805961862885541,
				0.00014985977644651517,
				0.0009590208709556909,
				-0.0005224214534177356,
				0.0006924012965688127,
				-0.00037104514939531683,
				0.00015936384158500723,
				0.0008121599703651645,
				0.0005276816127437354,
				-0.00017656482666226548,
				0.0008314979602794246,
				-0.0008394432813775677,
				0.00011030528777700708
			],
			[
				7.115970383263313e-05,
				-0.0004327868429861916,
				0.00012955554602830151,
				0.00019158433639971197,
				0.00043437265629761145,
				0.00034897320700399037,
				-0.0009243473719192528,
				0.000431905653482527,
				0.00023139842880696548,
				0.0006011456261996932,
				-0.0009314246269087787,
				0.00011262028477552642,
				0.0006499045458197973,
				-0.0005296117754784247,
				-0.0006884697522042385,
				0.0003753512247183942,
				-3.367779353858637e-05,
				-0.00037082572084790846,
				-0.0008267613416514608,
				-0.00013837452541290342
			],
			[
				-0.0004945454025733764,
				0.00075377449872642,
				0.0005964652373329792,
				-0.00017829916061212184,
				-0.000541097788667644,
				0.0006686848792785422,
				0.00024244388757577021,
				0.0007859068761544264,
				-0.0009997580850409722,
				-3.51384470147607e-05,
				0.0002992465914641324,
				0.0009673212979689591,
				-0.0003786477016432088,
				0.0005220431836812946,
				0.0005617822240881907,
				0.0007710101008565826,
				0.0004356452829687393,
				0.0003248622898908474,
				-0.0004952760884439278,
				0.0005200784249366386
			],
			[
				-0.00014013848624002052,
				-0.0007385984924002265,
				0.0004714055163880992,
				-0.0004107105319161692,
				0.00021889963347606592,
				0.0004895449975709076,
				0.0008795775334132585,
				0.000541431147256706,
				-0.0001489665400382854,
				0.0007316306878308713,
				-0.0001412947529600175,
				-0.0008880795470600287,
				2.1369096532324484e-05,
				0.0006338226085893057,
				-0.0006194731158482472,
				-0.0004547714337313141,
				3.204878076855074e-06,
				0.0006027223664153343,
				0.00046538327058705297,
				0.00026227770627039134
			],
			[
				0.00044800349018668095,
				0.0004663808983112203,
				-0.0005924503133087484,
				0.0007954370920068693,
				-0.0003174056053325998,
				-0.00010330236270903262,
				0.0003636959783893351,
				0.0005484072448943449,
				-0.000948291853897288,
				0.0004468209921273689,
				-0.0006052584613273787,
				0.00018014711214633136,
				-8.364546932240649e-05,
				0.0003704032532826807,
				-0.0003610858633299798,
				-0.00017833000661510363,
				0.0006358690484584151,
				0.000991092656148241,
				0.0007385400701042152,
				-0.0003332427815078713
			]
		],
		[
			[
				0.0005796524350481671,
				0.000312270500613124
			],
			[
				-0.00033429886226017213,
				-0.00014384114827114386
			],
			[
				-0.00043401742115323574,
				-0.00040664021195199317
			],
			[
				0.0003481842568536324,
				-0.000623381190272049
			],
			[
				0.0005843420754907459,
				-0.0005044876471716795
			],
			[
				-0.00038590442266132885,
				-0.00023813662585306014
			],
			[
				0.0004162301225415601,
				0.0003888445413977109
			],
			[
				0.0005279226585410087,
				-0.0008960057011372369
			],
			[
				-0.0002839462792541598,
				0.0006566918721092111
			],
			[
				0.0005537099903938545,
				-0.0003792956625621684
			],
			[
				-0.00028973151985207696,
				5.441661839187531e-06
			],
			[
				-0.00013173174230637886,
				0.00039109578340049654
			],
			[
				-0.0007599741381717166,
				-0.0001208072386415113
			],
			[
				0.0004653791252010545,
				-0.0007359929362217685
			],
			[
				0.000648697326807762,
				8.141602358680607e-05
			],
			[
				0.00023746263983299553,
				0.00013568114589377115
			],
			[
				-7.731326993473035e-05,
				0.0007839306711293847
			],
			[
				-0.0005772386718835675,
				0.000684863465722891
			],
			[
				-0.0008446386960156813,
				-0.0006976046340270525
			],
			[
				0.0006044300507846404,
				6.106946281430117e-05
			]
		]
	]
}