{
	"model_params": {
		"input_dim": 10,
		"units_per_layer": [
			20,
			2
		],
		"acts": [
			"tanh",
			"identity"
		],
		"init_type": "uniform",
		"batch_size": 16,
		"decay_rate": 0.95,
		"decay_steps": 500,
		"epochs": 700,
		"lambd": 0,
		"limit_step": 500,
		"limits": [
			-0.001,
			0.001
		],
		"loss": "squared",
		"lr": 0.0021435193860245855,
		"lr_decay": null,
		"metr": "euclidean",
		"momentum": 0.6,
		"reg_type": "l2",
		"staircase": false
	},
	"train_params": [],
	"weights": [
		[
			[
				-0.0001371138080192493,
				0.0009865939025008254,
				0.00012556197729673415,
				0.0004261463988405438,
				-0.0006549513424211142,
				-0.0008720877148140512,
				-0.0006910833746221565,
				0.0005976066510481744,
				0.0007566816959347215,
				-0.000727008986132448,
				0.0003324883763970727,
				-0.0005523339947206907,
				0.0004240486007854741,
				-0.0005243715432644582,
				0.0002105271052543962,
				-0.0008618422002823747,
				0.0006149894719268707,
				0.00014340511016911047,
				-0.0004824942431460584,
				-0.0007215795982859294
			],
			[
				-0.00025637263213856105,
				-0.0007573923146776838,
				8.65052092835232e-05,
				0.0009301093730578404,
				0.0001112190644820708,
				0.0007876970251969658,
				-0.0004050449772686344,
				0.0007184192713190767,
				-0.00031612725386815277,
				-0.0009141018666412469,
				0.000661146114400176,
				0.000889295928371486,
				-0.0007121517646576285,
				0.0007327369995182654,
				0.0005344652128014547,
				-0.0009361268567591026,
				0.0009456338351351637,
				-0.000800819584947239,
				0.0006465627192639945,
				-0.00022406978533402993
			],
			[
				0.00022460944483597054,
				-0.00045104909819637445,
				0.0005406095829354311,
				0.00026482799727179274,
				-0.0006697156596792058,
				-3.142813341015208e-05,
				-6.093244506593699e-05,
				0.00039963069592105016,
				-0.0007468766796552995,
				-1.8544001491542245e-05,
				-0.000777463348087251,
				0.0008921307179828419,
				-0.00023773414670901773,
				-0.0009418392987616366,
				0.00020574253906857458,
				0.0003432722356377217,
				0.0007500986688343263,
				-0.00047711351750668696,
				0.0007096955959336345,
				0.0009436273291614566
			],
			[
				-0.0008040366426719827,
				-0.00025954211973119314,
				-0.0008412745592708075,
				3.4116171277636005e-05,
				-0.000881637180768528,
				0.0004739302490203612,
				-0.0001818728094665021,
				0.0009171188313162521,
				0.0003376126015464905,
				-0.00020227915342260294,
				-0.0005222057592696488,
				0.00044217811384046493,
				-0.0007259602967224891,
				0.00045863562549612364,
				-0.00093479945317106,
				-0.0005676323300934418,
				0.0009306943385822147,
				-0.0005493154078649843,
				0.0008468543456562234,
				-0.000506498864342118
			],
			[
				-0.000941213866192987,
				-0.000376423527285493,
				-0.0007428624403905146,
				-0.0003902935878144424,
				-0.00048452408372942244,
				-0.0009428761613336363,
				0.0007267725804285718,
				0.00015953320896311494,
				-0.0005771534160612722,
				-0.0009861686024135612,
				0.00035490232168331436,
				-0.00011907534581064104,
				-0.0006379235161632131,
				-0.0007787307368016631,
				7.645730092237647e-05,
				0.0004647914785156264,
				-0.00013226366253642262,
				0.0004959801011675425,
				-0.0009969078701043959,
				-0.0008027908231962768
			],
			[
				0.0006471754731024917,
				0.0006427130184779274,
				0.000768181837897427,
				0.0002659880444445817,
				3.4992420059654994e-05,
				-0.0005049228705667695,
				0.0007345431418044211,
				-0.0008824088407207041,
				6.686768799879354e-05,
				-0.0003209357120461942,
				0.00015397611060945747,
				0.0007754301465952968,
				0.0006532165724909722,
				0.0003801300609963202,
				0.0007248082546682441,
				0.00016793411590259265,
				-0.0003803119067961627,
				8.158334755158352e-06,
				0.0001009388566060687,
				0.00021418000651767031
			],
			[
				0.0006683041069803373,
				-0.00041846927493794685,
				-0.0007081469984052565,
				-0.0006929509236206262,
				-0.00034455081908821186,
				-5.017383423330693e-05,
				0.0009919446370313992,
				0.0001407182338863484,
				-0.0007886936785180007,
				0.0008897658079565301,
				0.0008380632849426569,
				0.0005693401680791756,
				-0.00022957093752335074,
				0.0006665643480720056,
				-0.0009133374971420695,
				-0.0009682025934782484,
				0.00010862219194643754,
				0.0006468359789951433,
				-0.00010460303646364437,
				0.0006833081485854468
			],
			[
				0.0005769904841183393,
				-0.0009317955405813603,
				0.0004091429299705085,
				0.0007711245453384105,
				0.0009672467657556136,
				0.0006326547333474484,
				7.483222966811367e-05,
				0.00039657581361396063,
				9.26133231020827e-05,
				0.0006929992561470562,
				-0.0001112213028756781,
				0.0006587812489213464,
				0.000516110373776809,
				-0.00019662459672883806,
				-0.0008165281971818808,
				-0.0004939076797406244,
				-0.0007245308119128828,
				-0.0008118864218530124,
				-0.0002745542395981728,
				-0.0007499180140192155
			],
			[
				-0.0003516293530562316,
				-0.00030613739430244925,
				-0.0004669625193031917,
				-0.00023134227597309295,
				9.491268661358451e-05,
				-1.787412586465591e-05,
				0.00031429900323024537,
				0.0005200317986007738,
				0.0004952795170804303,
				0.000179422681422628,
				0.0004669606740628344,
				8.800213117018539e-05,
				-0.0003464888525678307,
				0.0005840594562721933,
				-0.0006349677981353918,
				-0.0006168845652026229,
				0.00047773940119533176,
				0.0003706586621943706,
				-2.5408283109324705e-05,
				-0.000639851381470792
			],
			[
				0.0009943363536930993,
				0.0009533329010475724,
				0.0008145382334412907,
				0.0003748758687604917,
				0.0009079525922345978,
				2.2177073257485976e-05,
				0.0008428726284695487,
				0.0003299868974525784,
				0.0006520082799292236,
				-0.0006716247043109431,
				-6.583935594801839e-05,
				-0.0009431170237826363,
				-0.0007723407754351977,
				0.0006968918777352296,
				-0.0001728650881729297,
				0.0007796718234621934,
				8.903128453757975e-05,
				0.0008029076647839298,
				0.0009790646549121943,
				0.00027217115375890067
			]
		],
		[
			[
				0.00011604693787882372,
				0.0006860363223034239
			],
			[
				2.2086621199002114e-06,
				0.0008104826032372164
			],
			[
				0.0004276504582525185,
				-0.000937297917619638
			],
			[
				-0.0006130104211913139,
				-0.0004615747766615148
			],
			[
				-0.0004115395685289938,
				-0.0006733702103588284
			],
			[
				0.0006498714901298711,
				0.0003447316044459564
			],
			[
				0.00012286679674114735,
				-0.0008882798613553209
			],
			[
				0.0003078793189672522,
				-0.0009303391715053673
			],
			[
				7.544445102897744e-05,
				0.00044410358839751924
			],
			[
				-0.0007407070167764214,
				-0.0002644229094222781
			],
			[
				0.00027120196743994065,
				-0.00011815340324937028
			],
			[
				-0.0005972540870621685,
				-0.000421374515539279
			],
			[
				-0.0009955175249873921,
				0.0005911259500948811
			],
			[
				-0.0007495883029159831,
				0.00039215773112811396
			],
			[
				-0.0003119720598144406,
				-0.0007721286775621489
			],
			[
				-0.0007865550156661222,
				-0.00017085093702107375
			],
			[
				0.0006967321871477544,
				0.000589717224833947
			],
			[
				-0.0009300510560390591,
				-0.00013615957514654298
			],
			[
				-0.00022588146678132024,
				-0.00021950674220384174
			],
			[
				0.0003086730490370602,
				8.15922210563604e-05
			]
		]
	]
}