{
	"model_params": {
		"input_dim": 10,
		"units_per_layer": [
			20,
			20,
			2
		],
		"acts": [
			"tanh",
			"tanh",
			"identity"
		],
		"init_type": "uniform",
		"batch_size": 100,
		"decay_rate": 0.95,
		"decay_steps": 500,
		"epochs": 150,
		"lambd": 0,
		"limit_step": 500,
		"limits": [
			-0.001,
			0.001
		],
		"loss": "squared",
		"lr": 0.01,
		"lr_decay": null,
		"metr": "euclidean",
		"momentum": 0.6,
		"reg_type": "l2",
		"staircase": false
	},
	"train_params": [],
	"weights": [
		[
			[
				0.0002546195959321402,
				-0.00014767492129936404,
				-0.0006573656399076249,
				-0.0008996634535692763,
				-0.00026226858142239836,
				-0.00025598770118328033,
				0.0007612932354543705,
				-0.0006280733153283342,
				0.00029298049522306327,
				0.0005942995575044987,
				0.0009413842572687356,
				-0.0007712995650865413,
				-0.0003876054310189476,
				0.0008269073141952642,
				0.0009523275965000865,
				0.00038382269680920216,
				0.0003009079906226709,
				0.00024249955004592328,
				-0.00035281163993253477,
				-0.0003919914755788101
			],
			[
				0.0009261890295815072,
				0.0009212494377372651,
				-0.0001909943659727185,
				0.0006320794315038253,
				-0.0004783783653474063,
				-0.0004687697334911382,
				-0.0005563576624539612,
				-0.000988079311503592,
				0.0007385018440235274,
				-0.0009933162771411934,
				0.0009050861571213448,
				-0.0009302177107417553,
				-0.000402803130847845,
				0.0009619332331067196,
				-0.0009881074605139863,
				0.0006510089697827524,
				0.0002523527609641157,
				-0.0005826936471771447,
				0.00016618247498999435,
				0.000820350553625517
			],
			[
				0.0008647283127517728,
				0.0003998215443722405,
				6.73177398098951e-05,
				-0.0009404238524767268,
				0.0008580089893060196,
				-0.00027457670844174657,
				-0.0009292985496876096,
				0.0005639550859346234,
				0.0003491915470595999,
				0.00039293049444604215,
				0.000789465408212962,
				0.0002237774561220727,
				-0.000690684073759847,
				-4.4520368681615335e-05,
				0.0007253896070895181,
				0.0005339119391595548,
				-0.00023816743258923978,
				-0.000957836288279547,
				0.0008356872782362492,
				0.0006620165647604416
			],
			[
				0.0009688033865065987,
				-0.00046690544026924965,
				-0.00036002635639867766,
				-0.0007701985690436599,
				-0.0007185390568868271,
				0.0004959506269873646,
				-0.00025831497953569143,
				0.0008242925576416021,
				0.00012078092551464172,
				0.00031635855464747886,
				-0.0008940297686763676,
				-0.0007877408089520632,
				0.0009947978283442109,
				-1.4796776375988101e-05,
				0.00026111771361462654,
				-0.0006642759306758483,
				-0.0007528856998421787,
				0.0003200964723246503,
				0.0007595237825135603,
				-0.0005132593488144837
			],
			[
				-0.00045200686087408417,
				-0.0005886335752101899,
				3.050230306749467e-05,
				-0.000779274301838754,
				-0.0007651752966485031,
				-0.0008518428588306945,
				-0.0002190097712979793,
				0.0003519992426962793,
				0.0007450686474134425,
				0.0004905754737452273,
				-0.0006563900822181514,
				0.0003127045740191651,
				-0.00010050435954950764,
				0.00011150636688641137,
				-0.00037596033242818106,
				0.0009596397335987633,
				0.0007539250814456403,
				-0.0006452676596534733,
				7.911143362496426e-05,
				-0.0009372388763633728
			],
			[
				-8.620697479150643e-05,
				-0.0003744393534612447,
				-0.000347289836339137,
				0.0002083992259864255,
				0.0008698038708776507,
				-0.0006764311772695659,
				0.0009856944051045312,
				-0.0005146779517720467,
				-0.000781700052398908,
				-0.0002849604768843608,
				-0.0006573775866944597,
				0.0005522146159564775,
				9.25550369525322e-05,
				-0.0009955892741637363,
				-0.0006072284650400373,
				-0.00020917148129471097,
				-0.00023272058770447423,
				0.00017679248921446825,
				-0.0007577316314791879,
				-0.00040626049470545756
			],
			[
				-4.163438099969753e-05,
				-0.0009121010033713435,
				0.0003450509259198891,
				-0.00015104812096353485,
				-1.6102851551216737e-05,
				-0.0005531730594864619,
				0.0004636836680243484,
				-5.433911412938317e-05,
				0.00026540800391340776,
				8.623639418619796e-05,
				0.0006218262667810482,
				-0.0003657812591710241,
				0.00038996333934776745,
				-0.0008689225286113505,
				-0.0007496634711014027,
				0.00030540152822642274,
				-0.0009397965050395494,
				-0.00047440424367992877,
				-0.0005901778538706911,
				0.00040848574195687494
			],
			[
				0.0004076958394772308,
				0.0002641992936317098,
				0.00018381406934337742,
				-0.0006432725164253492,
				-0.0007625893068085028,
				-0.0007629641441329403,
				0.00020255788427784292,
				-9.071159417531165e-05,
				0.0008865103610867886,
				-0.0009221280510600416,
				-0.00037148618515219823,
				0.00017208285648706578,
				-8.613303283754666e-05,
				0.0006546457886447204,
				-0.00036754828810904084,
				0.0007434881501229525,
				0.0008331520838736261,
				0.0009591051287803996,
				0.0007371648732010562,
				-4.0668441010495156e-05
			],
			[
				0.0003100686714694696,
				-0.0009207854632101147,
				-0.000413895991023437,
				0.0007658630320370079,
				-0.00014523904309997392,
				-0.000735889848462403,
				0.0008853652217436193,
				0.0008022119160765329,
				-0.000262009966448276,
				-1.1481229946756115e-05,
				0.0003633639770689028,
				0.000926526645402599,
				-0.0009644967560601676,
				0.00024340404471295428,
				-0.000633753982866753,
				0.0008750235068450858,
				0.0008394353368928744,
				0.0007416882905826505,
				0.00019652394243523216,
				-0.00019280199012168
			],
			[
				0.0006730201787328747,
				0.0004996099434783315,
				0.0007641150015673716,
				2.497333289785031e-05,
				-3.0481363712422872e-05,
				-0.00016737818417671677,
				0.00045205470484894843,
				-0.0005948504198371019,
				0.0009671374868373017,
				7.384014982828556e-05,
				0.0005649645261666708,
				0.0007134719990437356,
				-0.00013795645862296584,
				-0.00023277396889023923,
				-0.0003860964990864726,
				-0.0009626747073838424,
				0.00021534024809798102,
				-0.0009067894130417205,
				-0.0006520346775276673,
				0.00015653229847855852
			]
		],
		[
			[
				-0.0009607941893980778,
				-0.0005316482290969665,
				0.0006861266501373565,
				-0.0009115533240049483,
				0.00067442732625399,
				0.0002278204286105777,
				0.0007857625277508757,
				0.0007551127442421625,
				6.98981413585853e-05,
				0.00015547645722973008,
				-0.00016502498116864974,
				0.0007284072342199604,
				0.0007473980296399405,
				-3.3129989494434537e-06,
				-9.441461071067931e-05,
				-0.0006885044176396091,
				-0.000547595583432355,
				0.00022683151855829812,
				-0.0007342479107558393,
				-2.7678226487160462e-05
			],
			[
				0.0007955515937120323,
				0.000705249739485665,
				0.0001506000141184877,
				0.0004879295429294538,
				-0.00017002226324144658,
				0.0006145731111641079,
				-0.0008325146438082402,
				0.0005903368088712826,
				0.0005420734608588089,
				0.00032161715579493376,
				0.0005971765444720406,
				0.000662617615498295,
				0.0004951401183043022,
				-0.0005161015371837954,
				9.44857869842222e-05,
				-0.0002677331004291881,
				0.0005308627977312396,
				-0.000739009948369758,
				-0.0002844613395192383,
				0.0006453075536454014
			],
			[
				0.0009513351799632444,
				0.0002835206421954921,
				0.0008014797534407786,
				-0.0006410051215978735,
				-0.00015766059358474636,
				-0.00018677317932732436,
				0.00040012899404353805,
				0.0002680907595036877,
				-0.0006785648180038009,
				7.801995286069695e-05,
				0.0005215518434118574,
				-0.0009305646049363704,
				-3.713020897724167e-05,
				8.156309286889789e-05,
				0.0003115435566850575,
				-0.0009845478369443104,
				0.0006919453090678618,
				5.8628032497304566e-05,
				-0.000955466459824236,
				-0.00028792764800099
			],
			[
				0.00036087063742160715,
				-0.0005479608937632566,
				0.0003132349687083092,
				0.0005404166131784095,
				0.00030097837107294985,
				-0.0007300397588878875,
