{
	"model_params": {
		"input_dim": 10,
		"units_per_layer": [
			20,
			2
		],
		"acts": [
			"tanh",
			"identity"
		],
		"init_type": "uniform",
		"batch_size": 16,
		"decay_rate": 0.95,
		"decay_steps": 500,
		"epochs": 700,
		"lambd": 0,
		"limit_step": 500,
		"limits": [
			-0.001,
			0.001
		],
		"loss": "squared",
		"lr": 0.0021435193860245855,
		"lr_decay": null,
		"metr": "euclidean",
		"momentum": 0.6,
		"reg_type": "l2",
		"staircase": false
	},
	"train_params": [],
	"weights": [
		[
			[
				0.0007495467008075641,
				0.0002741229958342546,
				0.000400942578945975,
				0.0005917490131945955,
				0.000676715241950984,
				0.0004689894606540225,
				-0.0005722160123824947,
				-0.00014053617969760036,
				-0.0008857544857021225,
				-7.621935949502531e-05,
				0.0007748712923695649,
				0.00012480909109395338,
				2.6017079262983904e-06,
				-0.0004070369868928973,
				-0.0008015736304676124,
				-0.00016679576755125548,
				-0.0005752289647007334,
				-0.0003812923038232971,
				5.96349593786807e-05,
				-0.0007857960464052202
			],
			[
				-0.00010131129370665425,
				0.00029107975620808516,
				0.000527904779511731,
				0.0005537346419225118,
				-0.00040312671050729337,
				0.0001423715476991127,
				0.0006512436286871997,
				0.0001450471505085231,
				5.020036878854465e-06,
				-4.0645520443592046e-05,
				-0.0009882718763856255,
				0.000501905866650963,
				0.00038398730334077255,
				0.0005945225948089852,
				-0.00038044595283360616,
				-4.9802532202403616e-05,
				-9.725637892390624e-05,
				0.0005241197745235147,
				-0.0005718766345946771,
				0.00015374053689682613
			],
			[
				0.00043987444546327546,
				-0.0004862897995903513,
				0.0005908463062956444,
				0.0009659648199276043,
				3.024788716049693e-05,
				-0.00012567068000802627,
				-0.0005901375153908904,
				0.00026951591607604587,
				0.0002863045564291274,
				0.0008229848272997113,
				0.0006315679418454204,
				0.00024211453747086695,
				-0.0005365263585724447,
				0.0008202833500939304,
				0.0009451004718064998,
				-0.0006259084806639025,
				0.00022953716868717093,
				0.0001114807417622024,
				0.0005049236638928903,
				0.0008061153856625729
			],
			[
				-0.0005563939797307787,
				0.0005058811069539374,
				0.0005247052208415884,
				-0.00045895493528147144,
				0.0001528294048426485,
				-0.0008044231915480262,
				7.195993038704596e-05,
				-0.0005366744883839654,
				-0.00043470793301769327,
				0.0007859301663452924,
				-8.414464149338313e-05,
				-0.0008869943762235086,
				-0.00012549941206593611,
				-0.0009535533231308635,
				0.00031549400837511217,
				-0.0003805137276322526,
				-0.0004564696499833172,
				-0.0002986068382347469,
				-0.00025621838608014995,
				-0.000997183475190381
			],
			[
				0.0005412388917447318,
				-0.000656505888240232,
				0.0006739240907353377,
				0.00026009302365192274,
				-0.0009018772582369738,
				0.0007241619254216502,
				-0.0005459602443608237,
				-0.0007792710968925228,
				-0.0006456105504071467,
				-0.000444553973218577,
				-0.0005565958421697966,
				0.0005354371598801644,
				-9.788482073647489e-05,
				2.416908365637251e-05,
				0.0009806880299821409,
				0.0006945229773694308,
				0.00019665235949229082,
				-0.00016462552031287195,
				-0.0002607401120735546,
				7.260645785553302e-05
			],
			[
				-0.0008815208108278263,
				-0.0006231843959110379,
				0.0007980399385717366,
				0.00028001353618186254,
				0.0003664129088858366,
				-0.0007280118672727722,
				-0.00035562440739647606,
				-0.00032389794989788514,
				0.0004099654710504261,
				0.0004984122577680208,
				-0.00024063260563266886,
				-0.0005371898201730148,
				0.0008614461500481808,
				0.0005290735047952899,
				-0.0007769576921245696,
				0.0008555155696744041,
				-0.0009949249949010018,
				-0.0004640411343152051,
				0.0009126506546350726,
				0.0003737787364140532
			],
			[
				-0.00039227233834432634,
				-0.0007359714952710182,
				-1.3985630579503106e-05,
				0.000844020113238166,
				0.00036416404391066736,
				-0.0003005178657436181,
				0.0006444020570149623,
				0.0005291034477212389,
				0.0008951251000831062,
				-0.0009931437217511625,
				-0.0004920366379351553,
				-0.00017364747583273972,
				0.00039248287783434123,
				-0.0005088126017519481,
				0.00038535044551771974,
				-0.0009340925677345729,
				0.0009546578877873933,
				0.0004088878103805304,
				0.0009474294978762884,
				0.0008463634764566807
			],
			[
				0.0004195852922875831,
				-0.0006366359872021452,
				-0.0008823103783883457,
				0.0005777052904552727,
				-0.00030201907713860263,
				0.0004887039515844196,
				-0.0008771702702669295,
				0.0008256360024177648,
				-0.0004183366299082802,
				-0.0009087330725019076,
				-0.0005814108415514779,
				-0.00045573191862685895,
				0.0004954478370706287,
				-0.0008325618060589495,
				0.000768578838463154,
				-0.0003821838564569118,
				0.0007602713624635623,
				0.00013908544662969194,
				-0.0007042283675553893,
				-0.00015565334884397905
			],
			[
				0.0008797540836963872,
				0.00010103723169692749,
				-0.0007576965001978189,
				0.0005481837598198978,
				0.000697833581616159,
				-0.000930042314672247,
				-0.000296047874583798,
				7.40776889574116e-05,
				0.00019509748810615422,
				-0.0006377712934618694,
				0.000562753541042535,
				-0.0007813801560759711,
				0.0004799316565101872,
				0.00021019031037406658,
				-3.788208049514542e-05,
				0.0007603807059899778,
				-0.0006393862390837877,
				5.950299308221034e-05,
				0.0005803687909637025,
				-0.00030751868302409107
			],
			[
				-0.0004721838047809353,
				0.0002820755501149754,
				0.0002448169053930274,
				0.0009200912520065986,
				0.0007427383613517662,
				-0.0008308952036343414,
				0.0005425966834633369,
				-0.0007017519930863098,
				0.0006548557347773722,
				-0.0006000123556881441,
				-0.0007584424735920059,
				-0.00020175631137890734,
				0.0009048063589502174,
				-0.0008408479201479921,
				-0.0006937837159857352,
				0.0004956895780858929,
				0.0009716106536239249,
				-0.0006535252947290416,
				7.572983143301908e-05,
				0.0008645021236626355
			]
		],
		[
			[
				-0.0006536636224801815,
				0.0002401243608094396
			],
			[
				0.0004604271228816981,
				-0.0004724072324062238
			],
			[
				0.0007872654787738195,
				-0.0008404082922780505
			],
			[
				0.0005363077185426973,
				-3.076538276259536e-05
			],
			[
				-0.00019173618838514317,
				-0.00041083967754972474
			],
			[
				0.0001459347886438216,
				0.00021155674279944858
			],
			[
				-0.0005549286068194544,
				0.000949428833216264
			],
			[
				-0.0008529859935070816,
				-0.0007471408389171775
			],
			[
				2.7402626321082176e-05,
				0.0005415400342881284
			],
			[
				-0.00025178714850016394,
				-0.00041288156783142666
			],
			[
				0.00017004774854159394,
				-0.0004823220775317063
			],
			[
				0.0007852303169072696,
				-0.0006720407024658089
			],
			[
				0.0002470214658161576,
				-0.000922602585225857
			],
			[
				0.00011069685240039677,
				0.0009088196777421625
			],
			[
				0.000868361904162806,
				0.00047081642018422746
			],
			[
				0.000576170521709064,
				-0.00018395059065183658
			],
			[
				0.00020163826636087766,
				0.00029456371419855627
			],
			[
				4.371601514567493e-05,
				0.0001536444896868129
			],
			[
				0.0003671339451601532,
				-0.0007535686192895105
			],
			[
				-0.0005270035684156204,
				-0.0007240134251728471
			]
		]
	]
}