{
	"model_params": {
		"input_dim": 10,
		"units_per_layer": [
			20,
			20,
			2
		],
		"acts": [
			"tanh",
			"tanh",
			"identity"
		],
		"init_type": "uniform",
		"batch_size": 100,
		"decay_rate": 0.95,
		"decay_steps": 500,
		"epochs": 150,
		"lambd": 0,
		"limit_step": 500,
		"limits": [
			-0.001,
			0.001
		],
		"loss": "squared",
		"lr": 0.01,
		"lr_decay": null,
		"metr": "euclidean",
		"momentum": 0.6,
		"reg_type": "l2",
		"staircase": false
	},
	"train_params": [],
	"weights": [
		[
			[
				0.00041774114372753845,
				-0.0005153719142879667,
				0.0006530171854957063,
				-0.0005693061811478765,
				0.00016108476681214452,
				-8.866776908178498e-05,
				0.00020868884305044353,
				0.000286467834984098,
				6.359696197475611e-05,
				0.0003390522716606346,
				0.00016851521997050985,
				0.0002478368288655066,
				0.0005568088760406361,
				-0.0006265601422740762,
				0.0009039146898853199,
				0.0008507561372460156,
				9.139784410827027e-05,
				0.0003042665027230165,
				0.0002969483642349931,
				-0.0009011175346507261
			],
			[
				0.0009474835095150673,
				0.00037277773059910956,
				0.0005772228166815217,
				0.000827410472296409,
				-0.0007812459960168341,
				-0.0008869070251455111,
				-0.0006262964823596298,
				0.00022789231256432375,
				-0.000988026572260258,
				0.00020846155640246908,
				-0.0009151517687813935,
				0.000278432376995721,
				0.000324527540579464,
				0.0005419394938729223,
				5.782223658572184e-05,
				0.0007651178759863458,
				4.976729711204681e-05,
				-0.0003566057222179204,
				0.00044862147424346846,
				-0.000749671093669312
			],
			[
				-0.0003845844809036279,
				0.0006598695155837447,
				0.0002857574148909124,
				0.0005450636737182482,
				0.0006738746901197034,
				-0.00020597143268839238,
				0.0007217867547261668,
				-0.0004562346636390229,
				-0.0006203962879921465,
				-0.0007292229888480584,
				0.0006688068508034358,
				0.00023037118515112321,
				-0.0009231727329109652,
				-0.00030038505625221807,
				-0.0008753446609930469,
				-0.00011216217155189906,
				-0.0005818995397695488,
				-0.0009340557469716278,
				-0.000583586068392519,
				-0.0005852014000691768
			],
			[
				0.00016122835659163992,
				-0.0006309161117014894,
				-0.000991721060843655,
				0.0002995972750865826,
				0.0006884845183078787,
				-0.000623544418872013,
				0.00010503056047737316,
				-0.0009002650768689158,
				0.000372798422312572,
				0.00039068878750752765,
				-0.0008571573733023481,
				0.0009215451542762046,
				0.0004416980788178387,
				-0.0003957581451641554,
				-0.00016173762638422337,
				-2.516416460237637e-05,
				0.0008793094532649742,
				0.00044919949706983815,
				-0.0001411450677572232,
				0.0005922838156179806
			],
			[
				0.00047121763665318363,
				0.0006526813891150564,
				-0.0007802183514328805,
				-0.0007845111727058965,
				-0.00037627864106565224,
				0.00021909376043278473,
				0.0009402717519545211,
				0.00030506746841825623,
				0.00033089655585972545,
				0.0004187190241863015,
				-0.0008040924798799503,
				-0.0008379063884857516,
				0.0007764549960899685,
				2.406121987714614e-05,
				-0.0006680404459019616,
				-0.0009163048094474879,
				0.00011945486994966847,
				0.0002801323911105259,
				-3.2207045926326786e-05,
				-0.0005818055224972236
			],
			[
				-1.3917580330095837e-05,
				0.000872180052039837,
				-0.0009817010322069226,
				-0.0008091594626492068,
				-0.0008008822915902469,
				0.000552491347985894,
				-0.000575815357222443,
				-0.0005968098332669708,
				2.95559297125009e-05,
				-0.0008040096021928237,
				-0.0004090916366280311,
				0.000244959796608261,
				0.0003732710367070455,
				-0.0009488593486262436,
				-0.0005529510300354707,
				0.000292570770023507,
				0.0008094416975884084,
				-0.0007548376916715087,
				-0.0004575906661004654,
				0.0003877018543031938
			],
			[
				-0.0009566047783146332,
				-0.00045356456735631736,
				-0.00013523854532445886,
				0.0006587389868418464,
				0.0005739446452243148,
				-0.0009346513833799248,
				-0.0002934115512470459,
				0.0008658662370172232,
				-0.0009940949070456912,
				0.00020685138811413336,
				-0.0008329461392889415,
				0.00023510694490396248,
				0.0008855210248041407,
				-3.384299742767861e-05,
				-0.00042639366376851396,
				0.0007606079901242328,
				-0.0003773511883121872,
				0.0002499241875081905,
				0.000913471343301809,
				-0.0009168506241141321
			],
			[
				0.0007058952007100905,
				0.0006012461545051194,
				-0.0008341870270480727,
				-0.0001840039119290868,
				-0.0005830242728356634,
				-0.0006766332552071051,
				0.0003407652805407907,
				-0.0003342446401831165,
				-0.000664342791265438,
				0.00045883811102659746,
				-0.0004704121783932713,
				-0.00043572765374156816,
				0.0004547065015682906,
				0.0003881053522601218,
				-0.0006127000988048228,
				-0.0002525539740379619,
				-0.0005339104781901041,
				0.0006874621503231207,
				5.481246585638819e-05,
				-0.0005970758799926961
			],
			[
				7.927897717370166e-05,
				-0.0008857468855076234,
				-0.00021505469815796417,
				-0.0005816911382213914,
				-0.0008121222121866168,
				-0.00027493576700615317,
				-0.0006324455126965885,
				2.1955140835899084e-06,
				0.0009116277615509717,
				0.0008245539342026616,
				-0.000508616628202135,
				-0.0005456345701769354,
				-0.0007085794134709289,
				0.0004378092168462579,
				-0.0005354563535167529,
				-0.0003719212247619959,
				0.00013473810580999827,
				0.00012165289128291128,
				0.0003645640303212127,
				0.0005725665249634183
			],
			[
				-0.00033540193490463313,
				0.00041060876467815676,
				-0.00024529211582232247,
				-0.0001723613230653838,
				0.0008031319327523887,
				-0.00035087866847160543,
				0.0004192207370901544,
				0.0007485267421660543,
				-0.0009546741891549622,
				-0.0009376967546901518,
				-0.0006398638679434476,
				0.00048160743109757127,
				-0.0003513674178552322,
				0.0007201368421714898,
				-6.108871190427419e-06,
				0.0005457409086840315,
				-0.00042633126235682405,
				4.407522728445208e-05,
				0.0009428567745317087,
				0.0005395978392595277
			]
		],
		[
			[
				-0.0009931261021736,
				-0.0007943181189248707,
				0.0006793690344462095,
				-0.00013553455749678385,
				-0.0007527206127621453,
				0.00014009181623051412,
				0.0002402680058504437,
				0.0004989541887502902,
				0.0006048866721670427,
				0.0004979202980914879,
				0.0008930657926833553,
				0.0007538354457001042,
				0.0005318054364055408,
				-0.0006634217800723463,
				-0.00010694447072577497,
				0.0009482280583662708,
				-0.0009602110879785557,
				0.0003846527383402588,
				-0.00034347726191947907,
				-0.00026021411006116053
			],
			[
				-3.618823421224014e-05,
				-0.0009736413957000201,
				-2.269139908041588e-05,
				-0.0009454616816129449,
				6.015824502587225e-05,
				-0.00023156175093383565,
				0.0007669605358426692,
				-0.000909194215951164,
				6.47562005786969e-05,
				0.0002692410212045977,
				0.0004973400351448607,
				0.0008112081039008217,
				0.0005904126169477624,
				-0.0003697702943613546,
				0.00020602989892059328,
				-0.0003941576299331393,
				-0.0003894165365371632,
				0.0004673431878445835,
				0.00036675639837120645,
				-0.0001041814347983996
			],
			[
				-7.787190298580438e-05,
				-0.0006809236235227961,
				0.0007091543458198179,
				0.0008430030584159153,
				-0.0006049108280075269,
				0.00038203390958147583,
				0.0005985306947318746,
				0.0008651731727667377,
				0.0005764231155266782,
				-0.0001321185389895807,
				0.0001292137833466243,
				-0.0009049042086613295,
				0.0003175591390257458,
				-0.0003765071808151621,
				0.00010992183638118633,
				-0.0006462730229974312,
				-0.0006529800545514812,
				-5.625634514390019e-05,
				-0.00014648084171464302,
				-7.941411746485412e-05
			],
			[
				0.0009933465947845055,
				-0.0002269138348894368,
				0.0007181188027720669,
				0.0009081435437349396,
				0.0001695224257876164,
				-0.0009963031555963436,
