{"params": [{"units_per_layer": [4, 1], "acts": ["leaky_relu", "tanh"], "momentum": 0.7, "batch_size": "full", "lr": 0.1, "init_type": "uniform", "lower_lim": -0.1, "upper_lim": 0.1}, {"units_per_layer": [4, 1], "acts": ["leaky_relu", "tanh"], "momentum": 0.7, "batch_size": "full", "lr": 0.3, "init_type": "uniform", "lower_lim": -0.1, "upper_lim": 0.1}, {"units_per_layer": [2, 2, 1], "acts": ["leaky_relu", "leaky_relu", "tanh"], "momentum": 0.7, "batch_size": "full", "lr": 0.1, "init_type": "uniform", "lower_lim": -0.1, "upper_lim": 0.1}, {"units_per_layer": [2, 2, 1], "acts": ["leaky_relu", "leaky_relu", "tanh"], "momentum": 0.7, "batch_size": "full", "lr": 0.3, "init_type": "uniform", "lower_lim": -0.1, "upper_lim": 0.1}], "results": [[0.17104519476360294, 0.20116939418619822, 0.8226666666666667, 0.13033972703839933], [0.03258361005086259, 0.04954922940945802, 0.9119999999999999, 0.10552724766618336], [0.25655567569999777, 0.15701339350130072, 0.5740000000000001, 0.35730099356145095], [0.18374464536415971, 0.14606737702463893, 0.8956666666666665, 0.07390384142774838]]}